FFEEEEEEEEEEEEEEEEEEEEEEEEE                                              [100%]
==================================== ERRORS ====================================
_ ERROR at setup of test_t0_cross_image_isolation_and_hit_equivalence[qwen3.5-2b] _

fixturedef = <FixtureDef argname='harness' scope='session' baseid='.'>
request = <SubRequest 'harness' for <Function test_t0_cross_image_isolation_and_hit_equivalence[qwen3.5-2b]>>

    @pytest.hookimpl(wrapper=True)
    def pytest_fixture_setup(fixturedef: FixtureDef, request) -> object | None:
        if (
            fixturedef.argname == "event_loop_policy"
            and fixturedef.func.__module__ != __name__
        ):
            warnings.warn(
                PytestDeprecationWarning(_EVENT_LOOP_POLICY_FIXTURE_DEPRECATION_WARNING),
            )
        asyncio_mode = _get_asyncio_mode(request.config)
        if not _is_asyncio_fixture_function(fixturedef.func):
            if asyncio_mode == Mode.STRICT:
                # Ignore async fixtures without explicit asyncio mark in strict mode
                # This applies to pytest_trio fixtures, for example
>               return (yield)
                        ^^^^^

/home/bo/venvs/vllm-mm/lib/python3.12/site-packages/pytest_asyncio/plugin.py:924: 
_ _ _ _ _ _ _ _ _ _ _ _ _ _ _ _ _ _ _ _ _ _ _ _ _ _ _ _ _ _ _ _ _ _ _ _ _ _ _ _ 
conftest.py:229: in harness
    baselines = compute_baselines(spec, all_requests, workdir)
                ^^^^^^^^^^^^^^^^^^^^^^^^^^^^^^^^^^^^^^^^^^^^^^
_ _ _ _ _ _ _ _ _ _ _ _ _ _ _ _ _ _ _ _ _ _ _ _ _ _ _ _ _ _ _ _ _ _ _ _ _ _ _ _ 

spec = ModelSpec(key='qwen3.5-2b', hf_id='Qwen/Qwen3.5-2B', modalities=frozenset({'image', 'video'}), max_model_len=8192, gpu...gpu_utilization=0.0, mp_server_l1_gb=0.0, preemption_gpu_blocks=0, eviction_capacity_gb=0.0, answer_extract_pattern='')
requests = [MMRequest(key='t01-A', salt='t01', question='What is the dominant color of this image? Answer with exactly one word.'...rple',), max_tokens=8, needs_baseline=True, video_indices=(), ignore_eos=False, audio_indices=(), media_order=()), ...]
workdir = PosixPath('/tmp/mm27/s2_qwen35_2b/pytest-of-bo/pytest-0/mm_e2e_qwen3.5-2b0')
extra_engine_kwargs = {'mamba_cache_mode': 'align', 'enable_prefix_caching': True, 'max_num_batched_tokens': 544}

    def compute_baselines(
        spec: ModelSpec,
        requests: list[MMRequest],
        workdir: pathlib.Path,
        extra_engine_kwargs: Mapping[str, object] = _NO_EXTRA_KWARGS,
    ) -> dict[str, str]:
        """Run all baseline-needing requests on a plain vLLM engine (subprocess).
    
        Args:
            spec: The model under certification.
            requests: Requests to run; only those with ``needs_baseline`` run.
            workdir: Directory for the input/output JSON files.
            extra_engine_kwargs: Additional/overriding engine kwargs, so isolated
                scenarios get a baseline under the SAME scheduling config as the
                engine under test (must be JSON-serializable).
    
        Returns:
            Mapping of request key to generated text.
    
        Raises:
            RuntimeError: If the baseline subprocess fails.
        """
        todo = [r for r in requests if r.needs_baseline]
        # The baseline must run the same mandatory engine settings as the engine
        # under test (align mode changes the numeric regime; hf_overrides change
        # the model's geometry), so an output difference can only come from
        # LMCache.
        extra_engine_kwargs = {
            **spec_engine_kwargs(spec),
            **extra_engine_kwargs,
        }
        spec_json = {
            "model": spec.hf_id,
            "max_model_len": spec.max_model_len,
            "gpu_memory_utilization": spec.gpu_memory_utilization,
            "limit_mm_per_prompt": mm_limits(spec),
            "chat_template_kwargs": dict(spec.chat_template_kwargs),
            "extra_engine_kwargs": dict(extra_engine_kwargs),
            "requests": [
                {
                    "key": r.key,
                    "messages": r.messages(),
                    "max_tokens": effective_max_tokens(spec, r),
                    "ignore_eos": r.ignore_eos,
                }
                for r in todo
            ],
        }
        in_path = workdir / "baseline_in.json"
        out_path = workdir / "baseline_out.json"
        in_path.write_text(json.dumps(spec_json))
        runner = pathlib.Path(__file__).parent / "baseline_runner.py"
        proc = subprocess.run(
            [sys.executable, str(runner), str(in_path), str(out_path)],
            capture_output=True,
            text=True,
            timeout=3600,
        )
        if proc.returncode != 0:
>           raise RuntimeError(
                f"Baseline runner failed (exit {proc.returncode}):\n"
                f"stdout tail: {proc.stdout[-2000:]}\nstderr tail: {proc.stderr[-2000:]}"
            )
E           RuntimeError: Baseline runner failed (exit 1):
E           stdout tail: onfig=None, compilation_config={'mode': <CompilationMode.NONE: 0>, 'debug_dump_path': None, 'cache_dir': '', 'compile_cache_save_format': 'binary', 'backend': 'inductor', 'custom_ops': ['all'], 'ir_enable_torch_wrap': False, 'splitting_ops': [], 'compile_mm_encoder': False, 'cudagraph_mm_encoder': False, 'encoder_cudagraph_token_budgets': [], 'encoder_cudagraph_max_vision_items_per_batch': 0, 'encoder_cudagraph_max_frames_per_batch': None, 'compile_sizes': [], 'compile_ranges_endpoints': [544], 'inductor_compile_config': {'enable_auto_functionalized_v2': False, 'combo_kernels': True, 'benchmark_combo_kernel': True}, 'inductor_passes': {}, 'cudagraph_mode': <CUDAGraphMode.NONE: 0>, 'cudagraph_num_of_warmups': 0, 'cudagraph_capture_sizes': [], 'cudagraph_copy_inputs': False, 'cudagraph_specialize_lora': True, 'use_inductor_graph_partition': False, 'pass_config': {'fuse_norm_quant': True, 'fuse_act_quant': True, 'fuse_attn_quant': False, 'enable_sp': False, 'fuse_gemm_comms': False, 'fuse_allreduce_rms': False, 'enable_qk_norm_rope_fusion': False, 'fuse_rope_kvcache_cat_mla': False, 'fuse_act_padding': False, 'fuse_qk_norm_rope_kvcache': False}, 'max_cudagraph_capture_size': 0, 'dynamic_shapes_config': {'type': <DynamicShapesType.BACKED: 'backed'>, 'evaluate_guards': False, 'assume_32_bit_indexing': False}, 'local_cache_dir': None, 'fast_moe_cold_start': False, 'static_all_moe_layers': []}, kernel_config=KernelConfig(ir_op_priority=IrOpPriorityConfig(rms_norm=['vllm_c', 'native'], fused_add_rms_norm=['vllm_c', 'native']), enable_flashinfer_autotune=True, enable_cutedsl_warmup=True, enable_jit_warmup=True, enable_bf16x3_router_gemm=False, moe_backend='auto', linear_backend='auto')
E           INFO 08-26 10:15:06 [parallel_state.py:1640] world_size=1 rank=0 local_rank=0 distributed_init_method=tcp://10.2.201.16:37933 backend=nccl
E           INFO 08-26 10:15:07 [parallel_state.py:1977] rank 0 in world size 1 is assigned as DP rank 0, PP rank 0, PCP rank 0, TP rank 0, EP rank N/A, EPLB rank N/A
E           
E           stderr tail: utor = executor_class(vllm_config)
E           [rank0]:                           ^^^^^^^^^^^^^^^^^^^^^^^^^^^
E           [rank0]:   File "/home/bo/venvs/vllm-mm/lib/python3.12/site-packages/vllm/tracing/otel.py", line 178, in sync_wrapper
E           [rank0]:     return func(*args, **kwargs)
E           [rank0]:            ^^^^^^^^^^^^^^^^^^^^^
E           [rank0]:   File "/home/bo/venvs/vllm-mm/lib/python3.12/site-packages/vllm/v1/executor/abstract.py", line 109, in __init__
E           [rank0]:     self._init_executor()
E           [rank0]:   File "/home/bo/venvs/vllm-mm/lib/python3.12/site-packages/vllm/v1/executor/uniproc_executor.py", line 63, in _init_executor
E           [rank0]:     self.driver_worker.init_device()
E           [rank0]:   File "/home/bo/venvs/vllm-mm/lib/python3.12/site-packages/vllm/v1/worker/worker_base.py", line 331, in init_device
E           [rank0]:     self.worker.init_device()  # type: ignore
E           [rank0]:     ^^^^^^^^^^^^^^^^^^^^^^^^^
E           [rank0]:   File "/home/bo/venvs/vllm-mm/lib/python3.12/site-packages/vllm/tracing/otel.py", line 178, in sync_wrapper
E           [rank0]:     return func(*args, **kwargs)
E           [rank0]:            ^^^^^^^^^^^^^^^^^^^^^
E           [rank0]:   File "/home/bo/venvs/vllm-mm/lib/python3.12/site-packages/vllm/v1/worker/gpu_worker.py", line 396, in init_device
E           [rank0]:     self.requested_memory = request_memory(init_snapshot, self.cache_config)
E           [rank0]:                             ^^^^^^^^^^^^^^^^^^^^^^^^^^^^^^^^^^^^^^^^^^^^^^^^
E           [rank0]:   File "/home/bo/venvs/vllm-mm/lib/python3.12/site-packages/vllm/v1/worker/utils.py", line 419, in request_memory
E           [rank0]:     raise ValueError(
E           [rank0]: ValueError: Free memory on device cuda:0 (53.13/139.8 GiB) on startup is less than desired GPU memory utilization (0.6, 83.88 GiB). Decrease GPU memory utilization or reduce GPU memory used by other processes.
E           [rank0]:[W826 10:15:09.587831595 ProcessGroupNCCL.cpp:1624] Warning: WARNING: destroy_process_group() was not called before program exit, which can leak resources. For more info, please see https://pytorch.org/docs/stable/distributed.html#shutdown (function operator())

harness.py:1438: RuntimeError
---------------------------- Captured stderr setup -----------------------------
[32;20m[2026-08-26 10:14:31,078] LMCache INFO:[0m torch_dev=<module 'torch.cuda' from '/home/bo/venvs/vllm-mm/lib/python3.12/site-packages/torch/cuda/__init__.py'>, torch_device_type=cuda [3m(_device_detect.py:143:lmcache.v1.platform._device_detect)[0m
[33;20m[2026-08-26 10:14:31,079] LMCache WARNING:[0m lmcache.cuda_ops compiled extension not found; CudaDeviceOps stays on the torch baseline for all ops. [3m(device_ops.py:34:lmcache.v1.platform.cuda.device_ops)[0m
___________ ERROR at setup of test_t0_collision_pressure[qwen3.5-2b] ___________

request = <SubRequest 'harness' for <Function test_t0_cross_image_isolation_and_hit_equivalence[qwen3.5-2b]>>
tmp_path_factory = TempPathFactory(_given_basetemp=None, _trace=<pluggy._tracing.TagTracerSub object at 0x7f9537222d80>, _basetemp=PosixPath('/tmp/mm27/s2_qwen35_2b/pytest-of-bo/pytest-0'), _retention_count=3, _retention_policy='all')

    @pytest.fixture(scope="session", params=_model_keys())
    def harness(request, tmp_path_factory):
        """Session harness for one model: baselines + MP server + LMCache engine.
    
        The suite drives the multi-process deployment only (see the
        ``harness`` module docstring), so a cache server is started here and
        torn down with the harness.
        """
        from catalog import (
            audio_requests,
            catalog,
            cross_modal_requests,
            pressure_requests,
            video_requests,
        )
        from harness import (
            LMCACHE_TEST_CHUNK_SIZE,
            MMHarness,
            compute_baselines,
            configure_environment,
            start_mp_cache_server,
        )
        from specs import MODEL_SPECS
    
        configure_environment()
        # Fail loudly if `import lmcache` resolved outside this repo (see the
        # sys.path pinning at the top of this file).
        import lmcache
    
        lmcache_root = pathlib.Path(lmcache.__file__).resolve().parents[1]
        if lmcache_root != _REPO_ROOT:
            raise RuntimeError(
                f"lmcache resolved to {lmcache_root}, expected {_REPO_ROOT}; "
                "the suite would certify the wrong source tree"
            )
        spec = MODEL_SPECS[request.param]
        all_requests = list(catalog().values()) + pressure_requests(pressure_n())
        if "video" in spec.modalities:
            all_requests += list(video_requests().values())
        if "audio" in spec.modalities:
            all_requests += list(audio_requests().values())
        if {"image", "audio"} <= spec.modalities:
            all_requests += list(cross_modal_requests().values())
        workdir = tmp_path_factory.mktemp(f"mm_e2e_{spec.key}")
>       baselines = compute_baselines(spec, all_requests, workdir)
                    ^^^^^^^^^^^^^^^^^^^^^^^^^^^^^^^^^^^^^^^^^^^^^^

conftest.py:229: 
_ _ _ _ _ _ _ _ _ _ _ _ _ _ _ _ _ _ _ _ _ _ _ _ _ _ _ _ _ _ _ _ _ _ _ _ _ _ _ _ 

spec = ModelSpec(key='qwen3.5-2b', hf_id='Qwen/Qwen3.5-2B', modalities=frozenset({'image', 'video'}), max_model_len=8192, gpu...gpu_utilization=0.0, mp_server_l1_gb=0.0, preemption_gpu_blocks=0, eviction_capacity_gb=0.0, answer_extract_pattern='')
requests = [MMRequest(key='t01-A', salt='t01', question='What is the dominant color of this image? Answer with exactly one word.'...rple',), max_tokens=8, needs_baseline=True, video_indices=(), ignore_eos=False, audio_indices=(), media_order=()), ...]
workdir = PosixPath('/tmp/mm27/s2_qwen35_2b/pytest-of-bo/pytest-0/mm_e2e_qwen3.5-2b0')
extra_engine_kwargs = {'mamba_cache_mode': 'align', 'enable_prefix_caching': True, 'max_num_batched_tokens': 544}

    def compute_baselines(
        spec: ModelSpec,
        requests: list[MMRequest],
        workdir: pathlib.Path,
        extra_engine_kwargs: Mapping[str, object] = _NO_EXTRA_KWARGS,
    ) -> dict[str, str]:
        """Run all baseline-needing requests on a plain vLLM engine (subprocess).
    
        Args:
            spec: The model under certification.
            requests: Requests to run; only those with ``needs_baseline`` run.
            workdir: Directory for the input/output JSON files.
            extra_engine_kwargs: Additional/overriding engine kwargs, so isolated
                scenarios get a baseline under the SAME scheduling config as the
                engine under test (must be JSON-serializable).
    
        Returns:
            Mapping of request key to generated text.
    
        Raises:
            RuntimeError: If the baseline subprocess fails.
        """
        todo = [r for r in requests if r.needs_baseline]
        # The baseline must run the same mandatory engine settings as the engine
        # under test (align mode changes the numeric regime; hf_overrides change
        # the model's geometry), so an output difference can only come from
        # LMCache.
        extra_engine_kwargs = {
            **spec_engine_kwargs(spec),
            **extra_engine_kwargs,
        }
        spec_json = {
            "model": spec.hf_id,
            "max_model_len": spec.max_model_len,
            "gpu_memory_utilization": spec.gpu_memory_utilization,
            "limit_mm_per_prompt": mm_limits(spec),
            "chat_template_kwargs": dict(spec.chat_template_kwargs),
            "extra_engine_kwargs": dict(extra_engine_kwargs),
            "requests": [
                {
                    "key": r.key,
                    "messages": r.messages(),
                    "max_tokens": effective_max_tokens(spec, r),
                    "ignore_eos": r.ignore_eos,
                }
                for r in todo
            ],
        }
        in_path = workdir / "baseline_in.json"
        out_path = workdir / "baseline_out.json"
        in_path.write_text(json.dumps(spec_json))
        runner = pathlib.Path(__file__).parent / "baseline_runner.py"
        proc = subprocess.run(
            [sys.executable, str(runner), str(in_path), str(out_path)],
            capture_output=True,
            text=True,
            timeout=3600,
        )
        if proc.returncode != 0:
>           raise RuntimeError(
                f"Baseline runner failed (exit {proc.returncode}):\n"
                f"stdout tail: {proc.stdout[-2000:]}\nstderr tail: {proc.stderr[-2000:]}"
            )
E           RuntimeError: Baseline runner failed (exit 1):
E           stdout tail: onfig=None, compilation_config={'mode': <CompilationMode.NONE: 0>, 'debug_dump_path': None, 'cache_dir': '', 'compile_cache_save_format': 'binary', 'backend': 'inductor', 'custom_ops': ['all'], 'ir_enable_torch_wrap': False, 'splitting_ops': [], 'compile_mm_encoder': False, 'cudagraph_mm_encoder': False, 'encoder_cudagraph_token_budgets': [], 'encoder_cudagraph_max_vision_items_per_batch': 0, 'encoder_cudagraph_max_frames_per_batch': None, 'compile_sizes': [], 'compile_ranges_endpoints': [544], 'inductor_compile_config': {'enable_auto_functionalized_v2': False, 'combo_kernels': True, 'benchmark_combo_kernel': True}, 'inductor_passes': {}, 'cudagraph_mode': <CUDAGraphMode.NONE: 0>, 'cudagraph_num_of_warmups': 0, 'cudagraph_capture_sizes': [], 'cudagraph_copy_inputs': False, 'cudagraph_specialize_lora': True, 'use_inductor_graph_partition': False, 'pass_config': {'fuse_norm_quant': True, 'fuse_act_quant': True, 'fuse_attn_quant': False, 'enable_sp': False, 'fuse_gemm_comms': False, 'fuse_allreduce_rms': False, 'enable_qk_norm_rope_fusion': False, 'fuse_rope_kvcache_cat_mla': False, 'fuse_act_padding': False, 'fuse_qk_norm_rope_kvcache': False}, 'max_cudagraph_capture_size': 0, 'dynamic_shapes_config': {'type': <DynamicShapesType.BACKED: 'backed'>, 'evaluate_guards': False, 'assume_32_bit_indexing': False}, 'local_cache_dir': None, 'fast_moe_cold_start': False, 'static_all_moe_layers': []}, kernel_config=KernelConfig(ir_op_priority=IrOpPriorityConfig(rms_norm=['vllm_c', 'native'], fused_add_rms_norm=['vllm_c', 'native']), enable_flashinfer_autotune=True, enable_cutedsl_warmup=True, enable_jit_warmup=True, enable_bf16x3_router_gemm=False, moe_backend='auto', linear_backend='auto')
E           INFO 08-26 10:15:06 [parallel_state.py:1640] world_size=1 rank=0 local_rank=0 distributed_init_method=tcp://10.2.201.16:37933 backend=nccl
E           INFO 08-26 10:15:07 [parallel_state.py:1977] rank 0 in world size 1 is assigned as DP rank 0, PP rank 0, PCP rank 0, TP rank 0, EP rank N/A, EPLB rank N/A
E           
E           stderr tail: utor = executor_class(vllm_config)
E           [rank0]:                           ^^^^^^^^^^^^^^^^^^^^^^^^^^^
E           [rank0]:   File "/home/bo/venvs/vllm-mm/lib/python3.12/site-packages/vllm/tracing/otel.py", line 178, in sync_wrapper
E           [rank0]:     return func(*args, **kwargs)
E           [rank0]:            ^^^^^^^^^^^^^^^^^^^^^
E           [rank0]:   File "/home/bo/venvs/vllm-mm/lib/python3.12/site-packages/vllm/v1/executor/abstract.py", line 109, in __init__
E           [rank0]:     self._init_executor()
E           [rank0]:   File "/home/bo/venvs/vllm-mm/lib/python3.12/site-packages/vllm/v1/executor/uniproc_executor.py", line 63, in _init_executor
E           [rank0]:     self.driver_worker.init_device()
E           [rank0]:   File "/home/bo/venvs/vllm-mm/lib/python3.12/site-packages/vllm/v1/worker/worker_base.py", line 331, in init_device
E           [rank0]:     self.worker.init_device()  # type: ignore
E           [rank0]:     ^^^^^^^^^^^^^^^^^^^^^^^^^
E           [rank0]:   File "/home/bo/venvs/vllm-mm/lib/python3.12/site-packages/vllm/tracing/otel.py", line 178, in sync_wrapper
E           [rank0]:     return func(*args, **kwargs)
E           [rank0]:            ^^^^^^^^^^^^^^^^^^^^^
E           [rank0]:   File "/home/bo/venvs/vllm-mm/lib/python3.12/site-packages/vllm/v1/worker/gpu_worker.py", line 396, in init_device
E           [rank0]:     self.requested_memory = request_memory(init_snapshot, self.cache_config)
E           [rank0]:                             ^^^^^^^^^^^^^^^^^^^^^^^^^^^^^^^^^^^^^^^^^^^^^^^^
E           [rank0]:   File "/home/bo/venvs/vllm-mm/lib/python3.12/site-packages/vllm/v1/worker/utils.py", line 419, in request_memory
E           [rank0]:     raise ValueError(
E           [rank0]: ValueError: Free memory on device cuda:0 (53.13/139.8 GiB) on startup is less than desired GPU memory utilization (0.6, 83.88 GiB). Decrease GPU memory utilization or reduce GPU memory used by other processes.
E           [rank0]:[W826 10:15:09.587831595 ProcessGroupNCCL.cpp:1624] Warning: WARNING: destroy_process_group() was not called before program exit, which can leak resources. For more info, please see https://pytorch.org/docs/stable/distributed.html#shutdown (function operator())

harness.py:1438: RuntimeError
____________ ERROR at setup of test_t0_concurrent_batch[qwen3.5-2b] ____________

request = <SubRequest 'harness' for <Function test_t0_cross_image_isolation_and_hit_equivalence[qwen3.5-2b]>>
tmp_path_factory = TempPathFactory(_given_basetemp=None, _trace=<pluggy._tracing.TagTracerSub object at 0x7f9537222d80>, _basetemp=PosixPath('/tmp/mm27/s2_qwen35_2b/pytest-of-bo/pytest-0'), _retention_count=3, _retention_policy='all')

    @pytest.fixture(scope="session", params=_model_keys())
    def harness(request, tmp_path_factory):
        """Session harness for one model: baselines + MP server + LMCache engine.
    
        The suite drives the multi-process deployment only (see the
        ``harness`` module docstring), so a cache server is started here and
        torn down with the harness.
        """
        from catalog import (
            audio_requests,
            catalog,
            cross_modal_requests,
            pressure_requests,
            video_requests,
        )
        from harness import (
            LMCACHE_TEST_CHUNK_SIZE,
            MMHarness,
            compute_baselines,
            configure_environment,
            start_mp_cache_server,
        )
        from specs import MODEL_SPECS
    
        configure_environment()
        # Fail loudly if `import lmcache` resolved outside this repo (see the
        # sys.path pinning at the top of this file).
        import lmcache
    
        lmcache_root = pathlib.Path(lmcache.__file__).resolve().parents[1]
        if lmcache_root != _REPO_ROOT:
            raise RuntimeError(
                f"lmcache resolved to {lmcache_root}, expected {_REPO_ROOT}; "
                "the suite would certify the wrong source tree"
            )
        spec = MODEL_SPECS[request.param]
        all_requests = list(catalog().values()) + pressure_requests(pressure_n())
        if "video" in spec.modalities:
            all_requests += list(video_requests().values())
        if "audio" in spec.modalities:
            all_requests += list(audio_requests().values())
        if {"image", "audio"} <= spec.modalities:
            all_requests += list(cross_modal_requests().values())
        workdir = tmp_path_factory.mktemp(f"mm_e2e_{spec.key}")
>       baselines = compute_baselines(spec, all_requests, workdir)
                    ^^^^^^^^^^^^^^^^^^^^^^^^^^^^^^^^^^^^^^^^^^^^^^

conftest.py:229: 
_ _ _ _ _ _ _ _ _ _ _ _ _ _ _ _ _ _ _ _ _ _ _ _ _ _ _ _ _ _ _ _ _ _ _ _ _ _ _ _ 

spec = ModelSpec(key='qwen3.5-2b', hf_id='Qwen/Qwen3.5-2B', modalities=frozenset({'image', 'video'}), max_model_len=8192, gpu...gpu_utilization=0.0, mp_server_l1_gb=0.0, preemption_gpu_blocks=0, eviction_capacity_gb=0.0, answer_extract_pattern='')
requests = [MMRequest(key='t01-A', salt='t01', question='What is the dominant color of this image? Answer with exactly one word.'...rple',), max_tokens=8, needs_baseline=True, video_indices=(), ignore_eos=False, audio_indices=(), media_order=()), ...]
workdir = PosixPath('/tmp/mm27/s2_qwen35_2b/pytest-of-bo/pytest-0/mm_e2e_qwen3.5-2b0')
extra_engine_kwargs = {'mamba_cache_mode': 'align', 'enable_prefix_caching': True, 'max_num_batched_tokens': 544}

    def compute_baselines(
        spec: ModelSpec,
        requests: list[MMRequest],
        workdir: pathlib.Path,
        extra_engine_kwargs: Mapping[str, object] = _NO_EXTRA_KWARGS,
    ) -> dict[str, str]:
        """Run all baseline-needing requests on a plain vLLM engine (subprocess).
    
        Args:
            spec: The model under certification.
            requests: Requests to run; only those with ``needs_baseline`` run.
            workdir: Directory for the input/output JSON files.
            extra_engine_kwargs: Additional/overriding engine kwargs, so isolated
                scenarios get a baseline under the SAME scheduling config as the
                engine under test (must be JSON-serializable).
    
        Returns:
            Mapping of request key to generated text.
    
        Raises:
            RuntimeError: If the baseline subprocess fails.
        """
        todo = [r for r in requests if r.needs_baseline]
        # The baseline must run the same mandatory engine settings as the engine
        # under test (align mode changes the numeric regime; hf_overrides change
        # the model's geometry), so an output difference can only come from
        # LMCache.
        extra_engine_kwargs = {
            **spec_engine_kwargs(spec),
            **extra_engine_kwargs,
        }
        spec_json = {
            "model": spec.hf_id,
            "max_model_len": spec.max_model_len,
            "gpu_memory_utilization": spec.gpu_memory_utilization,
            "limit_mm_per_prompt": mm_limits(spec),
            "chat_template_kwargs": dict(spec.chat_template_kwargs),
            "extra_engine_kwargs": dict(extra_engine_kwargs),
            "requests": [
                {
                    "key": r.key,
                    "messages": r.messages(),
                    "max_tokens": effective_max_tokens(spec, r),
                    "ignore_eos": r.ignore_eos,
                }
                for r in todo
            ],
        }
        in_path = workdir / "baseline_in.json"
        out_path = workdir / "baseline_out.json"
        in_path.write_text(json.dumps(spec_json))
        runner = pathlib.Path(__file__).parent / "baseline_runner.py"
        proc = subprocess.run(
            [sys.executable, str(runner), str(in_path), str(out_path)],
            capture_output=True,
            text=True,
            timeout=3600,
        )
        if proc.returncode != 0:
>           raise RuntimeError(
                f"Baseline runner failed (exit {proc.returncode}):\n"
                f"stdout tail: {proc.stdout[-2000:]}\nstderr tail: {proc.stderr[-2000:]}"
            )
E           RuntimeError: Baseline runner failed (exit 1):
E           stdout tail: onfig=None, compilation_config={'mode': <CompilationMode.NONE: 0>, 'debug_dump_path': None, 'cache_dir': '', 'compile_cache_save_format': 'binary', 'backend': 'inductor', 'custom_ops': ['all'], 'ir_enable_torch_wrap': False, 'splitting_ops': [], 'compile_mm_encoder': False, 'cudagraph_mm_encoder': False, 'encoder_cudagraph_token_budgets': [], 'encoder_cudagraph_max_vision_items_per_batch': 0, 'encoder_cudagraph_max_frames_per_batch': None, 'compile_sizes': [], 'compile_ranges_endpoints': [544], 'inductor_compile_config': {'enable_auto_functionalized_v2': False, 'combo_kernels': True, 'benchmark_combo_kernel': True}, 'inductor_passes': {}, 'cudagraph_mode': <CUDAGraphMode.NONE: 0>, 'cudagraph_num_of_warmups': 0, 'cudagraph_capture_sizes': [], 'cudagraph_copy_inputs': False, 'cudagraph_specialize_lora': True, 'use_inductor_graph_partition': False, 'pass_config': {'fuse_norm_quant': True, 'fuse_act_quant': True, 'fuse_attn_quant': False, 'enable_sp': False, 'fuse_gemm_comms': False, 'fuse_allreduce_rms': False, 'enable_qk_norm_rope_fusion': False, 'fuse_rope_kvcache_cat_mla': False, 'fuse_act_padding': False, 'fuse_qk_norm_rope_kvcache': False}, 'max_cudagraph_capture_size': 0, 'dynamic_shapes_config': {'type': <DynamicShapesType.BACKED: 'backed'>, 'evaluate_guards': False, 'assume_32_bit_indexing': False}, 'local_cache_dir': None, 'fast_moe_cold_start': False, 'static_all_moe_layers': []}, kernel_config=KernelConfig(ir_op_priority=IrOpPriorityConfig(rms_norm=['vllm_c', 'native'], fused_add_rms_norm=['vllm_c', 'native']), enable_flashinfer_autotune=True, enable_cutedsl_warmup=True, enable_jit_warmup=True, enable_bf16x3_router_gemm=False, moe_backend='auto', linear_backend='auto')
E           INFO 08-26 10:15:06 [parallel_state.py:1640] world_size=1 rank=0 local_rank=0 distributed_init_method=tcp://10.2.201.16:37933 backend=nccl
E           INFO 08-26 10:15:07 [parallel_state.py:1977] rank 0 in world size 1 is assigned as DP rank 0, PP rank 0, PCP rank 0, TP rank 0, EP rank N/A, EPLB rank N/A
E           
E           stderr tail: utor = executor_class(vllm_config)
E           [rank0]:                           ^^^^^^^^^^^^^^^^^^^^^^^^^^^
E           [rank0]:   File "/home/bo/venvs/vllm-mm/lib/python3.12/site-packages/vllm/tracing/otel.py", line 178, in sync_wrapper
E           [rank0]:     return func(*args, **kwargs)
E           [rank0]:            ^^^^^^^^^^^^^^^^^^^^^
E           [rank0]:   File "/home/bo/venvs/vllm-mm/lib/python3.12/site-packages/vllm/v1/executor/abstract.py", line 109, in __init__
E           [rank0]:     self._init_executor()
E           [rank0]:   File "/home/bo/venvs/vllm-mm/lib/python3.12/site-packages/vllm/v1/executor/uniproc_executor.py", line 63, in _init_executor
E           [rank0]:     self.driver_worker.init_device()
E           [rank0]:   File "/home/bo/venvs/vllm-mm/lib/python3.12/site-packages/vllm/v1/worker/worker_base.py", line 331, in init_device
E           [rank0]:     self.worker.init_device()  # type: ignore
E           [rank0]:     ^^^^^^^^^^^^^^^^^^^^^^^^^
E           [rank0]:   File "/home/bo/venvs/vllm-mm/lib/python3.12/site-packages/vllm/tracing/otel.py", line 178, in sync_wrapper
E           [rank0]:     return func(*args, **kwargs)
E           [rank0]:            ^^^^^^^^^^^^^^^^^^^^^
E           [rank0]:   File "/home/bo/venvs/vllm-mm/lib/python3.12/site-packages/vllm/v1/worker/gpu_worker.py", line 396, in init_device
E           [rank0]:     self.requested_memory = request_memory(init_snapshot, self.cache_config)
E           [rank0]:                             ^^^^^^^^^^^^^^^^^^^^^^^^^^^^^^^^^^^^^^^^^^^^^^^^
E           [rank0]:   File "/home/bo/venvs/vllm-mm/lib/python3.12/site-packages/vllm/v1/worker/utils.py", line 419, in request_memory
E           [rank0]:     raise ValueError(
E           [rank0]: ValueError: Free memory on device cuda:0 (53.13/139.8 GiB) on startup is less than desired GPU memory utilization (0.6, 83.88 GiB). Decrease GPU memory utilization or reduce GPU memory used by other processes.
E           [rank0]:[W826 10:15:09.587831595 ProcessGroupNCCL.cpp:1624] Warning: WARNING: destroy_process_group() was not called before program exit, which can leak resources. For more info, please see https://pytorch.org/docs/stable/distributed.html#shutdown (function operator())

harness.py:1438: RuntimeError
___ ERROR at setup of test_detector_sensitivity_negative_control[qwen3.5-2b] ___

request = <SubRequest 'harness' for <Function test_t0_cross_image_isolation_and_hit_equivalence[qwen3.5-2b]>>
tmp_path_factory = TempPathFactory(_given_basetemp=None, _trace=<pluggy._tracing.TagTracerSub object at 0x7f9537222d80>, _basetemp=PosixPath('/tmp/mm27/s2_qwen35_2b/pytest-of-bo/pytest-0'), _retention_count=3, _retention_policy='all')

    @pytest.fixture(scope="session", params=_model_keys())
    def harness(request, tmp_path_factory):
        """Session harness for one model: baselines + MP server + LMCache engine.
    
        The suite drives the multi-process deployment only (see the
        ``harness`` module docstring), so a cache server is started here and
        torn down with the harness.
        """
        from catalog import (
            audio_requests,
            catalog,
            cross_modal_requests,
            pressure_requests,
            video_requests,
        )
        from harness import (
            LMCACHE_TEST_CHUNK_SIZE,
            MMHarness,
            compute_baselines,
            configure_environment,
            start_mp_cache_server,
        )
        from specs import MODEL_SPECS
    
        configure_environment()
        # Fail loudly if `import lmcache` resolved outside this repo (see the
        # sys.path pinning at the top of this file).
        import lmcache
    
        lmcache_root = pathlib.Path(lmcache.__file__).resolve().parents[1]
        if lmcache_root != _REPO_ROOT:
            raise RuntimeError(
                f"lmcache resolved to {lmcache_root}, expected {_REPO_ROOT}; "
                "the suite would certify the wrong source tree"
            )
        spec = MODEL_SPECS[request.param]
        all_requests = list(catalog().values()) + pressure_requests(pressure_n())
        if "video" in spec.modalities:
            all_requests += list(video_requests().values())
        if "audio" in spec.modalities:
            all_requests += list(audio_requests().values())
        if {"image", "audio"} <= spec.modalities:
            all_requests += list(cross_modal_requests().values())
        workdir = tmp_path_factory.mktemp(f"mm_e2e_{spec.key}")
>       baselines = compute_baselines(spec, all_requests, workdir)
                    ^^^^^^^^^^^^^^^^^^^^^^^^^^^^^^^^^^^^^^^^^^^^^^

conftest.py:229: 
_ _ _ _ _ _ _ _ _ _ _ _ _ _ _ _ _ _ _ _ _ _ _ _ _ _ _ _ _ _ _ _ _ _ _ _ _ _ _ _ 

spec = ModelSpec(key='qwen3.5-2b', hf_id='Qwen/Qwen3.5-2B', modalities=frozenset({'image', 'video'}), max_model_len=8192, gpu...gpu_utilization=0.0, mp_server_l1_gb=0.0, preemption_gpu_blocks=0, eviction_capacity_gb=0.0, answer_extract_pattern='')
requests = [MMRequest(key='t01-A', salt='t01', question='What is the dominant color of this image? Answer with exactly one word.'...rple',), max_tokens=8, needs_baseline=True, video_indices=(), ignore_eos=False, audio_indices=(), media_order=()), ...]
workdir = PosixPath('/tmp/mm27/s2_qwen35_2b/pytest-of-bo/pytest-0/mm_e2e_qwen3.5-2b0')
extra_engine_kwargs = {'mamba_cache_mode': 'align', 'enable_prefix_caching': True, 'max_num_batched_tokens': 544}

    def compute_baselines(
        spec: ModelSpec,
        requests: list[MMRequest],
        workdir: pathlib.Path,
        extra_engine_kwargs: Mapping[str, object] = _NO_EXTRA_KWARGS,
    ) -> dict[str, str]:
        """Run all baseline-needing requests on a plain vLLM engine (subprocess).
    
        Args:
            spec: The model under certification.
            requests: Requests to run; only those with ``needs_baseline`` run.
            workdir: Directory for the input/output JSON files.
            extra_engine_kwargs: Additional/overriding engine kwargs, so isolated
                scenarios get a baseline under the SAME scheduling config as the
                engine under test (must be JSON-serializable).
    
        Returns:
            Mapping of request key to generated text.
    
        Raises:
            RuntimeError: If the baseline subprocess fails.
        """
        todo = [r for r in requests if r.needs_baseline]
        # The baseline must run the same mandatory engine settings as the engine
        # under test (align mode changes the numeric regime; hf_overrides change
        # the model's geometry), so an output difference can only come from
        # LMCache.
        extra_engine_kwargs = {
            **spec_engine_kwargs(spec),
            **extra_engine_kwargs,
        }
        spec_json = {
            "model": spec.hf_id,
            "max_model_len": spec.max_model_len,
            "gpu_memory_utilization": spec.gpu_memory_utilization,
            "limit_mm_per_prompt": mm_limits(spec),
            "chat_template_kwargs": dict(spec.chat_template_kwargs),
            "extra_engine_kwargs": dict(extra_engine_kwargs),
            "requests": [
                {
                    "key": r.key,
                    "messages": r.messages(),
                    "max_tokens": effective_max_tokens(spec, r),
                    "ignore_eos": r.ignore_eos,
                }
                for r in todo
            ],
        }
        in_path = workdir / "baseline_in.json"
        out_path = workdir / "baseline_out.json"
        in_path.write_text(json.dumps(spec_json))
        runner = pathlib.Path(__file__).parent / "baseline_runner.py"
        proc = subprocess.run(
            [sys.executable, str(runner), str(in_path), str(out_path)],
            capture_output=True,
            text=True,
            timeout=3600,
        )
        if proc.returncode != 0:
>           raise RuntimeError(
                f"Baseline runner failed (exit {proc.returncode}):\n"
                f"stdout tail: {proc.stdout[-2000:]}\nstderr tail: {proc.stderr[-2000:]}"
            )
E           RuntimeError: Baseline runner failed (exit 1):
E           stdout tail: onfig=None, compilation_config={'mode': <CompilationMode.NONE: 0>, 'debug_dump_path': None, 'cache_dir': '', 'compile_cache_save_format': 'binary', 'backend': 'inductor', 'custom_ops': ['all'], 'ir_enable_torch_wrap': False, 'splitting_ops': [], 'compile_mm_encoder': False, 'cudagraph_mm_encoder': False, 'encoder_cudagraph_token_budgets': [], 'encoder_cudagraph_max_vision_items_per_batch': 0, 'encoder_cudagraph_max_frames_per_batch': None, 'compile_sizes': [], 'compile_ranges_endpoints': [544], 'inductor_compile_config': {'enable_auto_functionalized_v2': False, 'combo_kernels': True, 'benchmark_combo_kernel': True}, 'inductor_passes': {}, 'cudagraph_mode': <CUDAGraphMode.NONE: 0>, 'cudagraph_num_of_warmups': 0, 'cudagraph_capture_sizes': [], 'cudagraph_copy_inputs': False, 'cudagraph_specialize_lora': True, 'use_inductor_graph_partition': False, 'pass_config': {'fuse_norm_quant': True, 'fuse_act_quant': True, 'fuse_attn_quant': False, 'enable_sp': False, 'fuse_gemm_comms': False, 'fuse_allreduce_rms': False, 'enable_qk_norm_rope_fusion': False, 'fuse_rope_kvcache_cat_mla': False, 'fuse_act_padding': False, 'fuse_qk_norm_rope_kvcache': False}, 'max_cudagraph_capture_size': 0, 'dynamic_shapes_config': {'type': <DynamicShapesType.BACKED: 'backed'>, 'evaluate_guards': False, 'assume_32_bit_indexing': False}, 'local_cache_dir': None, 'fast_moe_cold_start': False, 'static_all_moe_layers': []}, kernel_config=KernelConfig(ir_op_priority=IrOpPriorityConfig(rms_norm=['vllm_c', 'native'], fused_add_rms_norm=['vllm_c', 'native']), enable_flashinfer_autotune=True, enable_cutedsl_warmup=True, enable_jit_warmup=True, enable_bf16x3_router_gemm=False, moe_backend='auto', linear_backend='auto')
E           INFO 08-26 10:15:06 [parallel_state.py:1640] world_size=1 rank=0 local_rank=0 distributed_init_method=tcp://10.2.201.16:37933 backend=nccl
E           INFO 08-26 10:15:07 [parallel_state.py:1977] rank 0 in world size 1 is assigned as DP rank 0, PP rank 0, PCP rank 0, TP rank 0, EP rank N/A, EPLB rank N/A
E           
E           stderr tail: utor = executor_class(vllm_config)
E           [rank0]:                           ^^^^^^^^^^^^^^^^^^^^^^^^^^^
E           [rank0]:   File "/home/bo/venvs/vllm-mm/lib/python3.12/site-packages/vllm/tracing/otel.py", line 178, in sync_wrapper
E           [rank0]:     return func(*args, **kwargs)
E           [rank0]:            ^^^^^^^^^^^^^^^^^^^^^
E           [rank0]:   File "/home/bo/venvs/vllm-mm/lib/python3.12/site-packages/vllm/v1/executor/abstract.py", line 109, in __init__
E           [rank0]:     self._init_executor()
E           [rank0]:   File "/home/bo/venvs/vllm-mm/lib/python3.12/site-packages/vllm/v1/executor/uniproc_executor.py", line 63, in _init_executor
E           [rank0]:     self.driver_worker.init_device()
E           [rank0]:   File "/home/bo/venvs/vllm-mm/lib/python3.12/site-packages/vllm/v1/worker/worker_base.py", line 331, in init_device
E           [rank0]:     self.worker.init_device()  # type: ignore
E           [rank0]:     ^^^^^^^^^^^^^^^^^^^^^^^^^
E           [rank0]:   File "/home/bo/venvs/vllm-mm/lib/python3.12/site-packages/vllm/tracing/otel.py", line 178, in sync_wrapper
E           [rank0]:     return func(*args, **kwargs)
E           [rank0]:            ^^^^^^^^^^^^^^^^^^^^^
E           [rank0]:   File "/home/bo/venvs/vllm-mm/lib/python3.12/site-packages/vllm/v1/worker/gpu_worker.py", line 396, in init_device
E           [rank0]:     self.requested_memory = request_memory(init_snapshot, self.cache_config)
E           [rank0]:                             ^^^^^^^^^^^^^^^^^^^^^^^^^^^^^^^^^^^^^^^^^^^^^^^^
E           [rank0]:   File "/home/bo/venvs/vllm-mm/lib/python3.12/site-packages/vllm/v1/worker/utils.py", line 419, in request_memory
E           [rank0]:     raise ValueError(
E           [rank0]: ValueError: Free memory on device cuda:0 (53.13/139.8 GiB) on startup is less than desired GPU memory utilization (0.6, 83.88 GiB). Decrease GPU memory utilization or reduce GPU memory used by other processes.
E           [rank0]:[W826 10:15:09.587831595 ProcessGroupNCCL.cpp:1624] Warning: WARNING: destroy_process_group() was not called before program exit, which can leak resources. For more info, please see https://pytorch.org/docs/stable/distributed.html#shutdown (function operator())

harness.py:1438: RuntimeError
________ ERROR at setup of test_t0_chunk_boundary_phases[qwen3.5-2b-0] _________

request = <SubRequest 'harness' for <Function test_t0_cross_image_isolation_and_hit_equivalence[qwen3.5-2b]>>
tmp_path_factory = TempPathFactory(_given_basetemp=None, _trace=<pluggy._tracing.TagTracerSub object at 0x7f9537222d80>, _basetemp=PosixPath('/tmp/mm27/s2_qwen35_2b/pytest-of-bo/pytest-0'), _retention_count=3, _retention_policy='all')

    @pytest.fixture(scope="session", params=_model_keys())
    def harness(request, tmp_path_factory):
        """Session harness for one model: baselines + MP server + LMCache engine.
    
        The suite drives the multi-process deployment only (see the
        ``harness`` module docstring), so a cache server is started here and
        torn down with the harness.
        """
        from catalog import (
            audio_requests,
            catalog,
            cross_modal_requests,
            pressure_requests,
            video_requests,
        )
        from harness import (
            LMCACHE_TEST_CHUNK_SIZE,
            MMHarness,
            compute_baselines,
            configure_environment,
            start_mp_cache_server,
        )
        from specs import MODEL_SPECS
    
        configure_environment()
        # Fail loudly if `import lmcache` resolved outside this repo (see the
        # sys.path pinning at the top of this file).
        import lmcache
    
        lmcache_root = pathlib.Path(lmcache.__file__).resolve().parents[1]
        if lmcache_root != _REPO_ROOT:
            raise RuntimeError(
                f"lmcache resolved to {lmcache_root}, expected {_REPO_ROOT}; "
                "the suite would certify the wrong source tree"
            )
        spec = MODEL_SPECS[request.param]
        all_requests = list(catalog().values()) + pressure_requests(pressure_n())
        if "video" in spec.modalities:
            all_requests += list(video_requests().values())
        if "audio" in spec.modalities:
            all_requests += list(audio_requests().values())
        if {"image", "audio"} <= spec.modalities:
            all_requests += list(cross_modal_requests().values())
        workdir = tmp_path_factory.mktemp(f"mm_e2e_{spec.key}")
>       baselines = compute_baselines(spec, all_requests, workdir)
                    ^^^^^^^^^^^^^^^^^^^^^^^^^^^^^^^^^^^^^^^^^^^^^^

conftest.py:229: 
_ _ _ _ _ _ _ _ _ _ _ _ _ _ _ _ _ _ _ _ _ _ _ _ _ _ _ _ _ _ _ _ _ _ _ _ _ _ _ _ 

spec = ModelSpec(key='qwen3.5-2b', hf_id='Qwen/Qwen3.5-2B', modalities=frozenset({'image', 'video'}), max_model_len=8192, gpu...gpu_utilization=0.0, mp_server_l1_gb=0.0, preemption_gpu_blocks=0, eviction_capacity_gb=0.0, answer_extract_pattern='')
requests = [MMRequest(key='t01-A', salt='t01', question='What is the dominant color of this image? Answer with exactly one word.'...rple',), max_tokens=8, needs_baseline=True, video_indices=(), ignore_eos=False, audio_indices=(), media_order=()), ...]
workdir = PosixPath('/tmp/mm27/s2_qwen35_2b/pytest-of-bo/pytest-0/mm_e2e_qwen3.5-2b0')
extra_engine_kwargs = {'mamba_cache_mode': 'align', 'enable_prefix_caching': True, 'max_num_batched_tokens': 544}

    def compute_baselines(
        spec: ModelSpec,
        requests: list[MMRequest],
        workdir: pathlib.Path,
        extra_engine_kwargs: Mapping[str, object] = _NO_EXTRA_KWARGS,
    ) -> dict[str, str]:
        """Run all baseline-needing requests on a plain vLLM engine (subprocess).
    
        Args:
            spec: The model under certification.
            requests: Requests to run; only those with ``needs_baseline`` run.
            workdir: Directory for the input/output JSON files.
            extra_engine_kwargs: Additional/overriding engine kwargs, so isolated
                scenarios get a baseline under the SAME scheduling config as the
                engine under test (must be JSON-serializable).
    
        Returns:
            Mapping of request key to generated text.
    
        Raises:
            RuntimeError: If the baseline subprocess fails.
        """
        todo = [r for r in requests if r.needs_baseline]
        # The baseline must run the same mandatory engine settings as the engine
        # under test (align mode changes the numeric regime; hf_overrides change
        # the model's geometry), so an output difference can only come from
        # LMCache.
        extra_engine_kwargs = {
            **spec_engine_kwargs(spec),
            **extra_engine_kwargs,
        }
        spec_json = {
            "model": spec.hf_id,
            "max_model_len": spec.max_model_len,
            "gpu_memory_utilization": spec.gpu_memory_utilization,
            "limit_mm_per_prompt": mm_limits(spec),
            "chat_template_kwargs": dict(spec.chat_template_kwargs),
            "extra_engine_kwargs": dict(extra_engine_kwargs),
            "requests": [
                {
                    "key": r.key,
                    "messages": r.messages(),
                    "max_tokens": effective_max_tokens(spec, r),
                    "ignore_eos": r.ignore_eos,
                }
                for r in todo
            ],
        }
        in_path = workdir / "baseline_in.json"
        out_path = workdir / "baseline_out.json"
        in_path.write_text(json.dumps(spec_json))
        runner = pathlib.Path(__file__).parent / "baseline_runner.py"
        proc = subprocess.run(
            [sys.executable, str(runner), str(in_path), str(out_path)],
            capture_output=True,
            text=True,
            timeout=3600,
        )
        if proc.returncode != 0:
>           raise RuntimeError(
                f"Baseline runner failed (exit {proc.returncode}):\n"
                f"stdout tail: {proc.stdout[-2000:]}\nstderr tail: {proc.stderr[-2000:]}"
            )
E           RuntimeError: Baseline runner failed (exit 1):
E           stdout tail: onfig=None, compilation_config={'mode': <CompilationMode.NONE: 0>, 'debug_dump_path': None, 'cache_dir': '', 'compile_cache_save_format': 'binary', 'backend': 'inductor', 'custom_ops': ['all'], 'ir_enable_torch_wrap': False, 'splitting_ops': [], 'compile_mm_encoder': False, 'cudagraph_mm_encoder': False, 'encoder_cudagraph_token_budgets': [], 'encoder_cudagraph_max_vision_items_per_batch': 0, 'encoder_cudagraph_max_frames_per_batch': None, 'compile_sizes': [], 'compile_ranges_endpoints': [544], 'inductor_compile_config': {'enable_auto_functionalized_v2': False, 'combo_kernels': True, 'benchmark_combo_kernel': True}, 'inductor_passes': {}, 'cudagraph_mode': <CUDAGraphMode.NONE: 0>, 'cudagraph_num_of_warmups': 0, 'cudagraph_capture_sizes': [], 'cudagraph_copy_inputs': False, 'cudagraph_specialize_lora': True, 'use_inductor_graph_partition': False, 'pass_config': {'fuse_norm_quant': True, 'fuse_act_quant': True, 'fuse_attn_quant': False, 'enable_sp': False, 'fuse_gemm_comms': False, 'fuse_allreduce_rms': False, 'enable_qk_norm_rope_fusion': False, 'fuse_rope_kvcache_cat_mla': False, 'fuse_act_padding': False, 'fuse_qk_norm_rope_kvcache': False}, 'max_cudagraph_capture_size': 0, 'dynamic_shapes_config': {'type': <DynamicShapesType.BACKED: 'backed'>, 'evaluate_guards': False, 'assume_32_bit_indexing': False}, 'local_cache_dir': None, 'fast_moe_cold_start': False, 'static_all_moe_layers': []}, kernel_config=KernelConfig(ir_op_priority=IrOpPriorityConfig(rms_norm=['vllm_c', 'native'], fused_add_rms_norm=['vllm_c', 'native']), enable_flashinfer_autotune=True, enable_cutedsl_warmup=True, enable_jit_warmup=True, enable_bf16x3_router_gemm=False, moe_backend='auto', linear_backend='auto')
E           INFO 08-26 10:15:06 [parallel_state.py:1640] world_size=1 rank=0 local_rank=0 distributed_init_method=tcp://10.2.201.16:37933 backend=nccl
E           INFO 08-26 10:15:07 [parallel_state.py:1977] rank 0 in world size 1 is assigned as DP rank 0, PP rank 0, PCP rank 0, TP rank 0, EP rank N/A, EPLB rank N/A
E           
E           stderr tail: utor = executor_class(vllm_config)
E           [rank0]:                           ^^^^^^^^^^^^^^^^^^^^^^^^^^^
E           [rank0]:   File "/home/bo/venvs/vllm-mm/lib/python3.12/site-packages/vllm/tracing/otel.py", line 178, in sync_wrapper
E           [rank0]:     return func(*args, **kwargs)
E           [rank0]:            ^^^^^^^^^^^^^^^^^^^^^
E           [rank0]:   File "/home/bo/venvs/vllm-mm/lib/python3.12/site-packages/vllm/v1/executor/abstract.py", line 109, in __init__
E           [rank0]:     self._init_executor()
E           [rank0]:   File "/home/bo/venvs/vllm-mm/lib/python3.12/site-packages/vllm/v1/executor/uniproc_executor.py", line 63, in _init_executor
E           [rank0]:     self.driver_worker.init_device()
E           [rank0]:   File "/home/bo/venvs/vllm-mm/lib/python3.12/site-packages/vllm/v1/worker/worker_base.py", line 331, in init_device
E           [rank0]:     self.worker.init_device()  # type: ignore
E           [rank0]:     ^^^^^^^^^^^^^^^^^^^^^^^^^
E           [rank0]:   File "/home/bo/venvs/vllm-mm/lib/python3.12/site-packages/vllm/tracing/otel.py", line 178, in sync_wrapper
E           [rank0]:     return func(*args, **kwargs)
E           [rank0]:            ^^^^^^^^^^^^^^^^^^^^^
E           [rank0]:   File "/home/bo/venvs/vllm-mm/lib/python3.12/site-packages/vllm/v1/worker/gpu_worker.py", line 396, in init_device
E           [rank0]:     self.requested_memory = request_memory(init_snapshot, self.cache_config)
E           [rank0]:                             ^^^^^^^^^^^^^^^^^^^^^^^^^^^^^^^^^^^^^^^^^^^^^^^^
E           [rank0]:   File "/home/bo/venvs/vllm-mm/lib/python3.12/site-packages/vllm/v1/worker/utils.py", line 419, in request_memory
E           [rank0]:     raise ValueError(
E           [rank0]: ValueError: Free memory on device cuda:0 (53.13/139.8 GiB) on startup is less than desired GPU memory utilization (0.6, 83.88 GiB). Decrease GPU memory utilization or reduce GPU memory used by other processes.
E           [rank0]:[W826 10:15:09.587831595 ProcessGroupNCCL.cpp:1624] Warning: WARNING: destroy_process_group() was not called before program exit, which can leak resources. For more info, please see https://pytorch.org/docs/stable/distributed.html#shutdown (function operator())

harness.py:1438: RuntimeError
________ ERROR at setup of test_t0_chunk_boundary_phases[qwen3.5-2b-1] _________

request = <SubRequest 'harness' for <Function test_t0_cross_image_isolation_and_hit_equivalence[qwen3.5-2b]>>
tmp_path_factory = TempPathFactory(_given_basetemp=None, _trace=<pluggy._tracing.TagTracerSub object at 0x7f9537222d80>, _basetemp=PosixPath('/tmp/mm27/s2_qwen35_2b/pytest-of-bo/pytest-0'), _retention_count=3, _retention_policy='all')

    @pytest.fixture(scope="session", params=_model_keys())
    def harness(request, tmp_path_factory):
        """Session harness for one model: baselines + MP server + LMCache engine.
    
        The suite drives the multi-process deployment only (see the
        ``harness`` module docstring), so a cache server is started here and
        torn down with the harness.
        """
        from catalog import (
            audio_requests,
            catalog,
            cross_modal_requests,
            pressure_requests,
            video_requests,
        )
        from harness import (
            LMCACHE_TEST_CHUNK_SIZE,
            MMHarness,
            compute_baselines,
            configure_environment,
            start_mp_cache_server,
        )
        from specs import MODEL_SPECS
    
        configure_environment()
        # Fail loudly if `import lmcache` resolved outside this repo (see the
        # sys.path pinning at the top of this file).
        import lmcache
    
        lmcache_root = pathlib.Path(lmcache.__file__).resolve().parents[1]
        if lmcache_root != _REPO_ROOT:
            raise RuntimeError(
                f"lmcache resolved to {lmcache_root}, expected {_REPO_ROOT}; "
                "the suite would certify the wrong source tree"
            )
        spec = MODEL_SPECS[request.param]
        all_requests = list(catalog().values()) + pressure_requests(pressure_n())
        if "video" in spec.modalities:
            all_requests += list(video_requests().values())
        if "audio" in spec.modalities:
            all_requests += list(audio_requests().values())
        if {"image", "audio"} <= spec.modalities:
            all_requests += list(cross_modal_requests().values())
        workdir = tmp_path_factory.mktemp(f"mm_e2e_{spec.key}")
>       baselines = compute_baselines(spec, all_requests, workdir)
                    ^^^^^^^^^^^^^^^^^^^^^^^^^^^^^^^^^^^^^^^^^^^^^^

conftest.py:229: 
_ _ _ _ _ _ _ _ _ _ _ _ _ _ _ _ _ _ _ _ _ _ _ _ _ _ _ _ _ _ _ _ _ _ _ _ _ _ _ _ 

spec = ModelSpec(key='qwen3.5-2b', hf_id='Qwen/Qwen3.5-2B', modalities=frozenset({'image', 'video'}), max_model_len=8192, gpu...gpu_utilization=0.0, mp_server_l1_gb=0.0, preemption_gpu_blocks=0, eviction_capacity_gb=0.0, answer_extract_pattern='')
requests = [MMRequest(key='t01-A', salt='t01', question='What is the dominant color of this image? Answer with exactly one word.'...rple',), max_tokens=8, needs_baseline=True, video_indices=(), ignore_eos=False, audio_indices=(), media_order=()), ...]
workdir = PosixPath('/tmp/mm27/s2_qwen35_2b/pytest-of-bo/pytest-0/mm_e2e_qwen3.5-2b0')
extra_engine_kwargs = {'mamba_cache_mode': 'align', 'enable_prefix_caching': True, 'max_num_batched_tokens': 544}

    def compute_baselines(
        spec: ModelSpec,
        requests: list[MMRequest],
        workdir: pathlib.Path,
        extra_engine_kwargs: Mapping[str, object] = _NO_EXTRA_KWARGS,
    ) -> dict[str, str]:
        """Run all baseline-needing requests on a plain vLLM engine (subprocess).
    
        Args:
            spec: The model under certification.
            requests: Requests to run; only those with ``needs_baseline`` run.
            workdir: Directory for the input/output JSON files.
            extra_engine_kwargs: Additional/overriding engine kwargs, so isolated
                scenarios get a baseline under the SAME scheduling config as the
                engine under test (must be JSON-serializable).
    
        Returns:
            Mapping of request key to generated text.
    
        Raises:
            RuntimeError: If the baseline subprocess fails.
        """
        todo = [r for r in requests if r.needs_baseline]
        # The baseline must run the same mandatory engine settings as the engine
        # under test (align mode changes the numeric regime; hf_overrides change
        # the model's geometry), so an output difference can only come from
        # LMCache.
        extra_engine_kwargs = {
            **spec_engine_kwargs(spec),
            **extra_engine_kwargs,
        }
        spec_json = {
            "model": spec.hf_id,
            "max_model_len": spec.max_model_len,
            "gpu_memory_utilization": spec.gpu_memory_utilization,
            "limit_mm_per_prompt": mm_limits(spec),
            "chat_template_kwargs": dict(spec.chat_template_kwargs),
            "extra_engine_kwargs": dict(extra_engine_kwargs),
            "requests": [
                {
                    "key": r.key,
                    "messages": r.messages(),
                    "max_tokens": effective_max_tokens(spec, r),
                    "ignore_eos": r.ignore_eos,
                }
                for r in todo
            ],
        }
        in_path = workdir / "baseline_in.json"
        out_path = workdir / "baseline_out.json"
        in_path.write_text(json.dumps(spec_json))
        runner = pathlib.Path(__file__).parent / "baseline_runner.py"
        proc = subprocess.run(
            [sys.executable, str(runner), str(in_path), str(out_path)],
            capture_output=True,
            text=True,
            timeout=3600,
        )
        if proc.returncode != 0:
>           raise RuntimeError(
                f"Baseline runner failed (exit {proc.returncode}):\n"
                f"stdout tail: {proc.stdout[-2000:]}\nstderr tail: {proc.stderr[-2000:]}"
            )
E           RuntimeError: Baseline runner failed (exit 1):
E           stdout tail: onfig=None, compilation_config={'mode': <CompilationMode.NONE: 0>, 'debug_dump_path': None, 'cache_dir': '', 'compile_cache_save_format': 'binary', 'backend': 'inductor', 'custom_ops': ['all'], 'ir_enable_torch_wrap': False, 'splitting_ops': [], 'compile_mm_encoder': False, 'cudagraph_mm_encoder': False, 'encoder_cudagraph_token_budgets': [], 'encoder_cudagraph_max_vision_items_per_batch': 0, 'encoder_cudagraph_max_frames_per_batch': None, 'compile_sizes': [], 'compile_ranges_endpoints': [544], 'inductor_compile_config': {'enable_auto_functionalized_v2': False, 'combo_kernels': True, 'benchmark_combo_kernel': True}, 'inductor_passes': {}, 'cudagraph_mode': <CUDAGraphMode.NONE: 0>, 'cudagraph_num_of_warmups': 0, 'cudagraph_capture_sizes': [], 'cudagraph_copy_inputs': False, 'cudagraph_specialize_lora': True, 'use_inductor_graph_partition': False, 'pass_config': {'fuse_norm_quant': True, 'fuse_act_quant': True, 'fuse_attn_quant': False, 'enable_sp': False, 'fuse_gemm_comms': False, 'fuse_allreduce_rms': False, 'enable_qk_norm_rope_fusion': False, 'fuse_rope_kvcache_cat_mla': False, 'fuse_act_padding': False, 'fuse_qk_norm_rope_kvcache': False}, 'max_cudagraph_capture_size': 0, 'dynamic_shapes_config': {'type': <DynamicShapesType.BACKED: 'backed'>, 'evaluate_guards': False, 'assume_32_bit_indexing': False}, 'local_cache_dir': None, 'fast_moe_cold_start': False, 'static_all_moe_layers': []}, kernel_config=KernelConfig(ir_op_priority=IrOpPriorityConfig(rms_norm=['vllm_c', 'native'], fused_add_rms_norm=['vllm_c', 'native']), enable_flashinfer_autotune=True, enable_cutedsl_warmup=True, enable_jit_warmup=True, enable_bf16x3_router_gemm=False, moe_backend='auto', linear_backend='auto')
E           INFO 08-26 10:15:06 [parallel_state.py:1640] world_size=1 rank=0 local_rank=0 distributed_init_method=tcp://10.2.201.16:37933 backend=nccl
E           INFO 08-26 10:15:07 [parallel_state.py:1977] rank 0 in world size 1 is assigned as DP rank 0, PP rank 0, PCP rank 0, TP rank 0, EP rank N/A, EPLB rank N/A
E           
E           stderr tail: utor = executor_class(vllm_config)
E           [rank0]:                           ^^^^^^^^^^^^^^^^^^^^^^^^^^^
E           [rank0]:   File "/home/bo/venvs/vllm-mm/lib/python3.12/site-packages/vllm/tracing/otel.py", line 178, in sync_wrapper
E           [rank0]:     return func(*args, **kwargs)
E           [rank0]:            ^^^^^^^^^^^^^^^^^^^^^
E           [rank0]:   File "/home/bo/venvs/vllm-mm/lib/python3.12/site-packages/vllm/v1/executor/abstract.py", line 109, in __init__
E           [rank0]:     self._init_executor()
E           [rank0]:   File "/home/bo/venvs/vllm-mm/lib/python3.12/site-packages/vllm/v1/executor/uniproc_executor.py", line 63, in _init_executor
E           [rank0]:     self.driver_worker.init_device()
E           [rank0]:   File "/home/bo/venvs/vllm-mm/lib/python3.12/site-packages/vllm/v1/worker/worker_base.py", line 331, in init_device
E           [rank0]:     self.worker.init_device()  # type: ignore
E           [rank0]:     ^^^^^^^^^^^^^^^^^^^^^^^^^
E           [rank0]:   File "/home/bo/venvs/vllm-mm/lib/python3.12/site-packages/vllm/tracing/otel.py", line 178, in sync_wrapper
E           [rank0]:     return func(*args, **kwargs)
E           [rank0]:            ^^^^^^^^^^^^^^^^^^^^^
E           [rank0]:   File "/home/bo/venvs/vllm-mm/lib/python3.12/site-packages/vllm/v1/worker/gpu_worker.py", line 396, in init_device
E           [rank0]:     self.requested_memory = request_memory(init_snapshot, self.cache_config)
E           [rank0]:                             ^^^^^^^^^^^^^^^^^^^^^^^^^^^^^^^^^^^^^^^^^^^^^^^^
E           [rank0]:   File "/home/bo/venvs/vllm-mm/lib/python3.12/site-packages/vllm/v1/worker/utils.py", line 419, in request_memory
E           [rank0]:     raise ValueError(
E           [rank0]: ValueError: Free memory on device cuda:0 (53.13/139.8 GiB) on startup is less than desired GPU memory utilization (0.6, 83.88 GiB). Decrease GPU memory utilization or reduce GPU memory used by other processes.
E           [rank0]:[W826 10:15:09.587831595 ProcessGroupNCCL.cpp:1624] Warning: WARNING: destroy_process_group() was not called before program exit, which can leak resources. For more info, please see https://pytorch.org/docs/stable/distributed.html#shutdown (function operator())

harness.py:1438: RuntimeError
________ ERROR at setup of test_t0_chunk_boundary_phases[qwen3.5-2b-2] _________

request = <SubRequest 'harness' for <Function test_t0_cross_image_isolation_and_hit_equivalence[qwen3.5-2b]>>
tmp_path_factory = TempPathFactory(_given_basetemp=None, _trace=<pluggy._tracing.TagTracerSub object at 0x7f9537222d80>, _basetemp=PosixPath('/tmp/mm27/s2_qwen35_2b/pytest-of-bo/pytest-0'), _retention_count=3, _retention_policy='all')

    @pytest.fixture(scope="session", params=_model_keys())
    def harness(request, tmp_path_factory):
        """Session harness for one model: baselines + MP server + LMCache engine.
    
        The suite drives the multi-process deployment only (see the
        ``harness`` module docstring), so a cache server is started here and
        torn down with the harness.
        """
        from catalog import (
            audio_requests,
            catalog,
            cross_modal_requests,
            pressure_requests,
            video_requests,
        )
        from harness import (
            LMCACHE_TEST_CHUNK_SIZE,
            MMHarness,
            compute_baselines,
            configure_environment,
            start_mp_cache_server,
        )
        from specs import MODEL_SPECS
    
        configure_environment()
        # Fail loudly if `import lmcache` resolved outside this repo (see the
        # sys.path pinning at the top of this file).
        import lmcache
    
        lmcache_root = pathlib.Path(lmcache.__file__).resolve().parents[1]
        if lmcache_root != _REPO_ROOT:
            raise RuntimeError(
                f"lmcache resolved to {lmcache_root}, expected {_REPO_ROOT}; "
                "the suite would certify the wrong source tree"
            )
        spec = MODEL_SPECS[request.param]
        all_requests = list(catalog().values()) + pressure_requests(pressure_n())
        if "video" in spec.modalities:
            all_requests += list(video_requests().values())
        if "audio" in spec.modalities:
            all_requests += list(audio_requests().values())
        if {"image", "audio"} <= spec.modalities:
            all_requests += list(cross_modal_requests().values())
        workdir = tmp_path_factory.mktemp(f"mm_e2e_{spec.key}")
>       baselines = compute_baselines(spec, all_requests, workdir)
                    ^^^^^^^^^^^^^^^^^^^^^^^^^^^^^^^^^^^^^^^^^^^^^^

conftest.py:229: 
_ _ _ _ _ _ _ _ _ _ _ _ _ _ _ _ _ _ _ _ _ _ _ _ _ _ _ _ _ _ _ _ _ _ _ _ _ _ _ _ 

spec = ModelSpec(key='qwen3.5-2b', hf_id='Qwen/Qwen3.5-2B', modalities=frozenset({'image', 'video'}), max_model_len=8192, gpu...gpu_utilization=0.0, mp_server_l1_gb=0.0, preemption_gpu_blocks=0, eviction_capacity_gb=0.0, answer_extract_pattern='')
requests = [MMRequest(key='t01-A', salt='t01', question='What is the dominant color of this image? Answer with exactly one word.'...rple',), max_tokens=8, needs_baseline=True, video_indices=(), ignore_eos=False, audio_indices=(), media_order=()), ...]
workdir = PosixPath('/tmp/mm27/s2_qwen35_2b/pytest-of-bo/pytest-0/mm_e2e_qwen3.5-2b0')
extra_engine_kwargs = {'mamba_cache_mode': 'align', 'enable_prefix_caching': True, 'max_num_batched_tokens': 544}

    def compute_baselines(
        spec: ModelSpec,
        requests: list[MMRequest],
        workdir: pathlib.Path,
        extra_engine_kwargs: Mapping[str, object] = _NO_EXTRA_KWARGS,
    ) -> dict[str, str]:
        """Run all baseline-needing requests on a plain vLLM engine (subprocess).
    
        Args:
            spec: The model under certification.
            requests: Requests to run; only those with ``needs_baseline`` run.
            workdir: Directory for the input/output JSON files.
            extra_engine_kwargs: Additional/overriding engine kwargs, so isolated
                scenarios get a baseline under the SAME scheduling config as the
                engine under test (must be JSON-serializable).
    
        Returns:
            Mapping of request key to generated text.
    
        Raises:
            RuntimeError: If the baseline subprocess fails.
        """
        todo = [r for r in requests if r.needs_baseline]
        # The baseline must run the same mandatory engine settings as the engine
        # under test (align mode changes the numeric regime; hf_overrides change
        # the model's geometry), so an output difference can only come from
        # LMCache.
        extra_engine_kwargs = {
            **spec_engine_kwargs(spec),
            **extra_engine_kwargs,
        }
        spec_json = {
            "model": spec.hf_id,
            "max_model_len": spec.max_model_len,
            "gpu_memory_utilization": spec.gpu_memory_utilization,
            "limit_mm_per_prompt": mm_limits(spec),
            "chat_template_kwargs": dict(spec.chat_template_kwargs),
            "extra_engine_kwargs": dict(extra_engine_kwargs),
            "requests": [
                {
                    "key": r.key,
                    "messages": r.messages(),
                    "max_tokens": effective_max_tokens(spec, r),
                    "ignore_eos": r.ignore_eos,
                }
                for r in todo
            ],
        }
        in_path = workdir / "baseline_in.json"
        out_path = workdir / "baseline_out.json"
        in_path.write_text(json.dumps(spec_json))
        runner = pathlib.Path(__file__).parent / "baseline_runner.py"
        proc = subprocess.run(
            [sys.executable, str(runner), str(in_path), str(out_path)],
            capture_output=True,
            text=True,
            timeout=3600,
        )
        if proc.returncode != 0:
>           raise RuntimeError(
                f"Baseline runner failed (exit {proc.returncode}):\n"
                f"stdout tail: {proc.stdout[-2000:]}\nstderr tail: {proc.stderr[-2000:]}"
            )
E           RuntimeError: Baseline runner failed (exit 1):
E           stdout tail: onfig=None, compilation_config={'mode': <CompilationMode.NONE: 0>, 'debug_dump_path': None, 'cache_dir': '', 'compile_cache_save_format': 'binary', 'backend': 'inductor', 'custom_ops': ['all'], 'ir_enable_torch_wrap': False, 'splitting_ops': [], 'compile_mm_encoder': False, 'cudagraph_mm_encoder': False, 'encoder_cudagraph_token_budgets': [], 'encoder_cudagraph_max_vision_items_per_batch': 0, 'encoder_cudagraph_max_frames_per_batch': None, 'compile_sizes': [], 'compile_ranges_endpoints': [544], 'inductor_compile_config': {'enable_auto_functionalized_v2': False, 'combo_kernels': True, 'benchmark_combo_kernel': True}, 'inductor_passes': {}, 'cudagraph_mode': <CUDAGraphMode.NONE: 0>, 'cudagraph_num_of_warmups': 0, 'cudagraph_capture_sizes': [], 'cudagraph_copy_inputs': False, 'cudagraph_specialize_lora': True, 'use_inductor_graph_partition': False, 'pass_config': {'fuse_norm_quant': True, 'fuse_act_quant': True, 'fuse_attn_quant': False, 'enable_sp': False, 'fuse_gemm_comms': False, 'fuse_allreduce_rms': False, 'enable_qk_norm_rope_fusion': False, 'fuse_rope_kvcache_cat_mla': False, 'fuse_act_padding': False, 'fuse_qk_norm_rope_kvcache': False}, 'max_cudagraph_capture_size': 0, 'dynamic_shapes_config': {'type': <DynamicShapesType.BACKED: 'backed'>, 'evaluate_guards': False, 'assume_32_bit_indexing': False}, 'local_cache_dir': None, 'fast_moe_cold_start': False, 'static_all_moe_layers': []}, kernel_config=KernelConfig(ir_op_priority=IrOpPriorityConfig(rms_norm=['vllm_c', 'native'], fused_add_rms_norm=['vllm_c', 'native']), enable_flashinfer_autotune=True, enable_cutedsl_warmup=True, enable_jit_warmup=True, enable_bf16x3_router_gemm=False, moe_backend='auto', linear_backend='auto')
E           INFO 08-26 10:15:06 [parallel_state.py:1640] world_size=1 rank=0 local_rank=0 distributed_init_method=tcp://10.2.201.16:37933 backend=nccl
E           INFO 08-26 10:15:07 [parallel_state.py:1977] rank 0 in world size 1 is assigned as DP rank 0, PP rank 0, PCP rank 0, TP rank 0, EP rank N/A, EPLB rank N/A
E           
E           stderr tail: utor = executor_class(vllm_config)
E           [rank0]:                           ^^^^^^^^^^^^^^^^^^^^^^^^^^^
E           [rank0]:   File "/home/bo/venvs/vllm-mm/lib/python3.12/site-packages/vllm/tracing/otel.py", line 178, in sync_wrapper
E           [rank0]:     return func(*args, **kwargs)
E           [rank0]:            ^^^^^^^^^^^^^^^^^^^^^
E           [rank0]:   File "/home/bo/venvs/vllm-mm/lib/python3.12/site-packages/vllm/v1/executor/abstract.py", line 109, in __init__
E           [rank0]:     self._init_executor()
E           [rank0]:   File "/home/bo/venvs/vllm-mm/lib/python3.12/site-packages/vllm/v1/executor/uniproc_executor.py", line 63, in _init_executor
E           [rank0]:     self.driver_worker.init_device()
E           [rank0]:   File "/home/bo/venvs/vllm-mm/lib/python3.12/site-packages/vllm/v1/worker/worker_base.py", line 331, in init_device
E           [rank0]:     self.worker.init_device()  # type: ignore
E           [rank0]:     ^^^^^^^^^^^^^^^^^^^^^^^^^
E           [rank0]:   File "/home/bo/venvs/vllm-mm/lib/python3.12/site-packages/vllm/tracing/otel.py", line 178, in sync_wrapper
E           [rank0]:     return func(*args, **kwargs)
E           [rank0]:            ^^^^^^^^^^^^^^^^^^^^^
E           [rank0]:   File "/home/bo/venvs/vllm-mm/lib/python3.12/site-packages/vllm/v1/worker/gpu_worker.py", line 396, in init_device
E           [rank0]:     self.requested_memory = request_memory(init_snapshot, self.cache_config)
E           [rank0]:                             ^^^^^^^^^^^^^^^^^^^^^^^^^^^^^^^^^^^^^^^^^^^^^^^^
E           [rank0]:   File "/home/bo/venvs/vllm-mm/lib/python3.12/site-packages/vllm/v1/worker/utils.py", line 419, in request_memory
E           [rank0]:     raise ValueError(
E           [rank0]: ValueError: Free memory on device cuda:0 (53.13/139.8 GiB) on startup is less than desired GPU memory utilization (0.6, 83.88 GiB). Decrease GPU memory utilization or reduce GPU memory used by other processes.
E           [rank0]:[W826 10:15:09.587831595 ProcessGroupNCCL.cpp:1624] Warning: WARNING: destroy_process_group() was not called before program exit, which can leak resources. For more info, please see https://pytorch.org/docs/stable/distributed.html#shutdown (function operator())

harness.py:1438: RuntimeError
________ ERROR at setup of test_t0_chunk_boundary_phases[qwen3.5-2b-3] _________

request = <SubRequest 'harness' for <Function test_t0_cross_image_isolation_and_hit_equivalence[qwen3.5-2b]>>
tmp_path_factory = TempPathFactory(_given_basetemp=None, _trace=<pluggy._tracing.TagTracerSub object at 0x7f9537222d80>, _basetemp=PosixPath('/tmp/mm27/s2_qwen35_2b/pytest-of-bo/pytest-0'), _retention_count=3, _retention_policy='all')

    @pytest.fixture(scope="session", params=_model_keys())
    def harness(request, tmp_path_factory):
        """Session harness for one model: baselines + MP server + LMCache engine.
    
        The suite drives the multi-process deployment only (see the
        ``harness`` module docstring), so a cache server is started here and
        torn down with the harness.
        """
        from catalog import (
            audio_requests,
            catalog,
            cross_modal_requests,
            pressure_requests,
            video_requests,
        )
        from harness import (
            LMCACHE_TEST_CHUNK_SIZE,
            MMHarness,
            compute_baselines,
            configure_environment,
            start_mp_cache_server,
        )
        from specs import MODEL_SPECS
    
        configure_environment()
        # Fail loudly if `import lmcache` resolved outside this repo (see the
        # sys.path pinning at the top of this file).
        import lmcache
    
        lmcache_root = pathlib.Path(lmcache.__file__).resolve().parents[1]
        if lmcache_root != _REPO_ROOT:
            raise RuntimeError(
                f"lmcache resolved to {lmcache_root}, expected {_REPO_ROOT}; "
                "the suite would certify the wrong source tree"
            )
        spec = MODEL_SPECS[request.param]
        all_requests = list(catalog().values()) + pressure_requests(pressure_n())
        if "video" in spec.modalities:
            all_requests += list(video_requests().values())
        if "audio" in spec.modalities:
            all_requests += list(audio_requests().values())
        if {"image", "audio"} <= spec.modalities:
            all_requests += list(cross_modal_requests().values())
        workdir = tmp_path_factory.mktemp(f"mm_e2e_{spec.key}")
>       baselines = compute_baselines(spec, all_requests, workdir)
                    ^^^^^^^^^^^^^^^^^^^^^^^^^^^^^^^^^^^^^^^^^^^^^^

conftest.py:229: 
_ _ _ _ _ _ _ _ _ _ _ _ _ _ _ _ _ _ _ _ _ _ _ _ _ _ _ _ _ _ _ _ _ _ _ _ _ _ _ _ 

spec = ModelSpec(key='qwen3.5-2b', hf_id='Qwen/Qwen3.5-2B', modalities=frozenset({'image', 'video'}), max_model_len=8192, gpu...gpu_utilization=0.0, mp_server_l1_gb=0.0, preemption_gpu_blocks=0, eviction_capacity_gb=0.0, answer_extract_pattern='')
requests = [MMRequest(key='t01-A', salt='t01', question='What is the dominant color of this image? Answer with exactly one word.'...rple',), max_tokens=8, needs_baseline=True, video_indices=(), ignore_eos=False, audio_indices=(), media_order=()), ...]
workdir = PosixPath('/tmp/mm27/s2_qwen35_2b/pytest-of-bo/pytest-0/mm_e2e_qwen3.5-2b0')
extra_engine_kwargs = {'mamba_cache_mode': 'align', 'enable_prefix_caching': True, 'max_num_batched_tokens': 544}

    def compute_baselines(
        spec: ModelSpec,
        requests: list[MMRequest],
        workdir: pathlib.Path,
        extra_engine_kwargs: Mapping[str, object] = _NO_EXTRA_KWARGS,
    ) -> dict[str, str]:
        """Run all baseline-needing requests on a plain vLLM engine (subprocess).
    
        Args:
            spec: The model under certification.
            requests: Requests to run; only those with ``needs_baseline`` run.
            workdir: Directory for the input/output JSON files.
            extra_engine_kwargs: Additional/overriding engine kwargs, so isolated
                scenarios get a baseline under the SAME scheduling config as the
                engine under test (must be JSON-serializable).
    
        Returns:
            Mapping of request key to generated text.
    
        Raises:
            RuntimeError: If the baseline subprocess fails.
        """
        todo = [r for r in requests if r.needs_baseline]
        # The baseline must run the same mandatory engine settings as the engine
        # under test (align mode changes the numeric regime; hf_overrides change
        # the model's geometry), so an output difference can only come from
        # LMCache.
        extra_engine_kwargs = {
            **spec_engine_kwargs(spec),
            **extra_engine_kwargs,
        }
        spec_json = {
            "model": spec.hf_id,
            "max_model_len": spec.max_model_len,
            "gpu_memory_utilization": spec.gpu_memory_utilization,
            "limit_mm_per_prompt": mm_limits(spec),
            "chat_template_kwargs": dict(spec.chat_template_kwargs),
            "extra_engine_kwargs": dict(extra_engine_kwargs),
            "requests": [
                {
                    "key": r.key,
                    "messages": r.messages(),
                    "max_tokens": effective_max_tokens(spec, r),
                    "ignore_eos": r.ignore_eos,
                }
                for r in todo
            ],
        }
        in_path = workdir / "baseline_in.json"
        out_path = workdir / "baseline_out.json"
        in_path.write_text(json.dumps(spec_json))
        runner = pathlib.Path(__file__).parent / "baseline_runner.py"
        proc = subprocess.run(
            [sys.executable, str(runner), str(in_path), str(out_path)],
            capture_output=True,
            text=True,
            timeout=3600,
        )
        if proc.returncode != 0:
>           raise RuntimeError(
                f"Baseline runner failed (exit {proc.returncode}):\n"
                f"stdout tail: {proc.stdout[-2000:]}\nstderr tail: {proc.stderr[-2000:]}"
            )
E           RuntimeError: Baseline runner failed (exit 1):
E           stdout tail: onfig=None, compilation_config={'mode': <CompilationMode.NONE: 0>, 'debug_dump_path': None, 'cache_dir': '', 'compile_cache_save_format': 'binary', 'backend': 'inductor', 'custom_ops': ['all'], 'ir_enable_torch_wrap': False, 'splitting_ops': [], 'compile_mm_encoder': False, 'cudagraph_mm_encoder': False, 'encoder_cudagraph_token_budgets': [], 'encoder_cudagraph_max_vision_items_per_batch': 0, 'encoder_cudagraph_max_frames_per_batch': None, 'compile_sizes': [], 'compile_ranges_endpoints': [544], 'inductor_compile_config': {'enable_auto_functionalized_v2': False, 'combo_kernels': True, 'benchmark_combo_kernel': True}, 'inductor_passes': {}, 'cudagraph_mode': <CUDAGraphMode.NONE: 0>, 'cudagraph_num_of_warmups': 0, 'cudagraph_capture_sizes': [], 'cudagraph_copy_inputs': False, 'cudagraph_specialize_lora': True, 'use_inductor_graph_partition': False, 'pass_config': {'fuse_norm_quant': True, 'fuse_act_quant': True, 'fuse_attn_quant': False, 'enable_sp': False, 'fuse_gemm_comms': False, 'fuse_allreduce_rms': False, 'enable_qk_norm_rope_fusion': False, 'fuse_rope_kvcache_cat_mla': False, 'fuse_act_padding': False, 'fuse_qk_norm_rope_kvcache': False}, 'max_cudagraph_capture_size': 0, 'dynamic_shapes_config': {'type': <DynamicShapesType.BACKED: 'backed'>, 'evaluate_guards': False, 'assume_32_bit_indexing': False}, 'local_cache_dir': None, 'fast_moe_cold_start': False, 'static_all_moe_layers': []}, kernel_config=KernelConfig(ir_op_priority=IrOpPriorityConfig(rms_norm=['vllm_c', 'native'], fused_add_rms_norm=['vllm_c', 'native']), enable_flashinfer_autotune=True, enable_cutedsl_warmup=True, enable_jit_warmup=True, enable_bf16x3_router_gemm=False, moe_backend='auto', linear_backend='auto')
E           INFO 08-26 10:15:06 [parallel_state.py:1640] world_size=1 rank=0 local_rank=0 distributed_init_method=tcp://10.2.201.16:37933 backend=nccl
E           INFO 08-26 10:15:07 [parallel_state.py:1977] rank 0 in world size 1 is assigned as DP rank 0, PP rank 0, PCP rank 0, TP rank 0, EP rank N/A, EPLB rank N/A
E           
E           stderr tail: utor = executor_class(vllm_config)
E           [rank0]:                           ^^^^^^^^^^^^^^^^^^^^^^^^^^^
E           [rank0]:   File "/home/bo/venvs/vllm-mm/lib/python3.12/site-packages/vllm/tracing/otel.py", line 178, in sync_wrapper
E           [rank0]:     return func(*args, **kwargs)
E           [rank0]:            ^^^^^^^^^^^^^^^^^^^^^
E           [rank0]:   File "/home/bo/venvs/vllm-mm/lib/python3.12/site-packages/vllm/v1/executor/abstract.py", line 109, in __init__
E           [rank0]:     self._init_executor()
E           [rank0]:   File "/home/bo/venvs/vllm-mm/lib/python3.12/site-packages/vllm/v1/executor/uniproc_executor.py", line 63, in _init_executor
E           [rank0]:     self.driver_worker.init_device()
E           [rank0]:   File "/home/bo/venvs/vllm-mm/lib/python3.12/site-packages/vllm/v1/worker/worker_base.py", line 331, in init_device
E           [rank0]:     self.worker.init_device()  # type: ignore
E           [rank0]:     ^^^^^^^^^^^^^^^^^^^^^^^^^
E           [rank0]:   File "/home/bo/venvs/vllm-mm/lib/python3.12/site-packages/vllm/tracing/otel.py", line 178, in sync_wrapper
E           [rank0]:     return func(*args, **kwargs)
E           [rank0]:            ^^^^^^^^^^^^^^^^^^^^^
E           [rank0]:   File "/home/bo/venvs/vllm-mm/lib/python3.12/site-packages/vllm/v1/worker/gpu_worker.py", line 396, in init_device
E           [rank0]:     self.requested_memory = request_memory(init_snapshot, self.cache_config)
E           [rank0]:                             ^^^^^^^^^^^^^^^^^^^^^^^^^^^^^^^^^^^^^^^^^^^^^^^^
E           [rank0]:   File "/home/bo/venvs/vllm-mm/lib/python3.12/site-packages/vllm/v1/worker/utils.py", line 419, in request_memory
E           [rank0]:     raise ValueError(
E           [rank0]: ValueError: Free memory on device cuda:0 (53.13/139.8 GiB) on startup is less than desired GPU memory utilization (0.6, 83.88 GiB). Decrease GPU memory utilization or reduce GPU memory used by other processes.
E           [rank0]:[W826 10:15:09.587831595 ProcessGroupNCCL.cpp:1624] Warning: WARNING: destroy_process_group() was not called before program exit, which can leak resources. For more info, please see https://pytorch.org/docs/stable/distributed.html#shutdown (function operator())

harness.py:1438: RuntimeError
________ ERROR at setup of test_t0_chunk_boundary_phases[qwen3.5-2b-4] _________

request = <SubRequest 'harness' for <Function test_t0_cross_image_isolation_and_hit_equivalence[qwen3.5-2b]>>
tmp_path_factory = TempPathFactory(_given_basetemp=None, _trace=<pluggy._tracing.TagTracerSub object at 0x7f9537222d80>, _basetemp=PosixPath('/tmp/mm27/s2_qwen35_2b/pytest-of-bo/pytest-0'), _retention_count=3, _retention_policy='all')

    @pytest.fixture(scope="session", params=_model_keys())
    def harness(request, tmp_path_factory):
        """Session harness for one model: baselines + MP server + LMCache engine.
    
        The suite drives the multi-process deployment only (see the
        ``harness`` module docstring), so a cache server is started here and
        torn down with the harness.
        """
        from catalog import (
            audio_requests,
            catalog,
            cross_modal_requests,
            pressure_requests,
            video_requests,
        )
        from harness import (
            LMCACHE_TEST_CHUNK_SIZE,
            MMHarness,
            compute_baselines,
            configure_environment,
            start_mp_cache_server,
        )
        from specs import MODEL_SPECS
    
        configure_environment()
        # Fail loudly if `import lmcache` resolved outside this repo (see the
        # sys.path pinning at the top of this file).
        import lmcache
    
        lmcache_root = pathlib.Path(lmcache.__file__).resolve().parents[1]
        if lmcache_root != _REPO_ROOT:
            raise RuntimeError(
                f"lmcache resolved to {lmcache_root}, expected {_REPO_ROOT}; "
                "the suite would certify the wrong source tree"
            )
        spec = MODEL_SPECS[request.param]
        all_requests = list(catalog().values()) + pressure_requests(pressure_n())
        if "video" in spec.modalities:
            all_requests += list(video_requests().values())
        if "audio" in spec.modalities:
            all_requests += list(audio_requests().values())
        if {"image", "audio"} <= spec.modalities:
            all_requests += list(cross_modal_requests().values())
        workdir = tmp_path_factory.mktemp(f"mm_e2e_{spec.key}")
>       baselines = compute_baselines(spec, all_requests, workdir)
                    ^^^^^^^^^^^^^^^^^^^^^^^^^^^^^^^^^^^^^^^^^^^^^^

conftest.py:229: 
_ _ _ _ _ _ _ _ _ _ _ _ _ _ _ _ _ _ _ _ _ _ _ _ _ _ _ _ _ _ _ _ _ _ _ _ _ _ _ _ 

spec = ModelSpec(key='qwen3.5-2b', hf_id='Qwen/Qwen3.5-2B', modalities=frozenset({'image', 'video'}), max_model_len=8192, gpu...gpu_utilization=0.0, mp_server_l1_gb=0.0, preemption_gpu_blocks=0, eviction_capacity_gb=0.0, answer_extract_pattern='')
requests = [MMRequest(key='t01-A', salt='t01', question='What is the dominant color of this image? Answer with exactly one word.'...rple',), max_tokens=8, needs_baseline=True, video_indices=(), ignore_eos=False, audio_indices=(), media_order=()), ...]
workdir = PosixPath('/tmp/mm27/s2_qwen35_2b/pytest-of-bo/pytest-0/mm_e2e_qwen3.5-2b0')
extra_engine_kwargs = {'mamba_cache_mode': 'align', 'enable_prefix_caching': True, 'max_num_batched_tokens': 544}

    def compute_baselines(
        spec: ModelSpec,
        requests: list[MMRequest],
        workdir: pathlib.Path,
        extra_engine_kwargs: Mapping[str, object] = _NO_EXTRA_KWARGS,
    ) -> dict[str, str]:
        """Run all baseline-needing requests on a plain vLLM engine (subprocess).
    
        Args:
            spec: The model under certification.
            requests: Requests to run; only those with ``needs_baseline`` run.
            workdir: Directory for the input/output JSON files.
            extra_engine_kwargs: Additional/overriding engine kwargs, so isolated
                scenarios get a baseline under the SAME scheduling config as the
                engine under test (must be JSON-serializable).
    
        Returns:
            Mapping of request key to generated text.
    
        Raises:
            RuntimeError: If the baseline subprocess fails.
        """
        todo = [r for r in requests if r.needs_baseline]
        # The baseline must run the same mandatory engine settings as the engine
        # under test (align mode changes the numeric regime; hf_overrides change
        # the model's geometry), so an output difference can only come from
        # LMCache.
        extra_engine_kwargs = {
            **spec_engine_kwargs(spec),
            **extra_engine_kwargs,
        }
        spec_json = {
            "model": spec.hf_id,
            "max_model_len": spec.max_model_len,
            "gpu_memory_utilization": spec.gpu_memory_utilization,
            "limit_mm_per_prompt": mm_limits(spec),
            "chat_template_kwargs": dict(spec.chat_template_kwargs),
            "extra_engine_kwargs": dict(extra_engine_kwargs),
            "requests": [
                {
                    "key": r.key,
                    "messages": r.messages(),
                    "max_tokens": effective_max_tokens(spec, r),
                    "ignore_eos": r.ignore_eos,
                }
                for r in todo
            ],
        }
        in_path = workdir / "baseline_in.json"
        out_path = workdir / "baseline_out.json"
        in_path.write_text(json.dumps(spec_json))
        runner = pathlib.Path(__file__).parent / "baseline_runner.py"
        proc = subprocess.run(
            [sys.executable, str(runner), str(in_path), str(out_path)],
            capture_output=True,
            text=True,
            timeout=3600,
        )
        if proc.returncode != 0:
>           raise RuntimeError(
                f"Baseline runner failed (exit {proc.returncode}):\n"
                f"stdout tail: {proc.stdout[-2000:]}\nstderr tail: {proc.stderr[-2000:]}"
            )
E           RuntimeError: Baseline runner failed (exit 1):
E           stdout tail: onfig=None, compilation_config={'mode': <CompilationMode.NONE: 0>, 'debug_dump_path': None, 'cache_dir': '', 'compile_cache_save_format': 'binary', 'backend': 'inductor', 'custom_ops': ['all'], 'ir_enable_torch_wrap': False, 'splitting_ops': [], 'compile_mm_encoder': False, 'cudagraph_mm_encoder': False, 'encoder_cudagraph_token_budgets': [], 'encoder_cudagraph_max_vision_items_per_batch': 0, 'encoder_cudagraph_max_frames_per_batch': None, 'compile_sizes': [], 'compile_ranges_endpoints': [544], 'inductor_compile_config': {'enable_auto_functionalized_v2': False, 'combo_kernels': True, 'benchmark_combo_kernel': True}, 'inductor_passes': {}, 'cudagraph_mode': <CUDAGraphMode.NONE: 0>, 'cudagraph_num_of_warmups': 0, 'cudagraph_capture_sizes': [], 'cudagraph_copy_inputs': False, 'cudagraph_specialize_lora': True, 'use_inductor_graph_partition': False, 'pass_config': {'fuse_norm_quant': True, 'fuse_act_quant': True, 'fuse_attn_quant': False, 'enable_sp': False, 'fuse_gemm_comms': False, 'fuse_allreduce_rms': False, 'enable_qk_norm_rope_fusion': False, 'fuse_rope_kvcache_cat_mla': False, 'fuse_act_padding': False, 'fuse_qk_norm_rope_kvcache': False}, 'max_cudagraph_capture_size': 0, 'dynamic_shapes_config': {'type': <DynamicShapesType.BACKED: 'backed'>, 'evaluate_guards': False, 'assume_32_bit_indexing': False}, 'local_cache_dir': None, 'fast_moe_cold_start': False, 'static_all_moe_layers': []}, kernel_config=KernelConfig(ir_op_priority=IrOpPriorityConfig(rms_norm=['vllm_c', 'native'], fused_add_rms_norm=['vllm_c', 'native']), enable_flashinfer_autotune=True, enable_cutedsl_warmup=True, enable_jit_warmup=True, enable_bf16x3_router_gemm=False, moe_backend='auto', linear_backend='auto')
E           INFO 08-26 10:15:06 [parallel_state.py:1640] world_size=1 rank=0 local_rank=0 distributed_init_method=tcp://10.2.201.16:37933 backend=nccl
E           INFO 08-26 10:15:07 [parallel_state.py:1977] rank 0 in world size 1 is assigned as DP rank 0, PP rank 0, PCP rank 0, TP rank 0, EP rank N/A, EPLB rank N/A
E           
E           stderr tail: utor = executor_class(vllm_config)
E           [rank0]:                           ^^^^^^^^^^^^^^^^^^^^^^^^^^^
E           [rank0]:   File "/home/bo/venvs/vllm-mm/lib/python3.12/site-packages/vllm/tracing/otel.py", line 178, in sync_wrapper
E           [rank0]:     return func(*args, **kwargs)
E           [rank0]:            ^^^^^^^^^^^^^^^^^^^^^
E           [rank0]:   File "/home/bo/venvs/vllm-mm/lib/python3.12/site-packages/vllm/v1/executor/abstract.py", line 109, in __init__
E           [rank0]:     self._init_executor()
E           [rank0]:   File "/home/bo/venvs/vllm-mm/lib/python3.12/site-packages/vllm/v1/executor/uniproc_executor.py", line 63, in _init_executor
E           [rank0]:     self.driver_worker.init_device()
E           [rank0]:   File "/home/bo/venvs/vllm-mm/lib/python3.12/site-packages/vllm/v1/worker/worker_base.py", line 331, in init_device
E           [rank0]:     self.worker.init_device()  # type: ignore
E           [rank0]:     ^^^^^^^^^^^^^^^^^^^^^^^^^
E           [rank0]:   File "/home/bo/venvs/vllm-mm/lib/python3.12/site-packages/vllm/tracing/otel.py", line 178, in sync_wrapper
E           [rank0]:     return func(*args, **kwargs)
E           [rank0]:            ^^^^^^^^^^^^^^^^^^^^^
E           [rank0]:   File "/home/bo/venvs/vllm-mm/lib/python3.12/site-packages/vllm/v1/worker/gpu_worker.py", line 396, in init_device
E           [rank0]:     self.requested_memory = request_memory(init_snapshot, self.cache_config)
E           [rank0]:                             ^^^^^^^^^^^^^^^^^^^^^^^^^^^^^^^^^^^^^^^^^^^^^^^^
E           [rank0]:   File "/home/bo/venvs/vllm-mm/lib/python3.12/site-packages/vllm/v1/worker/utils.py", line 419, in request_memory
E           [rank0]:     raise ValueError(
E           [rank0]: ValueError: Free memory on device cuda:0 (53.13/139.8 GiB) on startup is less than desired GPU memory utilization (0.6, 83.88 GiB). Decrease GPU memory utilization or reduce GPU memory used by other processes.
E           [rank0]:[W826 10:15:09.587831595 ProcessGroupNCCL.cpp:1624] Warning: WARNING: destroy_process_group() was not called before program exit, which can leak resources. For more info, please see https://pytorch.org/docs/stable/distributed.html#shutdown (function operator())

harness.py:1438: RuntimeError
________ ERROR at setup of test_t0_chunk_boundary_phases[qwen3.5-2b-5] _________

request = <SubRequest 'harness' for <Function test_t0_cross_image_isolation_and_hit_equivalence[qwen3.5-2b]>>
tmp_path_factory = TempPathFactory(_given_basetemp=None, _trace=<pluggy._tracing.TagTracerSub object at 0x7f9537222d80>, _basetemp=PosixPath('/tmp/mm27/s2_qwen35_2b/pytest-of-bo/pytest-0'), _retention_count=3, _retention_policy='all')

    @pytest.fixture(scope="session", params=_model_keys())
    def harness(request, tmp_path_factory):
        """Session harness for one model: baselines + MP server + LMCache engine.
    
        The suite drives the multi-process deployment only (see the
        ``harness`` module docstring), so a cache server is started here and
        torn down with the harness.
        """
        from catalog import (
            audio_requests,
            catalog,
            cross_modal_requests,
            pressure_requests,
            video_requests,
        )
        from harness import (
            LMCACHE_TEST_CHUNK_SIZE,
            MMHarness,
            compute_baselines,
            configure_environment,
            start_mp_cache_server,
        )
        from specs import MODEL_SPECS
    
        configure_environment()
        # Fail loudly if `import lmcache` resolved outside this repo (see the
        # sys.path pinning at the top of this file).
        import lmcache
    
        lmcache_root = pathlib.Path(lmcache.__file__).resolve().parents[1]
        if lmcache_root != _REPO_ROOT:
            raise RuntimeError(
                f"lmcache resolved to {lmcache_root}, expected {_REPO_ROOT}; "
                "the suite would certify the wrong source tree"
            )
        spec = MODEL_SPECS[request.param]
        all_requests = list(catalog().values()) + pressure_requests(pressure_n())
        if "video" in spec.modalities:
            all_requests += list(video_requests().values())
        if "audio" in spec.modalities:
            all_requests += list(audio_requests().values())
        if {"image", "audio"} <= spec.modalities:
            all_requests += list(cross_modal_requests().values())
        workdir = tmp_path_factory.mktemp(f"mm_e2e_{spec.key}")
>       baselines = compute_baselines(spec, all_requests, workdir)
                    ^^^^^^^^^^^^^^^^^^^^^^^^^^^^^^^^^^^^^^^^^^^^^^

conftest.py:229: 
_ _ _ _ _ _ _ _ _ _ _ _ _ _ _ _ _ _ _ _ _ _ _ _ _ _ _ _ _ _ _ _ _ _ _ _ _ _ _ _ 

spec = ModelSpec(key='qwen3.5-2b', hf_id='Qwen/Qwen3.5-2B', modalities=frozenset({'image', 'video'}), max_model_len=8192, gpu...gpu_utilization=0.0, mp_server_l1_gb=0.0, preemption_gpu_blocks=0, eviction_capacity_gb=0.0, answer_extract_pattern='')
requests = [MMRequest(key='t01-A', salt='t01', question='What is the dominant color of this image? Answer with exactly one word.'...rple',), max_tokens=8, needs_baseline=True, video_indices=(), ignore_eos=False, audio_indices=(), media_order=()), ...]
workdir = PosixPath('/tmp/mm27/s2_qwen35_2b/pytest-of-bo/pytest-0/mm_e2e_qwen3.5-2b0')
extra_engine_kwargs = {'mamba_cache_mode': 'align', 'enable_prefix_caching': True, 'max_num_batched_tokens': 544}

    def compute_baselines(
        spec: ModelSpec,
        requests: list[MMRequest],
        workdir: pathlib.Path,
        extra_engine_kwargs: Mapping[str, object] = _NO_EXTRA_KWARGS,
    ) -> dict[str, str]:
        """Run all baseline-needing requests on a plain vLLM engine (subprocess).
    
        Args:
            spec: The model under certification.
            requests: Requests to run; only those with ``needs_baseline`` run.
            workdir: Directory for the input/output JSON files.
            extra_engine_kwargs: Additional/overriding engine kwargs, so isolated
                scenarios get a baseline under the SAME scheduling config as the
                engine under test (must be JSON-serializable).
    
        Returns:
            Mapping of request key to generated text.
    
        Raises:
            RuntimeError: If the baseline subprocess fails.
        """
        todo = [r for r in requests if r.needs_baseline]
        # The baseline must run the same mandatory engine settings as the engine
        # under test (align mode changes the numeric regime; hf_overrides change
        # the model's geometry), so an output difference can only come from
        # LMCache.
        extra_engine_kwargs = {
            **spec_engine_kwargs(spec),
            **extra_engine_kwargs,
        }
        spec_json = {
            "model": spec.hf_id,
            "max_model_len": spec.max_model_len,
            "gpu_memory_utilization": spec.gpu_memory_utilization,
            "limit_mm_per_prompt": mm_limits(spec),
            "chat_template_kwargs": dict(spec.chat_template_kwargs),
            "extra_engine_kwargs": dict(extra_engine_kwargs),
            "requests": [
                {
                    "key": r.key,
                    "messages": r.messages(),
                    "max_tokens": effective_max_tokens(spec, r),
                    "ignore_eos": r.ignore_eos,
                }
                for r in todo
            ],
        }
        in_path = workdir / "baseline_in.json"
        out_path = workdir / "baseline_out.json"
        in_path.write_text(json.dumps(spec_json))
        runner = pathlib.Path(__file__).parent / "baseline_runner.py"
        proc = subprocess.run(
            [sys.executable, str(runner), str(in_path), str(out_path)],
            capture_output=True,
            text=True,
            timeout=3600,
        )
        if proc.returncode != 0:
>           raise RuntimeError(
                f"Baseline runner failed (exit {proc.returncode}):\n"
                f"stdout tail: {proc.stdout[-2000:]}\nstderr tail: {proc.stderr[-2000:]}"
            )
E           RuntimeError: Baseline runner failed (exit 1):
E           stdout tail: onfig=None, compilation_config={'mode': <CompilationMode.NONE: 0>, 'debug_dump_path': None, 'cache_dir': '', 'compile_cache_save_format': 'binary', 'backend': 'inductor', 'custom_ops': ['all'], 'ir_enable_torch_wrap': False, 'splitting_ops': [], 'compile_mm_encoder': False, 'cudagraph_mm_encoder': False, 'encoder_cudagraph_token_budgets': [], 'encoder_cudagraph_max_vision_items_per_batch': 0, 'encoder_cudagraph_max_frames_per_batch': None, 'compile_sizes': [], 'compile_ranges_endpoints': [544], 'inductor_compile_config': {'enable_auto_functionalized_v2': False, 'combo_kernels': True, 'benchmark_combo_kernel': True}, 'inductor_passes': {}, 'cudagraph_mode': <CUDAGraphMode.NONE: 0>, 'cudagraph_num_of_warmups': 0, 'cudagraph_capture_sizes': [], 'cudagraph_copy_inputs': False, 'cudagraph_specialize_lora': True, 'use_inductor_graph_partition': False, 'pass_config': {'fuse_norm_quant': True, 'fuse_act_quant': True, 'fuse_attn_quant': False, 'enable_sp': False, 'fuse_gemm_comms': False, 'fuse_allreduce_rms': False, 'enable_qk_norm_rope_fusion': False, 'fuse_rope_kvcache_cat_mla': False, 'fuse_act_padding': False, 'fuse_qk_norm_rope_kvcache': False}, 'max_cudagraph_capture_size': 0, 'dynamic_shapes_config': {'type': <DynamicShapesType.BACKED: 'backed'>, 'evaluate_guards': False, 'assume_32_bit_indexing': False}, 'local_cache_dir': None, 'fast_moe_cold_start': False, 'static_all_moe_layers': []}, kernel_config=KernelConfig(ir_op_priority=IrOpPriorityConfig(rms_norm=['vllm_c', 'native'], fused_add_rms_norm=['vllm_c', 'native']), enable_flashinfer_autotune=True, enable_cutedsl_warmup=True, enable_jit_warmup=True, enable_bf16x3_router_gemm=False, moe_backend='auto', linear_backend='auto')
E           INFO 08-26 10:15:06 [parallel_state.py:1640] world_size=1 rank=0 local_rank=0 distributed_init_method=tcp://10.2.201.16:37933 backend=nccl
E           INFO 08-26 10:15:07 [parallel_state.py:1977] rank 0 in world size 1 is assigned as DP rank 0, PP rank 0, PCP rank 0, TP rank 0, EP rank N/A, EPLB rank N/A
E           
E           stderr tail: utor = executor_class(vllm_config)
E           [rank0]:                           ^^^^^^^^^^^^^^^^^^^^^^^^^^^
E           [rank0]:   File "/home/bo/venvs/vllm-mm/lib/python3.12/site-packages/vllm/tracing/otel.py", line 178, in sync_wrapper
E           [rank0]:     return func(*args, **kwargs)
E           [rank0]:            ^^^^^^^^^^^^^^^^^^^^^
E           [rank0]:   File "/home/bo/venvs/vllm-mm/lib/python3.12/site-packages/vllm/v1/executor/abstract.py", line 109, in __init__
E           [rank0]:     self._init_executor()
E           [rank0]:   File "/home/bo/venvs/vllm-mm/lib/python3.12/site-packages/vllm/v1/executor/uniproc_executor.py", line 63, in _init_executor
E           [rank0]:     self.driver_worker.init_device()
E           [rank0]:   File "/home/bo/venvs/vllm-mm/lib/python3.12/site-packages/vllm/v1/worker/worker_base.py", line 331, in init_device
E           [rank0]:     self.worker.init_device()  # type: ignore
E           [rank0]:     ^^^^^^^^^^^^^^^^^^^^^^^^^
E           [rank0]:   File "/home/bo/venvs/vllm-mm/lib/python3.12/site-packages/vllm/tracing/otel.py", line 178, in sync_wrapper
E           [rank0]:     return func(*args, **kwargs)
E           [rank0]:            ^^^^^^^^^^^^^^^^^^^^^
E           [rank0]:   File "/home/bo/venvs/vllm-mm/lib/python3.12/site-packages/vllm/v1/worker/gpu_worker.py", line 396, in init_device
E           [rank0]:     self.requested_memory = request_memory(init_snapshot, self.cache_config)
E           [rank0]:                             ^^^^^^^^^^^^^^^^^^^^^^^^^^^^^^^^^^^^^^^^^^^^^^^^
E           [rank0]:   File "/home/bo/venvs/vllm-mm/lib/python3.12/site-packages/vllm/v1/worker/utils.py", line 419, in request_memory
E           [rank0]:     raise ValueError(
E           [rank0]: ValueError: Free memory on device cuda:0 (53.13/139.8 GiB) on startup is less than desired GPU memory utilization (0.6, 83.88 GiB). Decrease GPU memory utilization or reduce GPU memory used by other processes.
E           [rank0]:[W826 10:15:09.587831595 ProcessGroupNCCL.cpp:1624] Warning: WARNING: destroy_process_group() was not called before program exit, which can leak resources. For more info, please see https://pytorch.org/docs/stable/distributed.html#shutdown (function operator())

harness.py:1438: RuntimeError
________ ERROR at setup of test_t0_chunk_boundary_phases[qwen3.5-2b-6] _________

request = <SubRequest 'harness' for <Function test_t0_cross_image_isolation_and_hit_equivalence[qwen3.5-2b]>>
tmp_path_factory = TempPathFactory(_given_basetemp=None, _trace=<pluggy._tracing.TagTracerSub object at 0x7f9537222d80>, _basetemp=PosixPath('/tmp/mm27/s2_qwen35_2b/pytest-of-bo/pytest-0'), _retention_count=3, _retention_policy='all')

    @pytest.fixture(scope="session", params=_model_keys())
    def harness(request, tmp_path_factory):
        """Session harness for one model: baselines + MP server + LMCache engine.
    
        The suite drives the multi-process deployment only (see the
        ``harness`` module docstring), so a cache server is started here and
        torn down with the harness.
        """
        from catalog import (
            audio_requests,
            catalog,
            cross_modal_requests,
            pressure_requests,
            video_requests,
        )
        from harness import (
            LMCACHE_TEST_CHUNK_SIZE,
            MMHarness,
            compute_baselines,
            configure_environment,
            start_mp_cache_server,
        )
        from specs import MODEL_SPECS
    
        configure_environment()
        # Fail loudly if `import lmcache` resolved outside this repo (see the
        # sys.path pinning at the top of this file).
        import lmcache
    
        lmcache_root = pathlib.Path(lmcache.__file__).resolve().parents[1]
        if lmcache_root != _REPO_ROOT:
            raise RuntimeError(
                f"lmcache resolved to {lmcache_root}, expected {_REPO_ROOT}; "
                "the suite would certify the wrong source tree"
            )
        spec = MODEL_SPECS[request.param]
        all_requests = list(catalog().values()) + pressure_requests(pressure_n())
        if "video" in spec.modalities:
            all_requests += list(video_requests().values())
        if "audio" in spec.modalities:
            all_requests += list(audio_requests().values())
        if {"image", "audio"} <= spec.modalities:
            all_requests += list(cross_modal_requests().values())
        workdir = tmp_path_factory.mktemp(f"mm_e2e_{spec.key}")
>       baselines = compute_baselines(spec, all_requests, workdir)
                    ^^^^^^^^^^^^^^^^^^^^^^^^^^^^^^^^^^^^^^^^^^^^^^

conftest.py:229: 
_ _ _ _ _ _ _ _ _ _ _ _ _ _ _ _ _ _ _ _ _ _ _ _ _ _ _ _ _ _ _ _ _ _ _ _ _ _ _ _ 

spec = ModelSpec(key='qwen3.5-2b', hf_id='Qwen/Qwen3.5-2B', modalities=frozenset({'image', 'video'}), max_model_len=8192, gpu...gpu_utilization=0.0, mp_server_l1_gb=0.0, preemption_gpu_blocks=0, eviction_capacity_gb=0.0, answer_extract_pattern='')
requests = [MMRequest(key='t01-A', salt='t01', question='What is the dominant color of this image? Answer with exactly one word.'...rple',), max_tokens=8, needs_baseline=True, video_indices=(), ignore_eos=False, audio_indices=(), media_order=()), ...]
workdir = PosixPath('/tmp/mm27/s2_qwen35_2b/pytest-of-bo/pytest-0/mm_e2e_qwen3.5-2b0')
extra_engine_kwargs = {'mamba_cache_mode': 'align', 'enable_prefix_caching': True, 'max_num_batched_tokens': 544}

    def compute_baselines(
        spec: ModelSpec,
        requests: list[MMRequest],
        workdir: pathlib.Path,
        extra_engine_kwargs: Mapping[str, object] = _NO_EXTRA_KWARGS,
    ) -> dict[str, str]:
        """Run all baseline-needing requests on a plain vLLM engine (subprocess).
    
        Args:
            spec: The model under certification.
            requests: Requests to run; only those with ``needs_baseline`` run.
            workdir: Directory for the input/output JSON files.
            extra_engine_kwargs: Additional/overriding engine kwargs, so isolated
                scenarios get a baseline under the SAME scheduling config as the
                engine under test (must be JSON-serializable).
    
        Returns:
            Mapping of request key to generated text.
    
        Raises:
            RuntimeError: If the baseline subprocess fails.
        """
        todo = [r for r in requests if r.needs_baseline]
        # The baseline must run the same mandatory engine settings as the engine
        # under test (align mode changes the numeric regime; hf_overrides change
        # the model's geometry), so an output difference can only come from
        # LMCache.
        extra_engine_kwargs = {
            **spec_engine_kwargs(spec),
            **extra_engine_kwargs,
        }
        spec_json = {
            "model": spec.hf_id,
            "max_model_len": spec.max_model_len,
            "gpu_memory_utilization": spec.gpu_memory_utilization,
            "limit_mm_per_prompt": mm_limits(spec),
            "chat_template_kwargs": dict(spec.chat_template_kwargs),
            "extra_engine_kwargs": dict(extra_engine_kwargs),
            "requests": [
                {
                    "key": r.key,
                    "messages": r.messages(),
                    "max_tokens": effective_max_tokens(spec, r),
                    "ignore_eos": r.ignore_eos,
                }
                for r in todo
            ],
        }
        in_path = workdir / "baseline_in.json"
        out_path = workdir / "baseline_out.json"
        in_path.write_text(json.dumps(spec_json))
        runner = pathlib.Path(__file__).parent / "baseline_runner.py"
        proc = subprocess.run(
            [sys.executable, str(runner), str(in_path), str(out_path)],
            capture_output=True,
            text=True,
            timeout=3600,
        )
        if proc.returncode != 0:
>           raise RuntimeError(
                f"Baseline runner failed (exit {proc.returncode}):\n"
                f"stdout tail: {proc.stdout[-2000:]}\nstderr tail: {proc.stderr[-2000:]}"
            )
E           RuntimeError: Baseline runner failed (exit 1):
E           stdout tail: onfig=None, compilation_config={'mode': <CompilationMode.NONE: 0>, 'debug_dump_path': None, 'cache_dir': '', 'compile_cache_save_format': 'binary', 'backend': 'inductor', 'custom_ops': ['all'], 'ir_enable_torch_wrap': False, 'splitting_ops': [], 'compile_mm_encoder': False, 'cudagraph_mm_encoder': False, 'encoder_cudagraph_token_budgets': [], 'encoder_cudagraph_max_vision_items_per_batch': 0, 'encoder_cudagraph_max_frames_per_batch': None, 'compile_sizes': [], 'compile_ranges_endpoints': [544], 'inductor_compile_config': {'enable_auto_functionalized_v2': False, 'combo_kernels': True, 'benchmark_combo_kernel': True}, 'inductor_passes': {}, 'cudagraph_mode': <CUDAGraphMode.NONE: 0>, 'cudagraph_num_of_warmups': 0, 'cudagraph_capture_sizes': [], 'cudagraph_copy_inputs': False, 'cudagraph_specialize_lora': True, 'use_inductor_graph_partition': False, 'pass_config': {'fuse_norm_quant': True, 'fuse_act_quant': True, 'fuse_attn_quant': False, 'enable_sp': False, 'fuse_gemm_comms': False, 'fuse_allreduce_rms': False, 'enable_qk_norm_rope_fusion': False, 'fuse_rope_kvcache_cat_mla': False, 'fuse_act_padding': False, 'fuse_qk_norm_rope_kvcache': False}, 'max_cudagraph_capture_size': 0, 'dynamic_shapes_config': {'type': <DynamicShapesType.BACKED: 'backed'>, 'evaluate_guards': False, 'assume_32_bit_indexing': False}, 'local_cache_dir': None, 'fast_moe_cold_start': False, 'static_all_moe_layers': []}, kernel_config=KernelConfig(ir_op_priority=IrOpPriorityConfig(rms_norm=['vllm_c', 'native'], fused_add_rms_norm=['vllm_c', 'native']), enable_flashinfer_autotune=True, enable_cutedsl_warmup=True, enable_jit_warmup=True, enable_bf16x3_router_gemm=False, moe_backend='auto', linear_backend='auto')
E           INFO 08-26 10:15:06 [parallel_state.py:1640] world_size=1 rank=0 local_rank=0 distributed_init_method=tcp://10.2.201.16:37933 backend=nccl
E           INFO 08-26 10:15:07 [parallel_state.py:1977] rank 0 in world size 1 is assigned as DP rank 0, PP rank 0, PCP rank 0, TP rank 0, EP rank N/A, EPLB rank N/A
E           
E           stderr tail: utor = executor_class(vllm_config)
E           [rank0]:                           ^^^^^^^^^^^^^^^^^^^^^^^^^^^
E           [rank0]:   File "/home/bo/venvs/vllm-mm/lib/python3.12/site-packages/vllm/tracing/otel.py", line 178, in sync_wrapper
E           [rank0]:     return func(*args, **kwargs)
E           [rank0]:            ^^^^^^^^^^^^^^^^^^^^^
E           [rank0]:   File "/home/bo/venvs/vllm-mm/lib/python3.12/site-packages/vllm/v1/executor/abstract.py", line 109, in __init__
E           [rank0]:     self._init_executor()
E           [rank0]:   File "/home/bo/venvs/vllm-mm/lib/python3.12/site-packages/vllm/v1/executor/uniproc_executor.py", line 63, in _init_executor
E           [rank0]:     self.driver_worker.init_device()
E           [rank0]:   File "/home/bo/venvs/vllm-mm/lib/python3.12/site-packages/vllm/v1/worker/worker_base.py", line 331, in init_device
E           [rank0]:     self.worker.init_device()  # type: ignore
E           [rank0]:     ^^^^^^^^^^^^^^^^^^^^^^^^^
E           [rank0]:   File "/home/bo/venvs/vllm-mm/lib/python3.12/site-packages/vllm/tracing/otel.py", line 178, in sync_wrapper
E           [rank0]:     return func(*args, **kwargs)
E           [rank0]:            ^^^^^^^^^^^^^^^^^^^^^
E           [rank0]:   File "/home/bo/venvs/vllm-mm/lib/python3.12/site-packages/vllm/v1/worker/gpu_worker.py", line 396, in init_device
E           [rank0]:     self.requested_memory = request_memory(init_snapshot, self.cache_config)
E           [rank0]:                             ^^^^^^^^^^^^^^^^^^^^^^^^^^^^^^^^^^^^^^^^^^^^^^^^
E           [rank0]:   File "/home/bo/venvs/vllm-mm/lib/python3.12/site-packages/vllm/v1/worker/utils.py", line 419, in request_memory
E           [rank0]:     raise ValueError(
E           [rank0]: ValueError: Free memory on device cuda:0 (53.13/139.8 GiB) on startup is less than desired GPU memory utilization (0.6, 83.88 GiB). Decrease GPU memory utilization or reduce GPU memory used by other processes.
E           [rank0]:[W826 10:15:09.587831595 ProcessGroupNCCL.cpp:1624] Warning: WARNING: destroy_process_group() was not called before program exit, which can leak resources. For more info, please see https://pytorch.org/docs/stable/distributed.html#shutdown (function operator())

harness.py:1438: RuntimeError
________ ERROR at setup of test_t0_chunk_boundary_phases[qwen3.5-2b-7] _________

request = <SubRequest 'harness' for <Function test_t0_cross_image_isolation_and_hit_equivalence[qwen3.5-2b]>>
tmp_path_factory = TempPathFactory(_given_basetemp=None, _trace=<pluggy._tracing.TagTracerSub object at 0x7f9537222d80>, _basetemp=PosixPath('/tmp/mm27/s2_qwen35_2b/pytest-of-bo/pytest-0'), _retention_count=3, _retention_policy='all')

    @pytest.fixture(scope="session", params=_model_keys())
    def harness(request, tmp_path_factory):
        """Session harness for one model: baselines + MP server + LMCache engine.
    
        The suite drives the multi-process deployment only (see the
        ``harness`` module docstring), so a cache server is started here and
        torn down with the harness.
        """
        from catalog import (
            audio_requests,
            catalog,
            cross_modal_requests,
            pressure_requests,
            video_requests,
        )
        from harness import (
            LMCACHE_TEST_CHUNK_SIZE,
            MMHarness,
            compute_baselines,
            configure_environment,
            start_mp_cache_server,
        )
        from specs import MODEL_SPECS
    
        configure_environment()
        # Fail loudly if `import lmcache` resolved outside this repo (see the
        # sys.path pinning at the top of this file).
        import lmcache
    
        lmcache_root = pathlib.Path(lmcache.__file__).resolve().parents[1]
        if lmcache_root != _REPO_ROOT:
            raise RuntimeError(
                f"lmcache resolved to {lmcache_root}, expected {_REPO_ROOT}; "
                "the suite would certify the wrong source tree"
            )
        spec = MODEL_SPECS[request.param]
        all_requests = list(catalog().values()) + pressure_requests(pressure_n())
        if "video" in spec.modalities:
            all_requests += list(video_requests().values())
        if "audio" in spec.modalities:
            all_requests += list(audio_requests().values())
        if {"image", "audio"} <= spec.modalities:
            all_requests += list(cross_modal_requests().values())
        workdir = tmp_path_factory.mktemp(f"mm_e2e_{spec.key}")
>       baselines = compute_baselines(spec, all_requests, workdir)
                    ^^^^^^^^^^^^^^^^^^^^^^^^^^^^^^^^^^^^^^^^^^^^^^

conftest.py:229: 
_ _ _ _ _ _ _ _ _ _ _ _ _ _ _ _ _ _ _ _ _ _ _ _ _ _ _ _ _ _ _ _ _ _ _ _ _ _ _ _ 

spec = ModelSpec(key='qwen3.5-2b', hf_id='Qwen/Qwen3.5-2B', modalities=frozenset({'image', 'video'}), max_model_len=8192, gpu...gpu_utilization=0.0, mp_server_l1_gb=0.0, preemption_gpu_blocks=0, eviction_capacity_gb=0.0, answer_extract_pattern='')
requests = [MMRequest(key='t01-A', salt='t01', question='What is the dominant color of this image? Answer with exactly one word.'...rple',), max_tokens=8, needs_baseline=True, video_indices=(), ignore_eos=False, audio_indices=(), media_order=()), ...]
workdir = PosixPath('/tmp/mm27/s2_qwen35_2b/pytest-of-bo/pytest-0/mm_e2e_qwen3.5-2b0')
extra_engine_kwargs = {'mamba_cache_mode': 'align', 'enable_prefix_caching': True, 'max_num_batched_tokens': 544}

    def compute_baselines(
        spec: ModelSpec,
        requests: list[MMRequest],
        workdir: pathlib.Path,
        extra_engine_kwargs: Mapping[str, object] = _NO_EXTRA_KWARGS,
    ) -> dict[str, str]:
        """Run all baseline-needing requests on a plain vLLM engine (subprocess).
    
        Args:
            spec: The model under certification.
            requests: Requests to run; only those with ``needs_baseline`` run.
            workdir: Directory for the input/output JSON files.
            extra_engine_kwargs: Additional/overriding engine kwargs, so isolated
                scenarios get a baseline under the SAME scheduling config as the
                engine under test (must be JSON-serializable).
    
        Returns:
            Mapping of request key to generated text.
    
        Raises:
            RuntimeError: If the baseline subprocess fails.
        """
        todo = [r for r in requests if r.needs_baseline]
        # The baseline must run the same mandatory engine settings as the engine
        # under test (align mode changes the numeric regime; hf_overrides change
        # the model's geometry), so an output difference can only come from
        # LMCache.
        extra_engine_kwargs = {
            **spec_engine_kwargs(spec),
            **extra_engine_kwargs,
        }
        spec_json = {
            "model": spec.hf_id,
            "max_model_len": spec.max_model_len,
            "gpu_memory_utilization": spec.gpu_memory_utilization,
            "limit_mm_per_prompt": mm_limits(spec),
            "chat_template_kwargs": dict(spec.chat_template_kwargs),
            "extra_engine_kwargs": dict(extra_engine_kwargs),
            "requests": [
                {
                    "key": r.key,
                    "messages": r.messages(),
                    "max_tokens": effective_max_tokens(spec, r),
                    "ignore_eos": r.ignore_eos,
                }
                for r in todo
            ],
        }
        in_path = workdir / "baseline_in.json"
        out_path = workdir / "baseline_out.json"
        in_path.write_text(json.dumps(spec_json))
        runner = pathlib.Path(__file__).parent / "baseline_runner.py"
        proc = subprocess.run(
            [sys.executable, str(runner), str(in_path), str(out_path)],
            capture_output=True,
            text=True,
            timeout=3600,
        )
        if proc.returncode != 0:
>           raise RuntimeError(
                f"Baseline runner failed (exit {proc.returncode}):\n"
                f"stdout tail: {proc.stdout[-2000:]}\nstderr tail: {proc.stderr[-2000:]}"
            )
E           RuntimeError: Baseline runner failed (exit 1):
E           stdout tail: onfig=None, compilation_config={'mode': <CompilationMode.NONE: 0>, 'debug_dump_path': None, 'cache_dir': '', 'compile_cache_save_format': 'binary', 'backend': 'inductor', 'custom_ops': ['all'], 'ir_enable_torch_wrap': False, 'splitting_ops': [], 'compile_mm_encoder': False, 'cudagraph_mm_encoder': False, 'encoder_cudagraph_token_budgets': [], 'encoder_cudagraph_max_vision_items_per_batch': 0, 'encoder_cudagraph_max_frames_per_batch': None, 'compile_sizes': [], 'compile_ranges_endpoints': [544], 'inductor_compile_config': {'enable_auto_functionalized_v2': False, 'combo_kernels': True, 'benchmark_combo_kernel': True}, 'inductor_passes': {}, 'cudagraph_mode': <CUDAGraphMode.NONE: 0>, 'cudagraph_num_of_warmups': 0, 'cudagraph_capture_sizes': [], 'cudagraph_copy_inputs': False, 'cudagraph_specialize_lora': True, 'use_inductor_graph_partition': False, 'pass_config': {'fuse_norm_quant': True, 'fuse_act_quant': True, 'fuse_attn_quant': False, 'enable_sp': False, 'fuse_gemm_comms': False, 'fuse_allreduce_rms': False, 'enable_qk_norm_rope_fusion': False, 'fuse_rope_kvcache_cat_mla': False, 'fuse_act_padding': False, 'fuse_qk_norm_rope_kvcache': False}, 'max_cudagraph_capture_size': 0, 'dynamic_shapes_config': {'type': <DynamicShapesType.BACKED: 'backed'>, 'evaluate_guards': False, 'assume_32_bit_indexing': False}, 'local_cache_dir': None, 'fast_moe_cold_start': False, 'static_all_moe_layers': []}, kernel_config=KernelConfig(ir_op_priority=IrOpPriorityConfig(rms_norm=['vllm_c', 'native'], fused_add_rms_norm=['vllm_c', 'native']), enable_flashinfer_autotune=True, enable_cutedsl_warmup=True, enable_jit_warmup=True, enable_bf16x3_router_gemm=False, moe_backend='auto', linear_backend='auto')
E           INFO 08-26 10:15:06 [parallel_state.py:1640] world_size=1 rank=0 local_rank=0 distributed_init_method=tcp://10.2.201.16:37933 backend=nccl
E           INFO 08-26 10:15:07 [parallel_state.py:1977] rank 0 in world size 1 is assigned as DP rank 0, PP rank 0, PCP rank 0, TP rank 0, EP rank N/A, EPLB rank N/A
E           
E           stderr tail: utor = executor_class(vllm_config)
E           [rank0]:                           ^^^^^^^^^^^^^^^^^^^^^^^^^^^
E           [rank0]:   File "/home/bo/venvs/vllm-mm/lib/python3.12/site-packages/vllm/tracing/otel.py", line 178, in sync_wrapper
E           [rank0]:     return func(*args, **kwargs)
E           [rank0]:            ^^^^^^^^^^^^^^^^^^^^^
E           [rank0]:   File "/home/bo/venvs/vllm-mm/lib/python3.12/site-packages/vllm/v1/executor/abstract.py", line 109, in __init__
E           [rank0]:     self._init_executor()
E           [rank0]:   File "/home/bo/venvs/vllm-mm/lib/python3.12/site-packages/vllm/v1/executor/uniproc_executor.py", line 63, in _init_executor
E           [rank0]:     self.driver_worker.init_device()
E           [rank0]:   File "/home/bo/venvs/vllm-mm/lib/python3.12/site-packages/vllm/v1/worker/worker_base.py", line 331, in init_device
E           [rank0]:     self.worker.init_device()  # type: ignore
E           [rank0]:     ^^^^^^^^^^^^^^^^^^^^^^^^^
E           [rank0]:   File "/home/bo/venvs/vllm-mm/lib/python3.12/site-packages/vllm/tracing/otel.py", line 178, in sync_wrapper
E           [rank0]:     return func(*args, **kwargs)
E           [rank0]:            ^^^^^^^^^^^^^^^^^^^^^
E           [rank0]:   File "/home/bo/venvs/vllm-mm/lib/python3.12/site-packages/vllm/v1/worker/gpu_worker.py", line 396, in init_device
E           [rank0]:     self.requested_memory = request_memory(init_snapshot, self.cache_config)
E           [rank0]:                             ^^^^^^^^^^^^^^^^^^^^^^^^^^^^^^^^^^^^^^^^^^^^^^^^
E           [rank0]:   File "/home/bo/venvs/vllm-mm/lib/python3.12/site-packages/vllm/v1/worker/utils.py", line 419, in request_memory
E           [rank0]:     raise ValueError(
E           [rank0]: ValueError: Free memory on device cuda:0 (53.13/139.8 GiB) on startup is less than desired GPU memory utilization (0.6, 83.88 GiB). Decrease GPU memory utilization or reduce GPU memory used by other processes.
E           [rank0]:[W826 10:15:09.587831595 ProcessGroupNCCL.cpp:1624] Warning: WARNING: destroy_process_group() was not called before program exit, which can leak resources. For more info, please see https://pytorch.org/docs/stable/distributed.html#shutdown (function operator())

harness.py:1438: RuntimeError
________ ERROR at setup of test_t0_chunk_boundary_phases[qwen3.5-2b-8] _________

request = <SubRequest 'harness' for <Function test_t0_cross_image_isolation_and_hit_equivalence[qwen3.5-2b]>>
tmp_path_factory = TempPathFactory(_given_basetemp=None, _trace=<pluggy._tracing.TagTracerSub object at 0x7f9537222d80>, _basetemp=PosixPath('/tmp/mm27/s2_qwen35_2b/pytest-of-bo/pytest-0'), _retention_count=3, _retention_policy='all')

    @pytest.fixture(scope="session", params=_model_keys())
    def harness(request, tmp_path_factory):
        """Session harness for one model: baselines + MP server + LMCache engine.
    
        The suite drives the multi-process deployment only (see the
        ``harness`` module docstring), so a cache server is started here and
        torn down with the harness.
        """
        from catalog import (
            audio_requests,
            catalog,
            cross_modal_requests,
            pressure_requests,
            video_requests,
        )
        from harness import (
            LMCACHE_TEST_CHUNK_SIZE,
            MMHarness,
            compute_baselines,
            configure_environment,
            start_mp_cache_server,
        )
        from specs import MODEL_SPECS
    
        configure_environment()
        # Fail loudly if `import lmcache` resolved outside this repo (see the
        # sys.path pinning at the top of this file).
        import lmcache
    
        lmcache_root = pathlib.Path(lmcache.__file__).resolve().parents[1]
        if lmcache_root != _REPO_ROOT:
            raise RuntimeError(
                f"lmcache resolved to {lmcache_root}, expected {_REPO_ROOT}; "
                "the suite would certify the wrong source tree"
            )
        spec = MODEL_SPECS[request.param]
        all_requests = list(catalog().values()) + pressure_requests(pressure_n())
        if "video" in spec.modalities:
            all_requests += list(video_requests().values())
        if "audio" in spec.modalities:
            all_requests += list(audio_requests().values())
        if {"image", "audio"} <= spec.modalities:
            all_requests += list(cross_modal_requests().values())
        workdir = tmp_path_factory.mktemp(f"mm_e2e_{spec.key}")
>       baselines = compute_baselines(spec, all_requests, workdir)
                    ^^^^^^^^^^^^^^^^^^^^^^^^^^^^^^^^^^^^^^^^^^^^^^

conftest.py:229: 
_ _ _ _ _ _ _ _ _ _ _ _ _ _ _ _ _ _ _ _ _ _ _ _ _ _ _ _ _ _ _ _ _ _ _ _ _ _ _ _ 

spec = ModelSpec(key='qwen3.5-2b', hf_id='Qwen/Qwen3.5-2B', modalities=frozenset({'image', 'video'}), max_model_len=8192, gpu...gpu_utilization=0.0, mp_server_l1_gb=0.0, preemption_gpu_blocks=0, eviction_capacity_gb=0.0, answer_extract_pattern='')
requests = [MMRequest(key='t01-A', salt='t01', question='What is the dominant color of this image? Answer with exactly one word.'...rple',), max_tokens=8, needs_baseline=True, video_indices=(), ignore_eos=False, audio_indices=(), media_order=()), ...]
workdir = PosixPath('/tmp/mm27/s2_qwen35_2b/pytest-of-bo/pytest-0/mm_e2e_qwen3.5-2b0')
extra_engine_kwargs = {'mamba_cache_mode': 'align', 'enable_prefix_caching': True, 'max_num_batched_tokens': 544}

    def compute_baselines(
        spec: ModelSpec,
        requests: list[MMRequest],
        workdir: pathlib.Path,
        extra_engine_kwargs: Mapping[str, object] = _NO_EXTRA_KWARGS,
    ) -> dict[str, str]:
        """Run all baseline-needing requests on a plain vLLM engine (subprocess).
    
        Args:
            spec: The model under certification.
            requests: Requests to run; only those with ``needs_baseline`` run.
            workdir: Directory for the input/output JSON files.
            extra_engine_kwargs: Additional/overriding engine kwargs, so isolated
                scenarios get a baseline under the SAME scheduling config as the
                engine under test (must be JSON-serializable).
    
        Returns:
            Mapping of request key to generated text.
    
        Raises:
            RuntimeError: If the baseline subprocess fails.
        """
        todo = [r for r in requests if r.needs_baseline]
        # The baseline must run the same mandatory engine settings as the engine
        # under test (align mode changes the numeric regime; hf_overrides change
        # the model's geometry), so an output difference can only come from
        # LMCache.
        extra_engine_kwargs = {
            **spec_engine_kwargs(spec),
            **extra_engine_kwargs,
        }
        spec_json = {
            "model": spec.hf_id,
            "max_model_len": spec.max_model_len,
            "gpu_memory_utilization": spec.gpu_memory_utilization,
            "limit_mm_per_prompt": mm_limits(spec),
            "chat_template_kwargs": dict(spec.chat_template_kwargs),
            "extra_engine_kwargs": dict(extra_engine_kwargs),
            "requests": [
                {
                    "key": r.key,
                    "messages": r.messages(),
                    "max_tokens": effective_max_tokens(spec, r),
                    "ignore_eos": r.ignore_eos,
                }
                for r in todo
            ],
        }
        in_path = workdir / "baseline_in.json"
        out_path = workdir / "baseline_out.json"
        in_path.write_text(json.dumps(spec_json))
        runner = pathlib.Path(__file__).parent / "baseline_runner.py"
        proc = subprocess.run(
            [sys.executable, str(runner), str(in_path), str(out_path)],
            capture_output=True,
            text=True,
            timeout=3600,
        )
        if proc.returncode != 0:
>           raise RuntimeError(
                f"Baseline runner failed (exit {proc.returncode}):\n"
                f"stdout tail: {proc.stdout[-2000:]}\nstderr tail: {proc.stderr[-2000:]}"
            )
E           RuntimeError: Baseline runner failed (exit 1):
E           stdout tail: onfig=None, compilation_config={'mode': <CompilationMode.NONE: 0>, 'debug_dump_path': None, 'cache_dir': '', 'compile_cache_save_format': 'binary', 'backend': 'inductor', 'custom_ops': ['all'], 'ir_enable_torch_wrap': False, 'splitting_ops': [], 'compile_mm_encoder': False, 'cudagraph_mm_encoder': False, 'encoder_cudagraph_token_budgets': [], 'encoder_cudagraph_max_vision_items_per_batch': 0, 'encoder_cudagraph_max_frames_per_batch': None, 'compile_sizes': [], 'compile_ranges_endpoints': [544], 'inductor_compile_config': {'enable_auto_functionalized_v2': False, 'combo_kernels': True, 'benchmark_combo_kernel': True}, 'inductor_passes': {}, 'cudagraph_mode': <CUDAGraphMode.NONE: 0>, 'cudagraph_num_of_warmups': 0, 'cudagraph_capture_sizes': [], 'cudagraph_copy_inputs': False, 'cudagraph_specialize_lora': True, 'use_inductor_graph_partition': False, 'pass_config': {'fuse_norm_quant': True, 'fuse_act_quant': True, 'fuse_attn_quant': False, 'enable_sp': False, 'fuse_gemm_comms': False, 'fuse_allreduce_rms': False, 'enable_qk_norm_rope_fusion': False, 'fuse_rope_kvcache_cat_mla': False, 'fuse_act_padding': False, 'fuse_qk_norm_rope_kvcache': False}, 'max_cudagraph_capture_size': 0, 'dynamic_shapes_config': {'type': <DynamicShapesType.BACKED: 'backed'>, 'evaluate_guards': False, 'assume_32_bit_indexing': False}, 'local_cache_dir': None, 'fast_moe_cold_start': False, 'static_all_moe_layers': []}, kernel_config=KernelConfig(ir_op_priority=IrOpPriorityConfig(rms_norm=['vllm_c', 'native'], fused_add_rms_norm=['vllm_c', 'native']), enable_flashinfer_autotune=True, enable_cutedsl_warmup=True, enable_jit_warmup=True, enable_bf16x3_router_gemm=False, moe_backend='auto', linear_backend='auto')
E           INFO 08-26 10:15:06 [parallel_state.py:1640] world_size=1 rank=0 local_rank=0 distributed_init_method=tcp://10.2.201.16:37933 backend=nccl
E           INFO 08-26 10:15:07 [parallel_state.py:1977] rank 0 in world size 1 is assigned as DP rank 0, PP rank 0, PCP rank 0, TP rank 0, EP rank N/A, EPLB rank N/A
E           
E           stderr tail: utor = executor_class(vllm_config)
E           [rank0]:                           ^^^^^^^^^^^^^^^^^^^^^^^^^^^
E           [rank0]:   File "/home/bo/venvs/vllm-mm/lib/python3.12/site-packages/vllm/tracing/otel.py", line 178, in sync_wrapper
E           [rank0]:     return func(*args, **kwargs)
E           [rank0]:            ^^^^^^^^^^^^^^^^^^^^^
E           [rank0]:   File "/home/bo/venvs/vllm-mm/lib/python3.12/site-packages/vllm/v1/executor/abstract.py", line 109, in __init__
E           [rank0]:     self._init_executor()
E           [rank0]:   File "/home/bo/venvs/vllm-mm/lib/python3.12/site-packages/vllm/v1/executor/uniproc_executor.py", line 63, in _init_executor
E           [rank0]:     self.driver_worker.init_device()
E           [rank0]:   File "/home/bo/venvs/vllm-mm/lib/python3.12/site-packages/vllm/v1/worker/worker_base.py", line 331, in init_device
E           [rank0]:     self.worker.init_device()  # type: ignore
E           [rank0]:     ^^^^^^^^^^^^^^^^^^^^^^^^^
E           [rank0]:   File "/home/bo/venvs/vllm-mm/lib/python3.12/site-packages/vllm/tracing/otel.py", line 178, in sync_wrapper
E           [rank0]:     return func(*args, **kwargs)
E           [rank0]:            ^^^^^^^^^^^^^^^^^^^^^
E           [rank0]:   File "/home/bo/venvs/vllm-mm/lib/python3.12/site-packages/vllm/v1/worker/gpu_worker.py", line 396, in init_device
E           [rank0]:     self.requested_memory = request_memory(init_snapshot, self.cache_config)
E           [rank0]:                             ^^^^^^^^^^^^^^^^^^^^^^^^^^^^^^^^^^^^^^^^^^^^^^^^
E           [rank0]:   File "/home/bo/venvs/vllm-mm/lib/python3.12/site-packages/vllm/v1/worker/utils.py", line 419, in request_memory
E           [rank0]:     raise ValueError(
E           [rank0]: ValueError: Free memory on device cuda:0 (53.13/139.8 GiB) on startup is less than desired GPU memory utilization (0.6, 83.88 GiB). Decrease GPU memory utilization or reduce GPU memory used by other processes.
E           [rank0]:[W826 10:15:09.587831595 ProcessGroupNCCL.cpp:1624] Warning: WARNING: destroy_process_group() was not called before program exit, which can leak resources. For more info, please see https://pytorch.org/docs/stable/distributed.html#shutdown (function operator())

harness.py:1438: RuntimeError
________ ERROR at setup of test_t0_chunk_boundary_phases[qwen3.5-2b-9] _________

request = <SubRequest 'harness' for <Function test_t0_cross_image_isolation_and_hit_equivalence[qwen3.5-2b]>>
tmp_path_factory = TempPathFactory(_given_basetemp=None, _trace=<pluggy._tracing.TagTracerSub object at 0x7f9537222d80>, _basetemp=PosixPath('/tmp/mm27/s2_qwen35_2b/pytest-of-bo/pytest-0'), _retention_count=3, _retention_policy='all')

    @pytest.fixture(scope="session", params=_model_keys())
    def harness(request, tmp_path_factory):
        """Session harness for one model: baselines + MP server + LMCache engine.
    
        The suite drives the multi-process deployment only (see the
        ``harness`` module docstring), so a cache server is started here and
        torn down with the harness.
        """
        from catalog import (
            audio_requests,
            catalog,
            cross_modal_requests,
            pressure_requests,
            video_requests,
        )
        from harness import (
            LMCACHE_TEST_CHUNK_SIZE,
            MMHarness,
            compute_baselines,
            configure_environment,
            start_mp_cache_server,
        )
        from specs import MODEL_SPECS
    
        configure_environment()
        # Fail loudly if `import lmcache` resolved outside this repo (see the
        # sys.path pinning at the top of this file).
        import lmcache
    
        lmcache_root = pathlib.Path(lmcache.__file__).resolve().parents[1]
        if lmcache_root != _REPO_ROOT:
            raise RuntimeError(
                f"lmcache resolved to {lmcache_root}, expected {_REPO_ROOT}; "
                "the suite would certify the wrong source tree"
            )
        spec = MODEL_SPECS[request.param]
        all_requests = list(catalog().values()) + pressure_requests(pressure_n())
        if "video" in spec.modalities:
            all_requests += list(video_requests().values())
        if "audio" in spec.modalities:
            all_requests += list(audio_requests().values())
        if {"image", "audio"} <= spec.modalities:
            all_requests += list(cross_modal_requests().values())
        workdir = tmp_path_factory.mktemp(f"mm_e2e_{spec.key}")
>       baselines = compute_baselines(spec, all_requests, workdir)
                    ^^^^^^^^^^^^^^^^^^^^^^^^^^^^^^^^^^^^^^^^^^^^^^

conftest.py:229: 
_ _ _ _ _ _ _ _ _ _ _ _ _ _ _ _ _ _ _ _ _ _ _ _ _ _ _ _ _ _ _ _ _ _ _ _ _ _ _ _ 

spec = ModelSpec(key='qwen3.5-2b', hf_id='Qwen/Qwen3.5-2B', modalities=frozenset({'image', 'video'}), max_model_len=8192, gpu...gpu_utilization=0.0, mp_server_l1_gb=0.0, preemption_gpu_blocks=0, eviction_capacity_gb=0.0, answer_extract_pattern='')
requests = [MMRequest(key='t01-A', salt='t01', question='What is the dominant color of this image? Answer with exactly one word.'...rple',), max_tokens=8, needs_baseline=True, video_indices=(), ignore_eos=False, audio_indices=(), media_order=()), ...]
workdir = PosixPath('/tmp/mm27/s2_qwen35_2b/pytest-of-bo/pytest-0/mm_e2e_qwen3.5-2b0')
extra_engine_kwargs = {'mamba_cache_mode': 'align', 'enable_prefix_caching': True, 'max_num_batched_tokens': 544}

    def compute_baselines(
        spec: ModelSpec,
        requests: list[MMRequest],
        workdir: pathlib.Path,
        extra_engine_kwargs: Mapping[str, object] = _NO_EXTRA_KWARGS,
    ) -> dict[str, str]:
        """Run all baseline-needing requests on a plain vLLM engine (subprocess).
    
        Args:
            spec: The model under certification.
            requests: Requests to run; only those with ``needs_baseline`` run.
            workdir: Directory for the input/output JSON files.
            extra_engine_kwargs: Additional/overriding engine kwargs, so isolated
                scenarios get a baseline under the SAME scheduling config as the
                engine under test (must be JSON-serializable).
    
        Returns:
            Mapping of request key to generated text.
    
        Raises:
            RuntimeError: If the baseline subprocess fails.
        """
        todo = [r for r in requests if r.needs_baseline]
        # The baseline must run the same mandatory engine settings as the engine
        # under test (align mode changes the numeric regime; hf_overrides change
        # the model's geometry), so an output difference can only come from
        # LMCache.
        extra_engine_kwargs = {
            **spec_engine_kwargs(spec),
            **extra_engine_kwargs,
        }
        spec_json = {
            "model": spec.hf_id,
            "max_model_len": spec.max_model_len,
            "gpu_memory_utilization": spec.gpu_memory_utilization,
            "limit_mm_per_prompt": mm_limits(spec),
            "chat_template_kwargs": dict(spec.chat_template_kwargs),
            "extra_engine_kwargs": dict(extra_engine_kwargs),
            "requests": [
                {
                    "key": r.key,
                    "messages": r.messages(),
                    "max_tokens": effective_max_tokens(spec, r),
                    "ignore_eos": r.ignore_eos,
                }
                for r in todo
            ],
        }
        in_path = workdir / "baseline_in.json"
        out_path = workdir / "baseline_out.json"
        in_path.write_text(json.dumps(spec_json))
        runner = pathlib.Path(__file__).parent / "baseline_runner.py"
        proc = subprocess.run(
            [sys.executable, str(runner), str(in_path), str(out_path)],
            capture_output=True,
            text=True,
            timeout=3600,
        )
        if proc.returncode != 0:
>           raise RuntimeError(
                f"Baseline runner failed (exit {proc.returncode}):\n"
                f"stdout tail: {proc.stdout[-2000:]}\nstderr tail: {proc.stderr[-2000:]}"
            )
E           RuntimeError: Baseline runner failed (exit 1):
E           stdout tail: onfig=None, compilation_config={'mode': <CompilationMode.NONE: 0>, 'debug_dump_path': None, 'cache_dir': '', 'compile_cache_save_format': 'binary', 'backend': 'inductor', 'custom_ops': ['all'], 'ir_enable_torch_wrap': False, 'splitting_ops': [], 'compile_mm_encoder': False, 'cudagraph_mm_encoder': False, 'encoder_cudagraph_token_budgets': [], 'encoder_cudagraph_max_vision_items_per_batch': 0, 'encoder_cudagraph_max_frames_per_batch': None, 'compile_sizes': [], 'compile_ranges_endpoints': [544], 'inductor_compile_config': {'enable_auto_functionalized_v2': False, 'combo_kernels': True, 'benchmark_combo_kernel': True}, 'inductor_passes': {}, 'cudagraph_mode': <CUDAGraphMode.NONE: 0>, 'cudagraph_num_of_warmups': 0, 'cudagraph_capture_sizes': [], 'cudagraph_copy_inputs': False, 'cudagraph_specialize_lora': True, 'use_inductor_graph_partition': False, 'pass_config': {'fuse_norm_quant': True, 'fuse_act_quant': True, 'fuse_attn_quant': False, 'enable_sp': False, 'fuse_gemm_comms': False, 'fuse_allreduce_rms': False, 'enable_qk_norm_rope_fusion': False, 'fuse_rope_kvcache_cat_mla': False, 'fuse_act_padding': False, 'fuse_qk_norm_rope_kvcache': False}, 'max_cudagraph_capture_size': 0, 'dynamic_shapes_config': {'type': <DynamicShapesType.BACKED: 'backed'>, 'evaluate_guards': False, 'assume_32_bit_indexing': False}, 'local_cache_dir': None, 'fast_moe_cold_start': False, 'static_all_moe_layers': []}, kernel_config=KernelConfig(ir_op_priority=IrOpPriorityConfig(rms_norm=['vllm_c', 'native'], fused_add_rms_norm=['vllm_c', 'native']), enable_flashinfer_autotune=True, enable_cutedsl_warmup=True, enable_jit_warmup=True, enable_bf16x3_router_gemm=False, moe_backend='auto', linear_backend='auto')
E           INFO 08-26 10:15:06 [parallel_state.py:1640] world_size=1 rank=0 local_rank=0 distributed_init_method=tcp://10.2.201.16:37933 backend=nccl
E           INFO 08-26 10:15:07 [parallel_state.py:1977] rank 0 in world size 1 is assigned as DP rank 0, PP rank 0, PCP rank 0, TP rank 0, EP rank N/A, EPLB rank N/A
E           
E           stderr tail: utor = executor_class(vllm_config)
E           [rank0]:                           ^^^^^^^^^^^^^^^^^^^^^^^^^^^
E           [rank0]:   File "/home/bo/venvs/vllm-mm/lib/python3.12/site-packages/vllm/tracing/otel.py", line 178, in sync_wrapper
E           [rank0]:     return func(*args, **kwargs)
E           [rank0]:            ^^^^^^^^^^^^^^^^^^^^^
E           [rank0]:   File "/home/bo/venvs/vllm-mm/lib/python3.12/site-packages/vllm/v1/executor/abstract.py", line 109, in __init__
E           [rank0]:     self._init_executor()
E           [rank0]:   File "/home/bo/venvs/vllm-mm/lib/python3.12/site-packages/vllm/v1/executor/uniproc_executor.py", line 63, in _init_executor
E           [rank0]:     self.driver_worker.init_device()
E           [rank0]:   File "/home/bo/venvs/vllm-mm/lib/python3.12/site-packages/vllm/v1/worker/worker_base.py", line 331, in init_device
E           [rank0]:     self.worker.init_device()  # type: ignore
E           [rank0]:     ^^^^^^^^^^^^^^^^^^^^^^^^^
E           [rank0]:   File "/home/bo/venvs/vllm-mm/lib/python3.12/site-packages/vllm/tracing/otel.py", line 178, in sync_wrapper
E           [rank0]:     return func(*args, **kwargs)
E           [rank0]:            ^^^^^^^^^^^^^^^^^^^^^
E           [rank0]:   File "/home/bo/venvs/vllm-mm/lib/python3.12/site-packages/vllm/v1/worker/gpu_worker.py", line 396, in init_device
E           [rank0]:     self.requested_memory = request_memory(init_snapshot, self.cache_config)
E           [rank0]:                             ^^^^^^^^^^^^^^^^^^^^^^^^^^^^^^^^^^^^^^^^^^^^^^^^
E           [rank0]:   File "/home/bo/venvs/vllm-mm/lib/python3.12/site-packages/vllm/v1/worker/utils.py", line 419, in request_memory
E           [rank0]:     raise ValueError(
E           [rank0]: ValueError: Free memory on device cuda:0 (53.13/139.8 GiB) on startup is less than desired GPU memory utilization (0.6, 83.88 GiB). Decrease GPU memory utilization or reduce GPU memory used by other processes.
E           [rank0]:[W826 10:15:09.587831595 ProcessGroupNCCL.cpp:1624] Warning: WARNING: destroy_process_group() was not called before program exit, which can leak resources. For more info, please see https://pytorch.org/docs/stable/distributed.html#shutdown (function operator())

harness.py:1438: RuntimeError
________ ERROR at setup of test_t0_chunk_boundary_phases[qwen3.5-2b-10] ________

request = <SubRequest 'harness' for <Function test_t0_cross_image_isolation_and_hit_equivalence[qwen3.5-2b]>>
tmp_path_factory = TempPathFactory(_given_basetemp=None, _trace=<pluggy._tracing.TagTracerSub object at 0x7f9537222d80>, _basetemp=PosixPath('/tmp/mm27/s2_qwen35_2b/pytest-of-bo/pytest-0'), _retention_count=3, _retention_policy='all')

    @pytest.fixture(scope="session", params=_model_keys())
    def harness(request, tmp_path_factory):
        """Session harness for one model: baselines + MP server + LMCache engine.
    
        The suite drives the multi-process deployment only (see the
        ``harness`` module docstring), so a cache server is started here and
        torn down with the harness.
        """
        from catalog import (
            audio_requests,
            catalog,
            cross_modal_requests,
            pressure_requests,
            video_requests,
        )
        from harness import (
            LMCACHE_TEST_CHUNK_SIZE,
            MMHarness,
            compute_baselines,
            configure_environment,
            start_mp_cache_server,
        )
        from specs import MODEL_SPECS
    
        configure_environment()
        # Fail loudly if `import lmcache` resolved outside this repo (see the
        # sys.path pinning at the top of this file).
        import lmcache
    
        lmcache_root = pathlib.Path(lmcache.__file__).resolve().parents[1]
        if lmcache_root != _REPO_ROOT:
            raise RuntimeError(
                f"lmcache resolved to {lmcache_root}, expected {_REPO_ROOT}; "
                "the suite would certify the wrong source tree"
            )
        spec = MODEL_SPECS[request.param]
        all_requests = list(catalog().values()) + pressure_requests(pressure_n())
        if "video" in spec.modalities:
            all_requests += list(video_requests().values())
        if "audio" in spec.modalities:
            all_requests += list(audio_requests().values())
        if {"image", "audio"} <= spec.modalities:
            all_requests += list(cross_modal_requests().values())
        workdir = tmp_path_factory.mktemp(f"mm_e2e_{spec.key}")
>       baselines = compute_baselines(spec, all_requests, workdir)
                    ^^^^^^^^^^^^^^^^^^^^^^^^^^^^^^^^^^^^^^^^^^^^^^

conftest.py:229: 
_ _ _ _ _ _ _ _ _ _ _ _ _ _ _ _ _ _ _ _ _ _ _ _ _ _ _ _ _ _ _ _ _ _ _ _ _ _ _ _ 

spec = ModelSpec(key='qwen3.5-2b', hf_id='Qwen/Qwen3.5-2B', modalities=frozenset({'image', 'video'}), max_model_len=8192, gpu...gpu_utilization=0.0, mp_server_l1_gb=0.0, preemption_gpu_blocks=0, eviction_capacity_gb=0.0, answer_extract_pattern='')
requests = [MMRequest(key='t01-A', salt='t01', question='What is the dominant color of this image? Answer with exactly one word.'...rple',), max_tokens=8, needs_baseline=True, video_indices=(), ignore_eos=False, audio_indices=(), media_order=()), ...]
workdir = PosixPath('/tmp/mm27/s2_qwen35_2b/pytest-of-bo/pytest-0/mm_e2e_qwen3.5-2b0')
extra_engine_kwargs = {'mamba_cache_mode': 'align', 'enable_prefix_caching': True, 'max_num_batched_tokens': 544}

    def compute_baselines(
        spec: ModelSpec,
        requests: list[MMRequest],
        workdir: pathlib.Path,
        extra_engine_kwargs: Mapping[str, object] = _NO_EXTRA_KWARGS,
    ) -> dict[str, str]:
        """Run all baseline-needing requests on a plain vLLM engine (subprocess).
    
        Args:
            spec: The model under certification.
            requests: Requests to run; only those with ``needs_baseline`` run.
            workdir: Directory for the input/output JSON files.
            extra_engine_kwargs: Additional/overriding engine kwargs, so isolated
                scenarios get a baseline under the SAME scheduling config as the
                engine under test (must be JSON-serializable).
    
        Returns:
            Mapping of request key to generated text.
    
        Raises:
            RuntimeError: If the baseline subprocess fails.
        """
        todo = [r for r in requests if r.needs_baseline]
        # The baseline must run the same mandatory engine settings as the engine
        # under test (align mode changes the numeric regime; hf_overrides change
        # the model's geometry), so an output difference can only come from
        # LMCache.
        extra_engine_kwargs = {
            **spec_engine_kwargs(spec),
            **extra_engine_kwargs,
        }
        spec_json = {
            "model": spec.hf_id,
            "max_model_len": spec.max_model_len,
            "gpu_memory_utilization": spec.gpu_memory_utilization,
            "limit_mm_per_prompt": mm_limits(spec),
            "chat_template_kwargs": dict(spec.chat_template_kwargs),
            "extra_engine_kwargs": dict(extra_engine_kwargs),
            "requests": [
                {
                    "key": r.key,
                    "messages": r.messages(),
                    "max_tokens": effective_max_tokens(spec, r),
                    "ignore_eos": r.ignore_eos,
                }
                for r in todo
            ],
        }
        in_path = workdir / "baseline_in.json"
        out_path = workdir / "baseline_out.json"
        in_path.write_text(json.dumps(spec_json))
        runner = pathlib.Path(__file__).parent / "baseline_runner.py"
        proc = subprocess.run(
            [sys.executable, str(runner), str(in_path), str(out_path)],
            capture_output=True,
            text=True,
            timeout=3600,
        )
        if proc.returncode != 0:
>           raise RuntimeError(
                f"Baseline runner failed (exit {proc.returncode}):\n"
                f"stdout tail: {proc.stdout[-2000:]}\nstderr tail: {proc.stderr[-2000:]}"
            )
E           RuntimeError: Baseline runner failed (exit 1):
E           stdout tail: onfig=None, compilation_config={'mode': <CompilationMode.NONE: 0>, 'debug_dump_path': None, 'cache_dir': '', 'compile_cache_save_format': 'binary', 'backend': 'inductor', 'custom_ops': ['all'], 'ir_enable_torch_wrap': False, 'splitting_ops': [], 'compile_mm_encoder': False, 'cudagraph_mm_encoder': False, 'encoder_cudagraph_token_budgets': [], 'encoder_cudagraph_max_vision_items_per_batch': 0, 'encoder_cudagraph_max_frames_per_batch': None, 'compile_sizes': [], 'compile_ranges_endpoints': [544], 'inductor_compile_config': {'enable_auto_functionalized_v2': False, 'combo_kernels': True, 'benchmark_combo_kernel': True}, 'inductor_passes': {}, 'cudagraph_mode': <CUDAGraphMode.NONE: 0>, 'cudagraph_num_of_warmups': 0, 'cudagraph_capture_sizes': [], 'cudagraph_copy_inputs': False, 'cudagraph_specialize_lora': True, 'use_inductor_graph_partition': False, 'pass_config': {'fuse_norm_quant': True, 'fuse_act_quant': True, 'fuse_attn_quant': False, 'enable_sp': False, 'fuse_gemm_comms': False, 'fuse_allreduce_rms': False, 'enable_qk_norm_rope_fusion': False, 'fuse_rope_kvcache_cat_mla': False, 'fuse_act_padding': False, 'fuse_qk_norm_rope_kvcache': False}, 'max_cudagraph_capture_size': 0, 'dynamic_shapes_config': {'type': <DynamicShapesType.BACKED: 'backed'>, 'evaluate_guards': False, 'assume_32_bit_indexing': False}, 'local_cache_dir': None, 'fast_moe_cold_start': False, 'static_all_moe_layers': []}, kernel_config=KernelConfig(ir_op_priority=IrOpPriorityConfig(rms_norm=['vllm_c', 'native'], fused_add_rms_norm=['vllm_c', 'native']), enable_flashinfer_autotune=True, enable_cutedsl_warmup=True, enable_jit_warmup=True, enable_bf16x3_router_gemm=False, moe_backend='auto', linear_backend='auto')
E           INFO 08-26 10:15:06 [parallel_state.py:1640] world_size=1 rank=0 local_rank=0 distributed_init_method=tcp://10.2.201.16:37933 backend=nccl
E           INFO 08-26 10:15:07 [parallel_state.py:1977] rank 0 in world size 1 is assigned as DP rank 0, PP rank 0, PCP rank 0, TP rank 0, EP rank N/A, EPLB rank N/A
E           
E           stderr tail: utor = executor_class(vllm_config)
E           [rank0]:                           ^^^^^^^^^^^^^^^^^^^^^^^^^^^
E           [rank0]:   File "/home/bo/venvs/vllm-mm/lib/python3.12/site-packages/vllm/tracing/otel.py", line 178, in sync_wrapper
E           [rank0]:     return func(*args, **kwargs)
E           [rank0]:            ^^^^^^^^^^^^^^^^^^^^^
E           [rank0]:   File "/home/bo/venvs/vllm-mm/lib/python3.12/site-packages/vllm/v1/executor/abstract.py", line 109, in __init__
E           [rank0]:     self._init_executor()
E           [rank0]:   File "/home/bo/venvs/vllm-mm/lib/python3.12/site-packages/vllm/v1/executor/uniproc_executor.py", line 63, in _init_executor
E           [rank0]:     self.driver_worker.init_device()
E           [rank0]:   File "/home/bo/venvs/vllm-mm/lib/python3.12/site-packages/vllm/v1/worker/worker_base.py", line 331, in init_device
E           [rank0]:     self.worker.init_device()  # type: ignore
E           [rank0]:     ^^^^^^^^^^^^^^^^^^^^^^^^^
E           [rank0]:   File "/home/bo/venvs/vllm-mm/lib/python3.12/site-packages/vllm/tracing/otel.py", line 178, in sync_wrapper
E           [rank0]:     return func(*args, **kwargs)
E           [rank0]:            ^^^^^^^^^^^^^^^^^^^^^
E           [rank0]:   File "/home/bo/venvs/vllm-mm/lib/python3.12/site-packages/vllm/v1/worker/gpu_worker.py", line 396, in init_device
E           [rank0]:     self.requested_memory = request_memory(init_snapshot, self.cache_config)
E           [rank0]:                             ^^^^^^^^^^^^^^^^^^^^^^^^^^^^^^^^^^^^^^^^^^^^^^^^
E           [rank0]:   File "/home/bo/venvs/vllm-mm/lib/python3.12/site-packages/vllm/v1/worker/utils.py", line 419, in request_memory
E           [rank0]:     raise ValueError(
E           [rank0]: ValueError: Free memory on device cuda:0 (53.13/139.8 GiB) on startup is less than desired GPU memory utilization (0.6, 83.88 GiB). Decrease GPU memory utilization or reduce GPU memory used by other processes.
E           [rank0]:[W826 10:15:09.587831595 ProcessGroupNCCL.cpp:1624] Warning: WARNING: destroy_process_group() was not called before program exit, which can leak resources. For more info, please see https://pytorch.org/docs/stable/distributed.html#shutdown (function operator())

harness.py:1438: RuntimeError
________ ERROR at setup of test_t0_chunk_boundary_phases[qwen3.5-2b-11] ________

request = <SubRequest 'harness' for <Function test_t0_cross_image_isolation_and_hit_equivalence[qwen3.5-2b]>>
tmp_path_factory = TempPathFactory(_given_basetemp=None, _trace=<pluggy._tracing.TagTracerSub object at 0x7f9537222d80>, _basetemp=PosixPath('/tmp/mm27/s2_qwen35_2b/pytest-of-bo/pytest-0'), _retention_count=3, _retention_policy='all')

    @pytest.fixture(scope="session", params=_model_keys())
    def harness(request, tmp_path_factory):
        """Session harness for one model: baselines + MP server + LMCache engine.
    
        The suite drives the multi-process deployment only (see the
        ``harness`` module docstring), so a cache server is started here and
        torn down with the harness.
        """
        from catalog import (
            audio_requests,
            catalog,
            cross_modal_requests,
            pressure_requests,
            video_requests,
        )
        from harness import (
            LMCACHE_TEST_CHUNK_SIZE,
            MMHarness,
            compute_baselines,
            configure_environment,
            start_mp_cache_server,
        )
        from specs import MODEL_SPECS
    
        configure_environment()
        # Fail loudly if `import lmcache` resolved outside this repo (see the
        # sys.path pinning at the top of this file).
        import lmcache
    
        lmcache_root = pathlib.Path(lmcache.__file__).resolve().parents[1]
        if lmcache_root != _REPO_ROOT:
            raise RuntimeError(
                f"lmcache resolved to {lmcache_root}, expected {_REPO_ROOT}; "
                "the suite would certify the wrong source tree"
            )
        spec = MODEL_SPECS[request.param]
        all_requests = list(catalog().values()) + pressure_requests(pressure_n())
        if "video" in spec.modalities:
            all_requests += list(video_requests().values())
        if "audio" in spec.modalities:
            all_requests += list(audio_requests().values())
        if {"image", "audio"} <= spec.modalities:
            all_requests += list(cross_modal_requests().values())
        workdir = tmp_path_factory.mktemp(f"mm_e2e_{spec.key}")
>       baselines = compute_baselines(spec, all_requests, workdir)
                    ^^^^^^^^^^^^^^^^^^^^^^^^^^^^^^^^^^^^^^^^^^^^^^

conftest.py:229: 
_ _ _ _ _ _ _ _ _ _ _ _ _ _ _ _ _ _ _ _ _ _ _ _ _ _ _ _ _ _ _ _ _ _ _ _ _ _ _ _ 

spec = ModelSpec(key='qwen3.5-2b', hf_id='Qwen/Qwen3.5-2B', modalities=frozenset({'image', 'video'}), max_model_len=8192, gpu...gpu_utilization=0.0, mp_server_l1_gb=0.0, preemption_gpu_blocks=0, eviction_capacity_gb=0.0, answer_extract_pattern='')
requests = [MMRequest(key='t01-A', salt='t01', question='What is the dominant color of this image? Answer with exactly one word.'...rple',), max_tokens=8, needs_baseline=True, video_indices=(), ignore_eos=False, audio_indices=(), media_order=()), ...]
workdir = PosixPath('/tmp/mm27/s2_qwen35_2b/pytest-of-bo/pytest-0/mm_e2e_qwen3.5-2b0')
extra_engine_kwargs = {'mamba_cache_mode': 'align', 'enable_prefix_caching': True, 'max_num_batched_tokens': 544}

    def compute_baselines(
        spec: ModelSpec,
        requests: list[MMRequest],
        workdir: pathlib.Path,
        extra_engine_kwargs: Mapping[str, object] = _NO_EXTRA_KWARGS,
    ) -> dict[str, str]:
        """Run all baseline-needing requests on a plain vLLM engine (subprocess).
    
        Args:
            spec: The model under certification.
            requests: Requests to run; only those with ``needs_baseline`` run.
            workdir: Directory for the input/output JSON files.
            extra_engine_kwargs: Additional/overriding engine kwargs, so isolated
                scenarios get a baseline under the SAME scheduling config as the
                engine under test (must be JSON-serializable).
    
        Returns:
            Mapping of request key to generated text.
    
        Raises:
            RuntimeError: If the baseline subprocess fails.
        """
        todo = [r for r in requests if r.needs_baseline]
        # The baseline must run the same mandatory engine settings as the engine
        # under test (align mode changes the numeric regime; hf_overrides change
        # the model's geometry), so an output difference can only come from
        # LMCache.
        extra_engine_kwargs = {
            **spec_engine_kwargs(spec),
            **extra_engine_kwargs,
        }
        spec_json = {
            "model": spec.hf_id,
            "max_model_len": spec.max_model_len,
            "gpu_memory_utilization": spec.gpu_memory_utilization,
            "limit_mm_per_prompt": mm_limits(spec),
            "chat_template_kwargs": dict(spec.chat_template_kwargs),
            "extra_engine_kwargs": dict(extra_engine_kwargs),
            "requests": [
                {
                    "key": r.key,
                    "messages": r.messages(),
                    "max_tokens": effective_max_tokens(spec, r),
                    "ignore_eos": r.ignore_eos,
                }
                for r in todo
            ],
        }
        in_path = workdir / "baseline_in.json"
        out_path = workdir / "baseline_out.json"
        in_path.write_text(json.dumps(spec_json))
        runner = pathlib.Path(__file__).parent / "baseline_runner.py"
        proc = subprocess.run(
            [sys.executable, str(runner), str(in_path), str(out_path)],
            capture_output=True,
            text=True,
            timeout=3600,
        )
        if proc.returncode != 0:
>           raise RuntimeError(
                f"Baseline runner failed (exit {proc.returncode}):\n"
                f"stdout tail: {proc.stdout[-2000:]}\nstderr tail: {proc.stderr[-2000:]}"
            )
E           RuntimeError: Baseline runner failed (exit 1):
E           stdout tail: onfig=None, compilation_config={'mode': <CompilationMode.NONE: 0>, 'debug_dump_path': None, 'cache_dir': '', 'compile_cache_save_format': 'binary', 'backend': 'inductor', 'custom_ops': ['all'], 'ir_enable_torch_wrap': False, 'splitting_ops': [], 'compile_mm_encoder': False, 'cudagraph_mm_encoder': False, 'encoder_cudagraph_token_budgets': [], 'encoder_cudagraph_max_vision_items_per_batch': 0, 'encoder_cudagraph_max_frames_per_batch': None, 'compile_sizes': [], 'compile_ranges_endpoints': [544], 'inductor_compile_config': {'enable_auto_functionalized_v2': False, 'combo_kernels': True, 'benchmark_combo_kernel': True}, 'inductor_passes': {}, 'cudagraph_mode': <CUDAGraphMode.NONE: 0>, 'cudagraph_num_of_warmups': 0, 'cudagraph_capture_sizes': [], 'cudagraph_copy_inputs': False, 'cudagraph_specialize_lora': True, 'use_inductor_graph_partition': False, 'pass_config': {'fuse_norm_quant': True, 'fuse_act_quant': True, 'fuse_attn_quant': False, 'enable_sp': False, 'fuse_gemm_comms': False, 'fuse_allreduce_rms': False, 'enable_qk_norm_rope_fusion': False, 'fuse_rope_kvcache_cat_mla': False, 'fuse_act_padding': False, 'fuse_qk_norm_rope_kvcache': False}, 'max_cudagraph_capture_size': 0, 'dynamic_shapes_config': {'type': <DynamicShapesType.BACKED: 'backed'>, 'evaluate_guards': False, 'assume_32_bit_indexing': False}, 'local_cache_dir': None, 'fast_moe_cold_start': False, 'static_all_moe_layers': []}, kernel_config=KernelConfig(ir_op_priority=IrOpPriorityConfig(rms_norm=['vllm_c', 'native'], fused_add_rms_norm=['vllm_c', 'native']), enable_flashinfer_autotune=True, enable_cutedsl_warmup=True, enable_jit_warmup=True, enable_bf16x3_router_gemm=False, moe_backend='auto', linear_backend='auto')
E           INFO 08-26 10:15:06 [parallel_state.py:1640] world_size=1 rank=0 local_rank=0 distributed_init_method=tcp://10.2.201.16:37933 backend=nccl
E           INFO 08-26 10:15:07 [parallel_state.py:1977] rank 0 in world size 1 is assigned as DP rank 0, PP rank 0, PCP rank 0, TP rank 0, EP rank N/A, EPLB rank N/A
E           
E           stderr tail: utor = executor_class(vllm_config)
E           [rank0]:                           ^^^^^^^^^^^^^^^^^^^^^^^^^^^
E           [rank0]:   File "/home/bo/venvs/vllm-mm/lib/python3.12/site-packages/vllm/tracing/otel.py", line 178, in sync_wrapper
E           [rank0]:     return func(*args, **kwargs)
E           [rank0]:            ^^^^^^^^^^^^^^^^^^^^^
E           [rank0]:   File "/home/bo/venvs/vllm-mm/lib/python3.12/site-packages/vllm/v1/executor/abstract.py", line 109, in __init__
E           [rank0]:     self._init_executor()
E           [rank0]:   File "/home/bo/venvs/vllm-mm/lib/python3.12/site-packages/vllm/v1/executor/uniproc_executor.py", line 63, in _init_executor
E           [rank0]:     self.driver_worker.init_device()
E           [rank0]:   File "/home/bo/venvs/vllm-mm/lib/python3.12/site-packages/vllm/v1/worker/worker_base.py", line 331, in init_device
E           [rank0]:     self.worker.init_device()  # type: ignore
E           [rank0]:     ^^^^^^^^^^^^^^^^^^^^^^^^^
E           [rank0]:   File "/home/bo/venvs/vllm-mm/lib/python3.12/site-packages/vllm/tracing/otel.py", line 178, in sync_wrapper
E           [rank0]:     return func(*args, **kwargs)
E           [rank0]:            ^^^^^^^^^^^^^^^^^^^^^
E           [rank0]:   File "/home/bo/venvs/vllm-mm/lib/python3.12/site-packages/vllm/v1/worker/gpu_worker.py", line 396, in init_device
E           [rank0]:     self.requested_memory = request_memory(init_snapshot, self.cache_config)
E           [rank0]:                             ^^^^^^^^^^^^^^^^^^^^^^^^^^^^^^^^^^^^^^^^^^^^^^^^
E           [rank0]:   File "/home/bo/venvs/vllm-mm/lib/python3.12/site-packages/vllm/v1/worker/utils.py", line 419, in request_memory
E           [rank0]:     raise ValueError(
E           [rank0]: ValueError: Free memory on device cuda:0 (53.13/139.8 GiB) on startup is less than desired GPU memory utilization (0.6, 83.88 GiB). Decrease GPU memory utilization or reduce GPU memory used by other processes.
E           [rank0]:[W826 10:15:09.587831595 ProcessGroupNCCL.cpp:1624] Warning: WARNING: destroy_process_group() was not called before program exit, which can leak resources. For more info, please see https://pytorch.org/docs/stable/distributed.html#shutdown (function operator())

harness.py:1438: RuntimeError
________ ERROR at setup of test_t0_chunk_boundary_phases[qwen3.5-2b-12] ________

request = <SubRequest 'harness' for <Function test_t0_cross_image_isolation_and_hit_equivalence[qwen3.5-2b]>>
tmp_path_factory = TempPathFactory(_given_basetemp=None, _trace=<pluggy._tracing.TagTracerSub object at 0x7f9537222d80>, _basetemp=PosixPath('/tmp/mm27/s2_qwen35_2b/pytest-of-bo/pytest-0'), _retention_count=3, _retention_policy='all')

    @pytest.fixture(scope="session", params=_model_keys())
    def harness(request, tmp_path_factory):
        """Session harness for one model: baselines + MP server + LMCache engine.
    
        The suite drives the multi-process deployment only (see the
        ``harness`` module docstring), so a cache server is started here and
        torn down with the harness.
        """
        from catalog import (
            audio_requests,
            catalog,
            cross_modal_requests,
            pressure_requests,
            video_requests,
        )
        from harness import (
            LMCACHE_TEST_CHUNK_SIZE,
            MMHarness,
            compute_baselines,
            configure_environment,
            start_mp_cache_server,
        )
        from specs import MODEL_SPECS
    
        configure_environment()
        # Fail loudly if `import lmcache` resolved outside this repo (see the
        # sys.path pinning at the top of this file).
        import lmcache
    
        lmcache_root = pathlib.Path(lmcache.__file__).resolve().parents[1]
        if lmcache_root != _REPO_ROOT:
            raise RuntimeError(
                f"lmcache resolved to {lmcache_root}, expected {_REPO_ROOT}; "
                "the suite would certify the wrong source tree"
            )
        spec = MODEL_SPECS[request.param]
        all_requests = list(catalog().values()) + pressure_requests(pressure_n())
        if "video" in spec.modalities:
            all_requests += list(video_requests().values())
        if "audio" in spec.modalities:
            all_requests += list(audio_requests().values())
        if {"image", "audio"} <= spec.modalities:
            all_requests += list(cross_modal_requests().values())
        workdir = tmp_path_factory.mktemp(f"mm_e2e_{spec.key}")
>       baselines = compute_baselines(spec, all_requests, workdir)
                    ^^^^^^^^^^^^^^^^^^^^^^^^^^^^^^^^^^^^^^^^^^^^^^

conftest.py:229: 
_ _ _ _ _ _ _ _ _ _ _ _ _ _ _ _ _ _ _ _ _ _ _ _ _ _ _ _ _ _ _ _ _ _ _ _ _ _ _ _ 

spec = ModelSpec(key='qwen3.5-2b', hf_id='Qwen/Qwen3.5-2B', modalities=frozenset({'image', 'video'}), max_model_len=8192, gpu...gpu_utilization=0.0, mp_server_l1_gb=0.0, preemption_gpu_blocks=0, eviction_capacity_gb=0.0, answer_extract_pattern='')
requests = [MMRequest(key='t01-A', salt='t01', question='What is the dominant color of this image? Answer with exactly one word.'...rple',), max_tokens=8, needs_baseline=True, video_indices=(), ignore_eos=False, audio_indices=(), media_order=()), ...]
workdir = PosixPath('/tmp/mm27/s2_qwen35_2b/pytest-of-bo/pytest-0/mm_e2e_qwen3.5-2b0')
extra_engine_kwargs = {'mamba_cache_mode': 'align', 'enable_prefix_caching': True, 'max_num_batched_tokens': 544}

    def compute_baselines(
        spec: ModelSpec,
        requests: list[MMRequest],
        workdir: pathlib.Path,
        extra_engine_kwargs: Mapping[str, object] = _NO_EXTRA_KWARGS,
    ) -> dict[str, str]:
        """Run all baseline-needing requests on a plain vLLM engine (subprocess).
    
        Args:
            spec: The model under certification.
            requests: Requests to run; only those with ``needs_baseline`` run.
            workdir: Directory for the input/output JSON files.
            extra_engine_kwargs: Additional/overriding engine kwargs, so isolated
                scenarios get a baseline under the SAME scheduling config as the
                engine under test (must be JSON-serializable).
    
        Returns:
            Mapping of request key to generated text.
    
        Raises:
            RuntimeError: If the baseline subprocess fails.
        """
        todo = [r for r in requests if r.needs_baseline]
        # The baseline must run the same mandatory engine settings as the engine
        # under test (align mode changes the numeric regime; hf_overrides change
        # the model's geometry), so an output difference can only come from
        # LMCache.
        extra_engine_kwargs = {
            **spec_engine_kwargs(spec),
            **extra_engine_kwargs,
        }
        spec_json = {
            "model": spec.hf_id,
            "max_model_len": spec.max_model_len,
            "gpu_memory_utilization": spec.gpu_memory_utilization,
            "limit_mm_per_prompt": mm_limits(spec),
            "chat_template_kwargs": dict(spec.chat_template_kwargs),
            "extra_engine_kwargs": dict(extra_engine_kwargs),
            "requests": [
                {
                    "key": r.key,
                    "messages": r.messages(),
                    "max_tokens": effective_max_tokens(spec, r),
                    "ignore_eos": r.ignore_eos,
                }
                for r in todo
            ],
        }
        in_path = workdir / "baseline_in.json"
        out_path = workdir / "baseline_out.json"
        in_path.write_text(json.dumps(spec_json))
        runner = pathlib.Path(__file__).parent / "baseline_runner.py"
        proc = subprocess.run(
            [sys.executable, str(runner), str(in_path), str(out_path)],
            capture_output=True,
            text=True,
            timeout=3600,
        )
        if proc.returncode != 0:
>           raise RuntimeError(
                f"Baseline runner failed (exit {proc.returncode}):\n"
                f"stdout tail: {proc.stdout[-2000:]}\nstderr tail: {proc.stderr[-2000:]}"
            )
E           RuntimeError: Baseline runner failed (exit 1):
E           stdout tail: onfig=None, compilation_config={'mode': <CompilationMode.NONE: 0>, 'debug_dump_path': None, 'cache_dir': '', 'compile_cache_save_format': 'binary', 'backend': 'inductor', 'custom_ops': ['all'], 'ir_enable_torch_wrap': False, 'splitting_ops': [], 'compile_mm_encoder': False, 'cudagraph_mm_encoder': False, 'encoder_cudagraph_token_budgets': [], 'encoder_cudagraph_max_vision_items_per_batch': 0, 'encoder_cudagraph_max_frames_per_batch': None, 'compile_sizes': [], 'compile_ranges_endpoints': [544], 'inductor_compile_config': {'enable_auto_functionalized_v2': False, 'combo_kernels': True, 'benchmark_combo_kernel': True}, 'inductor_passes': {}, 'cudagraph_mode': <CUDAGraphMode.NONE: 0>, 'cudagraph_num_of_warmups': 0, 'cudagraph_capture_sizes': [], 'cudagraph_copy_inputs': False, 'cudagraph_specialize_lora': True, 'use_inductor_graph_partition': False, 'pass_config': {'fuse_norm_quant': True, 'fuse_act_quant': True, 'fuse_attn_quant': False, 'enable_sp': False, 'fuse_gemm_comms': False, 'fuse_allreduce_rms': False, 'enable_qk_norm_rope_fusion': False, 'fuse_rope_kvcache_cat_mla': False, 'fuse_act_padding': False, 'fuse_qk_norm_rope_kvcache': False}, 'max_cudagraph_capture_size': 0, 'dynamic_shapes_config': {'type': <DynamicShapesType.BACKED: 'backed'>, 'evaluate_guards': False, 'assume_32_bit_indexing': False}, 'local_cache_dir': None, 'fast_moe_cold_start': False, 'static_all_moe_layers': []}, kernel_config=KernelConfig(ir_op_priority=IrOpPriorityConfig(rms_norm=['vllm_c', 'native'], fused_add_rms_norm=['vllm_c', 'native']), enable_flashinfer_autotune=True, enable_cutedsl_warmup=True, enable_jit_warmup=True, enable_bf16x3_router_gemm=False, moe_backend='auto', linear_backend='auto')
E           INFO 08-26 10:15:06 [parallel_state.py:1640] world_size=1 rank=0 local_rank=0 distributed_init_method=tcp://10.2.201.16:37933 backend=nccl
E           INFO 08-26 10:15:07 [parallel_state.py:1977] rank 0 in world size 1 is assigned as DP rank 0, PP rank 0, PCP rank 0, TP rank 0, EP rank N/A, EPLB rank N/A
E           
E           stderr tail: utor = executor_class(vllm_config)
E           [rank0]:                           ^^^^^^^^^^^^^^^^^^^^^^^^^^^
E           [rank0]:   File "/home/bo/venvs/vllm-mm/lib/python3.12/site-packages/vllm/tracing/otel.py", line 178, in sync_wrapper
E           [rank0]:     return func(*args, **kwargs)
E           [rank0]:            ^^^^^^^^^^^^^^^^^^^^^
E           [rank0]:   File "/home/bo/venvs/vllm-mm/lib/python3.12/site-packages/vllm/v1/executor/abstract.py", line 109, in __init__
E           [rank0]:     self._init_executor()
E           [rank0]:   File "/home/bo/venvs/vllm-mm/lib/python3.12/site-packages/vllm/v1/executor/uniproc_executor.py", line 63, in _init_executor
E           [rank0]:     self.driver_worker.init_device()
E           [rank0]:   File "/home/bo/venvs/vllm-mm/lib/python3.12/site-packages/vllm/v1/worker/worker_base.py", line 331, in init_device
E           [rank0]:     self.worker.init_device()  # type: ignore
E           [rank0]:     ^^^^^^^^^^^^^^^^^^^^^^^^^
E           [rank0]:   File "/home/bo/venvs/vllm-mm/lib/python3.12/site-packages/vllm/tracing/otel.py", line 178, in sync_wrapper
E           [rank0]:     return func(*args, **kwargs)
E           [rank0]:            ^^^^^^^^^^^^^^^^^^^^^
E           [rank0]:   File "/home/bo/venvs/vllm-mm/lib/python3.12/site-packages/vllm/v1/worker/gpu_worker.py", line 396, in init_device
E           [rank0]:     self.requested_memory = request_memory(init_snapshot, self.cache_config)
E           [rank0]:                             ^^^^^^^^^^^^^^^^^^^^^^^^^^^^^^^^^^^^^^^^^^^^^^^^
E           [rank0]:   File "/home/bo/venvs/vllm-mm/lib/python3.12/site-packages/vllm/v1/worker/utils.py", line 419, in request_memory
E           [rank0]:     raise ValueError(
E           [rank0]: ValueError: Free memory on device cuda:0 (53.13/139.8 GiB) on startup is less than desired GPU memory utilization (0.6, 83.88 GiB). Decrease GPU memory utilization or reduce GPU memory used by other processes.
E           [rank0]:[W826 10:15:09.587831595 ProcessGroupNCCL.cpp:1624] Warning: WARNING: destroy_process_group() was not called before program exit, which can leak resources. For more info, please see https://pytorch.org/docs/stable/distributed.html#shutdown (function operator())

harness.py:1438: RuntimeError
________ ERROR at setup of test_t0_chunk_boundary_phases[qwen3.5-2b-13] ________

request = <SubRequest 'harness' for <Function test_t0_cross_image_isolation_and_hit_equivalence[qwen3.5-2b]>>
tmp_path_factory = TempPathFactory(_given_basetemp=None, _trace=<pluggy._tracing.TagTracerSub object at 0x7f9537222d80>, _basetemp=PosixPath('/tmp/mm27/s2_qwen35_2b/pytest-of-bo/pytest-0'), _retention_count=3, _retention_policy='all')

    @pytest.fixture(scope="session", params=_model_keys())
    def harness(request, tmp_path_factory):
        """Session harness for one model: baselines + MP server + LMCache engine.
    
        The suite drives the multi-process deployment only (see the
        ``harness`` module docstring), so a cache server is started here and
        torn down with the harness.
        """
        from catalog import (
            audio_requests,
            catalog,
            cross_modal_requests,
            pressure_requests,
            video_requests,
        )
        from harness import (
            LMCACHE_TEST_CHUNK_SIZE,
            MMHarness,
            compute_baselines,
            configure_environment,
            start_mp_cache_server,
        )
        from specs import MODEL_SPECS
    
        configure_environment()
        # Fail loudly if `import lmcache` resolved outside this repo (see the
        # sys.path pinning at the top of this file).
        import lmcache
    
        lmcache_root = pathlib.Path(lmcache.__file__).resolve().parents[1]
        if lmcache_root != _REPO_ROOT:
            raise RuntimeError(
                f"lmcache resolved to {lmcache_root}, expected {_REPO_ROOT}; "
                "the suite would certify the wrong source tree"
            )
        spec = MODEL_SPECS[request.param]
        all_requests = list(catalog().values()) + pressure_requests(pressure_n())
        if "video" in spec.modalities:
            all_requests += list(video_requests().values())
        if "audio" in spec.modalities:
            all_requests += list(audio_requests().values())
        if {"image", "audio"} <= spec.modalities:
            all_requests += list(cross_modal_requests().values())
        workdir = tmp_path_factory.mktemp(f"mm_e2e_{spec.key}")
>       baselines = compute_baselines(spec, all_requests, workdir)
                    ^^^^^^^^^^^^^^^^^^^^^^^^^^^^^^^^^^^^^^^^^^^^^^

conftest.py:229: 
_ _ _ _ _ _ _ _ _ _ _ _ _ _ _ _ _ _ _ _ _ _ _ _ _ _ _ _ _ _ _ _ _ _ _ _ _ _ _ _ 

spec = ModelSpec(key='qwen3.5-2b', hf_id='Qwen/Qwen3.5-2B', modalities=frozenset({'image', 'video'}), max_model_len=8192, gpu...gpu_utilization=0.0, mp_server_l1_gb=0.0, preemption_gpu_blocks=0, eviction_capacity_gb=0.0, answer_extract_pattern='')
requests = [MMRequest(key='t01-A', salt='t01', question='What is the dominant color of this image? Answer with exactly one word.'...rple',), max_tokens=8, needs_baseline=True, video_indices=(), ignore_eos=False, audio_indices=(), media_order=()), ...]
workdir = PosixPath('/tmp/mm27/s2_qwen35_2b/pytest-of-bo/pytest-0/mm_e2e_qwen3.5-2b0')
extra_engine_kwargs = {'mamba_cache_mode': 'align', 'enable_prefix_caching': True, 'max_num_batched_tokens': 544}

    def compute_baselines(
        spec: ModelSpec,
        requests: list[MMRequest],
        workdir: pathlib.Path,
        extra_engine_kwargs: Mapping[str, object] = _NO_EXTRA_KWARGS,
    ) -> dict[str, str]:
        """Run all baseline-needing requests on a plain vLLM engine (subprocess).
    
        Args:
            spec: The model under certification.
            requests: Requests to run; only those with ``needs_baseline`` run.
            workdir: Directory for the input/output JSON files.
            extra_engine_kwargs: Additional/overriding engine kwargs, so isolated
                scenarios get a baseline under the SAME scheduling config as the
                engine under test (must be JSON-serializable).
    
        Returns:
            Mapping of request key to generated text.
    
        Raises:
            RuntimeError: If the baseline subprocess fails.
        """
        todo = [r for r in requests if r.needs_baseline]
        # The baseline must run the same mandatory engine settings as the engine
        # under test (align mode changes the numeric regime; hf_overrides change
        # the model's geometry), so an output difference can only come from
        # LMCache.
        extra_engine_kwargs = {
            **spec_engine_kwargs(spec),
            **extra_engine_kwargs,
        }
        spec_json = {
            "model": spec.hf_id,
            "max_model_len": spec.max_model_len,
            "gpu_memory_utilization": spec.gpu_memory_utilization,
            "limit_mm_per_prompt": mm_limits(spec),
            "chat_template_kwargs": dict(spec.chat_template_kwargs),
            "extra_engine_kwargs": dict(extra_engine_kwargs),
            "requests": [
                {
                    "key": r.key,
                    "messages": r.messages(),
                    "max_tokens": effective_max_tokens(spec, r),
                    "ignore_eos": r.ignore_eos,
                }
                for r in todo
            ],
        }
        in_path = workdir / "baseline_in.json"
        out_path = workdir / "baseline_out.json"
        in_path.write_text(json.dumps(spec_json))
        runner = pathlib.Path(__file__).parent / "baseline_runner.py"
        proc = subprocess.run(
            [sys.executable, str(runner), str(in_path), str(out_path)],
            capture_output=True,
            text=True,
            timeout=3600,
        )
        if proc.returncode != 0:
>           raise RuntimeError(
                f"Baseline runner failed (exit {proc.returncode}):\n"
                f"stdout tail: {proc.stdout[-2000:]}\nstderr tail: {proc.stderr[-2000:]}"
            )
E           RuntimeError: Baseline runner failed (exit 1):
E           stdout tail: onfig=None, compilation_config={'mode': <CompilationMode.NONE: 0>, 'debug_dump_path': None, 'cache_dir': '', 'compile_cache_save_format': 'binary', 'backend': 'inductor', 'custom_ops': ['all'], 'ir_enable_torch_wrap': False, 'splitting_ops': [], 'compile_mm_encoder': False, 'cudagraph_mm_encoder': False, 'encoder_cudagraph_token_budgets': [], 'encoder_cudagraph_max_vision_items_per_batch': 0, 'encoder_cudagraph_max_frames_per_batch': None, 'compile_sizes': [], 'compile_ranges_endpoints': [544], 'inductor_compile_config': {'enable_auto_functionalized_v2': False, 'combo_kernels': True, 'benchmark_combo_kernel': True}, 'inductor_passes': {}, 'cudagraph_mode': <CUDAGraphMode.NONE: 0>, 'cudagraph_num_of_warmups': 0, 'cudagraph_capture_sizes': [], 'cudagraph_copy_inputs': False, 'cudagraph_specialize_lora': True, 'use_inductor_graph_partition': False, 'pass_config': {'fuse_norm_quant': True, 'fuse_act_quant': True, 'fuse_attn_quant': False, 'enable_sp': False, 'fuse_gemm_comms': False, 'fuse_allreduce_rms': False, 'enable_qk_norm_rope_fusion': False, 'fuse_rope_kvcache_cat_mla': False, 'fuse_act_padding': False, 'fuse_qk_norm_rope_kvcache': False}, 'max_cudagraph_capture_size': 0, 'dynamic_shapes_config': {'type': <DynamicShapesType.BACKED: 'backed'>, 'evaluate_guards': False, 'assume_32_bit_indexing': False}, 'local_cache_dir': None, 'fast_moe_cold_start': False, 'static_all_moe_layers': []}, kernel_config=KernelConfig(ir_op_priority=IrOpPriorityConfig(rms_norm=['vllm_c', 'native'], fused_add_rms_norm=['vllm_c', 'native']), enable_flashinfer_autotune=True, enable_cutedsl_warmup=True, enable_jit_warmup=True, enable_bf16x3_router_gemm=False, moe_backend='auto', linear_backend='auto')
E           INFO 08-26 10:15:06 [parallel_state.py:1640] world_size=1 rank=0 local_rank=0 distributed_init_method=tcp://10.2.201.16:37933 backend=nccl
E           INFO 08-26 10:15:07 [parallel_state.py:1977] rank 0 in world size 1 is assigned as DP rank 0, PP rank 0, PCP rank 0, TP rank 0, EP rank N/A, EPLB rank N/A
E           
E           stderr tail: utor = executor_class(vllm_config)
E           [rank0]:                           ^^^^^^^^^^^^^^^^^^^^^^^^^^^
E           [rank0]:   File "/home/bo/venvs/vllm-mm/lib/python3.12/site-packages/vllm/tracing/otel.py", line 178, in sync_wrapper
E           [rank0]:     return func(*args, **kwargs)
E           [rank0]:            ^^^^^^^^^^^^^^^^^^^^^
E           [rank0]:   File "/home/bo/venvs/vllm-mm/lib/python3.12/site-packages/vllm/v1/executor/abstract.py", line 109, in __init__
E           [rank0]:     self._init_executor()
E           [rank0]:   File "/home/bo/venvs/vllm-mm/lib/python3.12/site-packages/vllm/v1/executor/uniproc_executor.py", line 63, in _init_executor
E           [rank0]:     self.driver_worker.init_device()
E           [rank0]:   File "/home/bo/venvs/vllm-mm/lib/python3.12/site-packages/vllm/v1/worker/worker_base.py", line 331, in init_device
E           [rank0]:     self.worker.init_device()  # type: ignore
E           [rank0]:     ^^^^^^^^^^^^^^^^^^^^^^^^^
E           [rank0]:   File "/home/bo/venvs/vllm-mm/lib/python3.12/site-packages/vllm/tracing/otel.py", line 178, in sync_wrapper
E           [rank0]:     return func(*args, **kwargs)
E           [rank0]:            ^^^^^^^^^^^^^^^^^^^^^
E           [rank0]:   File "/home/bo/venvs/vllm-mm/lib/python3.12/site-packages/vllm/v1/worker/gpu_worker.py", line 396, in init_device
E           [rank0]:     self.requested_memory = request_memory(init_snapshot, self.cache_config)
E           [rank0]:                             ^^^^^^^^^^^^^^^^^^^^^^^^^^^^^^^^^^^^^^^^^^^^^^^^
E           [rank0]:   File "/home/bo/venvs/vllm-mm/lib/python3.12/site-packages/vllm/v1/worker/utils.py", line 419, in request_memory
E           [rank0]:     raise ValueError(
E           [rank0]: ValueError: Free memory on device cuda:0 (53.13/139.8 GiB) on startup is less than desired GPU memory utilization (0.6, 83.88 GiB). Decrease GPU memory utilization or reduce GPU memory used by other processes.
E           [rank0]:[W826 10:15:09.587831595 ProcessGroupNCCL.cpp:1624] Warning: WARNING: destroy_process_group() was not called before program exit, which can leak resources. For more info, please see https://pytorch.org/docs/stable/distributed.html#shutdown (function operator())

harness.py:1438: RuntimeError
________ ERROR at setup of test_t0_chunk_boundary_phases[qwen3.5-2b-14] ________

request = <SubRequest 'harness' for <Function test_t0_cross_image_isolation_and_hit_equivalence[qwen3.5-2b]>>
tmp_path_factory = TempPathFactory(_given_basetemp=None, _trace=<pluggy._tracing.TagTracerSub object at 0x7f9537222d80>, _basetemp=PosixPath('/tmp/mm27/s2_qwen35_2b/pytest-of-bo/pytest-0'), _retention_count=3, _retention_policy='all')

    @pytest.fixture(scope="session", params=_model_keys())
    def harness(request, tmp_path_factory):
        """Session harness for one model: baselines + MP server + LMCache engine.
    
        The suite drives the multi-process deployment only (see the
        ``harness`` module docstring), so a cache server is started here and
        torn down with the harness.
        """
        from catalog import (
            audio_requests,
            catalog,
            cross_modal_requests,
            pressure_requests,
            video_requests,
        )
        from harness import (
            LMCACHE_TEST_CHUNK_SIZE,
            MMHarness,
            compute_baselines,
            configure_environment,
            start_mp_cache_server,
        )
        from specs import MODEL_SPECS
    
        configure_environment()
        # Fail loudly if `import lmcache` resolved outside this repo (see the
        # sys.path pinning at the top of this file).
        import lmcache
    
        lmcache_root = pathlib.Path(lmcache.__file__).resolve().parents[1]
        if lmcache_root != _REPO_ROOT:
            raise RuntimeError(
                f"lmcache resolved to {lmcache_root}, expected {_REPO_ROOT}; "
                "the suite would certify the wrong source tree"
            )
        spec = MODEL_SPECS[request.param]
        all_requests = list(catalog().values()) + pressure_requests(pressure_n())
        if "video" in spec.modalities:
            all_requests += list(video_requests().values())
        if "audio" in spec.modalities:
            all_requests += list(audio_requests().values())
        if {"image", "audio"} <= spec.modalities:
            all_requests += list(cross_modal_requests().values())
        workdir = tmp_path_factory.mktemp(f"mm_e2e_{spec.key}")
>       baselines = compute_baselines(spec, all_requests, workdir)
                    ^^^^^^^^^^^^^^^^^^^^^^^^^^^^^^^^^^^^^^^^^^^^^^

conftest.py:229: 
_ _ _ _ _ _ _ _ _ _ _ _ _ _ _ _ _ _ _ _ _ _ _ _ _ _ _ _ _ _ _ _ _ _ _ _ _ _ _ _ 

spec = ModelSpec(key='qwen3.5-2b', hf_id='Qwen/Qwen3.5-2B', modalities=frozenset({'image', 'video'}), max_model_len=8192, gpu...gpu_utilization=0.0, mp_server_l1_gb=0.0, preemption_gpu_blocks=0, eviction_capacity_gb=0.0, answer_extract_pattern='')
requests = [MMRequest(key='t01-A', salt='t01', question='What is the dominant color of this image? Answer with exactly one word.'...rple',), max_tokens=8, needs_baseline=True, video_indices=(), ignore_eos=False, audio_indices=(), media_order=()), ...]
workdir = PosixPath('/tmp/mm27/s2_qwen35_2b/pytest-of-bo/pytest-0/mm_e2e_qwen3.5-2b0')
extra_engine_kwargs = {'mamba_cache_mode': 'align', 'enable_prefix_caching': True, 'max_num_batched_tokens': 544}

    def compute_baselines(
        spec: ModelSpec,
        requests: list[MMRequest],
        workdir: pathlib.Path,
        extra_engine_kwargs: Mapping[str, object] = _NO_EXTRA_KWARGS,
    ) -> dict[str, str]:
        """Run all baseline-needing requests on a plain vLLM engine (subprocess).
    
        Args:
            spec: The model under certification.
            requests: Requests to run; only those with ``needs_baseline`` run.
            workdir: Directory for the input/output JSON files.
            extra_engine_kwargs: Additional/overriding engine kwargs, so isolated
                scenarios get a baseline under the SAME scheduling config as the
                engine under test (must be JSON-serializable).
    
        Returns:
            Mapping of request key to generated text.
    
        Raises:
            RuntimeError: If the baseline subprocess fails.
        """
        todo = [r for r in requests if r.needs_baseline]
        # The baseline must run the same mandatory engine settings as the engine
        # under test (align mode changes the numeric regime; hf_overrides change
        # the model's geometry), so an output difference can only come from
        # LMCache.
        extra_engine_kwargs = {
            **spec_engine_kwargs(spec),
            **extra_engine_kwargs,
        }
        spec_json = {
            "model": spec.hf_id,
            "max_model_len": spec.max_model_len,
            "gpu_memory_utilization": spec.gpu_memory_utilization,
            "limit_mm_per_prompt": mm_limits(spec),
            "chat_template_kwargs": dict(spec.chat_template_kwargs),
            "extra_engine_kwargs": dict(extra_engine_kwargs),
            "requests": [
                {
                    "key": r.key,
                    "messages": r.messages(),
                    "max_tokens": effective_max_tokens(spec, r),
                    "ignore_eos": r.ignore_eos,
                }
                for r in todo
            ],
        }
        in_path = workdir / "baseline_in.json"
        out_path = workdir / "baseline_out.json"
        in_path.write_text(json.dumps(spec_json))
        runner = pathlib.Path(__file__).parent / "baseline_runner.py"
        proc = subprocess.run(
            [sys.executable, str(runner), str(in_path), str(out_path)],
            capture_output=True,
            text=True,
            timeout=3600,
        )
        if proc.returncode != 0:
>           raise RuntimeError(
                f"Baseline runner failed (exit {proc.returncode}):\n"
                f"stdout tail: {proc.stdout[-2000:]}\nstderr tail: {proc.stderr[-2000:]}"
            )
E           RuntimeError: Baseline runner failed (exit 1):
E           stdout tail: onfig=None, compilation_config={'mode': <CompilationMode.NONE: 0>, 'debug_dump_path': None, 'cache_dir': '', 'compile_cache_save_format': 'binary', 'backend': 'inductor', 'custom_ops': ['all'], 'ir_enable_torch_wrap': False, 'splitting_ops': [], 'compile_mm_encoder': False, 'cudagraph_mm_encoder': False, 'encoder_cudagraph_token_budgets': [], 'encoder_cudagraph_max_vision_items_per_batch': 0, 'encoder_cudagraph_max_frames_per_batch': None, 'compile_sizes': [], 'compile_ranges_endpoints': [544], 'inductor_compile_config': {'enable_auto_functionalized_v2': False, 'combo_kernels': True, 'benchmark_combo_kernel': True}, 'inductor_passes': {}, 'cudagraph_mode': <CUDAGraphMode.NONE: 0>, 'cudagraph_num_of_warmups': 0, 'cudagraph_capture_sizes': [], 'cudagraph_copy_inputs': False, 'cudagraph_specialize_lora': True, 'use_inductor_graph_partition': False, 'pass_config': {'fuse_norm_quant': True, 'fuse_act_quant': True, 'fuse_attn_quant': False, 'enable_sp': False, 'fuse_gemm_comms': False, 'fuse_allreduce_rms': False, 'enable_qk_norm_rope_fusion': False, 'fuse_rope_kvcache_cat_mla': False, 'fuse_act_padding': False, 'fuse_qk_norm_rope_kvcache': False}, 'max_cudagraph_capture_size': 0, 'dynamic_shapes_config': {'type': <DynamicShapesType.BACKED: 'backed'>, 'evaluate_guards': False, 'assume_32_bit_indexing': False}, 'local_cache_dir': None, 'fast_moe_cold_start': False, 'static_all_moe_layers': []}, kernel_config=KernelConfig(ir_op_priority=IrOpPriorityConfig(rms_norm=['vllm_c', 'native'], fused_add_rms_norm=['vllm_c', 'native']), enable_flashinfer_autotune=True, enable_cutedsl_warmup=True, enable_jit_warmup=True, enable_bf16x3_router_gemm=False, moe_backend='auto', linear_backend='auto')
E           INFO 08-26 10:15:06 [parallel_state.py:1640] world_size=1 rank=0 local_rank=0 distributed_init_method=tcp://10.2.201.16:37933 backend=nccl
E           INFO 08-26 10:15:07 [parallel_state.py:1977] rank 0 in world size 1 is assigned as DP rank 0, PP rank 0, PCP rank 0, TP rank 0, EP rank N/A, EPLB rank N/A
E           
E           stderr tail: utor = executor_class(vllm_config)
E           [rank0]:                           ^^^^^^^^^^^^^^^^^^^^^^^^^^^
E           [rank0]:   File "/home/bo/venvs/vllm-mm/lib/python3.12/site-packages/vllm/tracing/otel.py", line 178, in sync_wrapper
E           [rank0]:     return func(*args, **kwargs)
E           [rank0]:            ^^^^^^^^^^^^^^^^^^^^^
E           [rank0]:   File "/home/bo/venvs/vllm-mm/lib/python3.12/site-packages/vllm/v1/executor/abstract.py", line 109, in __init__
E           [rank0]:     self._init_executor()
E           [rank0]:   File "/home/bo/venvs/vllm-mm/lib/python3.12/site-packages/vllm/v1/executor/uniproc_executor.py", line 63, in _init_executor
E           [rank0]:     self.driver_worker.init_device()
E           [rank0]:   File "/home/bo/venvs/vllm-mm/lib/python3.12/site-packages/vllm/v1/worker/worker_base.py", line 331, in init_device
E           [rank0]:     self.worker.init_device()  # type: ignore
E           [rank0]:     ^^^^^^^^^^^^^^^^^^^^^^^^^
E           [rank0]:   File "/home/bo/venvs/vllm-mm/lib/python3.12/site-packages/vllm/tracing/otel.py", line 178, in sync_wrapper
E           [rank0]:     return func(*args, **kwargs)
E           [rank0]:            ^^^^^^^^^^^^^^^^^^^^^
E           [rank0]:   File "/home/bo/venvs/vllm-mm/lib/python3.12/site-packages/vllm/v1/worker/gpu_worker.py", line 396, in init_device
E           [rank0]:     self.requested_memory = request_memory(init_snapshot, self.cache_config)
E           [rank0]:                             ^^^^^^^^^^^^^^^^^^^^^^^^^^^^^^^^^^^^^^^^^^^^^^^^
E           [rank0]:   File "/home/bo/venvs/vllm-mm/lib/python3.12/site-packages/vllm/v1/worker/utils.py", line 419, in request_memory
E           [rank0]:     raise ValueError(
E           [rank0]: ValueError: Free memory on device cuda:0 (53.13/139.8 GiB) on startup is less than desired GPU memory utilization (0.6, 83.88 GiB). Decrease GPU memory utilization or reduce GPU memory used by other processes.
E           [rank0]:[W826 10:15:09.587831595 ProcessGroupNCCL.cpp:1624] Warning: WARNING: destroy_process_group() was not called before program exit, which can leak resources. For more info, please see https://pytorch.org/docs/stable/distributed.html#shutdown (function operator())

harness.py:1438: RuntimeError
________ ERROR at setup of test_t0_chunk_boundary_phases[qwen3.5-2b-15] ________

request = <SubRequest 'harness' for <Function test_t0_cross_image_isolation_and_hit_equivalence[qwen3.5-2b]>>
tmp_path_factory = TempPathFactory(_given_basetemp=None, _trace=<pluggy._tracing.TagTracerSub object at 0x7f9537222d80>, _basetemp=PosixPath('/tmp/mm27/s2_qwen35_2b/pytest-of-bo/pytest-0'), _retention_count=3, _retention_policy='all')

    @pytest.fixture(scope="session", params=_model_keys())
    def harness(request, tmp_path_factory):
        """Session harness for one model: baselines + MP server + LMCache engine.
    
        The suite drives the multi-process deployment only (see the
        ``harness`` module docstring), so a cache server is started here and
        torn down with the harness.
        """
        from catalog import (
            audio_requests,
            catalog,
            cross_modal_requests,
            pressure_requests,
            video_requests,
        )
        from harness import (
            LMCACHE_TEST_CHUNK_SIZE,
            MMHarness,
            compute_baselines,
            configure_environment,
            start_mp_cache_server,
        )
        from specs import MODEL_SPECS
    
        configure_environment()
        # Fail loudly if `import lmcache` resolved outside this repo (see the
        # sys.path pinning at the top of this file).
        import lmcache
    
        lmcache_root = pathlib.Path(lmcache.__file__).resolve().parents[1]
        if lmcache_root != _REPO_ROOT:
            raise RuntimeError(
                f"lmcache resolved to {lmcache_root}, expected {_REPO_ROOT}; "
                "the suite would certify the wrong source tree"
            )
        spec = MODEL_SPECS[request.param]
        all_requests = list(catalog().values()) + pressure_requests(pressure_n())
        if "video" in spec.modalities:
            all_requests += list(video_requests().values())
        if "audio" in spec.modalities:
            all_requests += list(audio_requests().values())
        if {"image", "audio"} <= spec.modalities:
            all_requests += list(cross_modal_requests().values())
        workdir = tmp_path_factory.mktemp(f"mm_e2e_{spec.key}")
>       baselines = compute_baselines(spec, all_requests, workdir)
                    ^^^^^^^^^^^^^^^^^^^^^^^^^^^^^^^^^^^^^^^^^^^^^^

conftest.py:229: 
_ _ _ _ _ _ _ _ _ _ _ _ _ _ _ _ _ _ _ _ _ _ _ _ _ _ _ _ _ _ _ _ _ _ _ _ _ _ _ _ 

spec = ModelSpec(key='qwen3.5-2b', hf_id='Qwen/Qwen3.5-2B', modalities=frozenset({'image', 'video'}), max_model_len=8192, gpu...gpu_utilization=0.0, mp_server_l1_gb=0.0, preemption_gpu_blocks=0, eviction_capacity_gb=0.0, answer_extract_pattern='')
requests = [MMRequest(key='t01-A', salt='t01', question='What is the dominant color of this image? Answer with exactly one word.'...rple',), max_tokens=8, needs_baseline=True, video_indices=(), ignore_eos=False, audio_indices=(), media_order=()), ...]
workdir = PosixPath('/tmp/mm27/s2_qwen35_2b/pytest-of-bo/pytest-0/mm_e2e_qwen3.5-2b0')
extra_engine_kwargs = {'mamba_cache_mode': 'align', 'enable_prefix_caching': True, 'max_num_batched_tokens': 544}

    def compute_baselines(
        spec: ModelSpec,
        requests: list[MMRequest],
        workdir: pathlib.Path,
        extra_engine_kwargs: Mapping[str, object] = _NO_EXTRA_KWARGS,
    ) -> dict[str, str]:
        """Run all baseline-needing requests on a plain vLLM engine (subprocess).
    
        Args:
            spec: The model under certification.
            requests: Requests to run; only those with ``needs_baseline`` run.
            workdir: Directory for the input/output JSON files.
            extra_engine_kwargs: Additional/overriding engine kwargs, so isolated
                scenarios get a baseline under the SAME scheduling config as the
                engine under test (must be JSON-serializable).
    
        Returns:
            Mapping of request key to generated text.
    
        Raises:
            RuntimeError: If the baseline subprocess fails.
        """
        todo = [r for r in requests if r.needs_baseline]
        # The baseline must run the same mandatory engine settings as the engine
        # under test (align mode changes the numeric regime; hf_overrides change
        # the model's geometry), so an output difference can only come from
        # LMCache.
        extra_engine_kwargs = {
            **spec_engine_kwargs(spec),
            **extra_engine_kwargs,
        }
        spec_json = {
            "model": spec.hf_id,
            "max_model_len": spec.max_model_len,
            "gpu_memory_utilization": spec.gpu_memory_utilization,
            "limit_mm_per_prompt": mm_limits(spec),
            "chat_template_kwargs": dict(spec.chat_template_kwargs),
            "extra_engine_kwargs": dict(extra_engine_kwargs),
            "requests": [
                {
                    "key": r.key,
                    "messages": r.messages(),
                    "max_tokens": effective_max_tokens(spec, r),
                    "ignore_eos": r.ignore_eos,
                }
                for r in todo
            ],
        }
        in_path = workdir / "baseline_in.json"
        out_path = workdir / "baseline_out.json"
        in_path.write_text(json.dumps(spec_json))
        runner = pathlib.Path(__file__).parent / "baseline_runner.py"
        proc = subprocess.run(
            [sys.executable, str(runner), str(in_path), str(out_path)],
            capture_output=True,
            text=True,
            timeout=3600,
        )
        if proc.returncode != 0:
>           raise RuntimeError(
                f"Baseline runner failed (exit {proc.returncode}):\n"
                f"stdout tail: {proc.stdout[-2000:]}\nstderr tail: {proc.stderr[-2000:]}"
            )
E           RuntimeError: Baseline runner failed (exit 1):
E           stdout tail: onfig=None, compilation_config={'mode': <CompilationMode.NONE: 0>, 'debug_dump_path': None, 'cache_dir': '', 'compile_cache_save_format': 'binary', 'backend': 'inductor', 'custom_ops': ['all'], 'ir_enable_torch_wrap': False, 'splitting_ops': [], 'compile_mm_encoder': False, 'cudagraph_mm_encoder': False, 'encoder_cudagraph_token_budgets': [], 'encoder_cudagraph_max_vision_items_per_batch': 0, 'encoder_cudagraph_max_frames_per_batch': None, 'compile_sizes': [], 'compile_ranges_endpoints': [544], 'inductor_compile_config': {'enable_auto_functionalized_v2': False, 'combo_kernels': True, 'benchmark_combo_kernel': True}, 'inductor_passes': {}, 'cudagraph_mode': <CUDAGraphMode.NONE: 0>, 'cudagraph_num_of_warmups': 0, 'cudagraph_capture_sizes': [], 'cudagraph_copy_inputs': False, 'cudagraph_specialize_lora': True, 'use_inductor_graph_partition': False, 'pass_config': {'fuse_norm_quant': True, 'fuse_act_quant': True, 'fuse_attn_quant': False, 'enable_sp': False, 'fuse_gemm_comms': False, 'fuse_allreduce_rms': False, 'enable_qk_norm_rope_fusion': False, 'fuse_rope_kvcache_cat_mla': False, 'fuse_act_padding': False, 'fuse_qk_norm_rope_kvcache': False}, 'max_cudagraph_capture_size': 0, 'dynamic_shapes_config': {'type': <DynamicShapesType.BACKED: 'backed'>, 'evaluate_guards': False, 'assume_32_bit_indexing': False}, 'local_cache_dir': None, 'fast_moe_cold_start': False, 'static_all_moe_layers': []}, kernel_config=KernelConfig(ir_op_priority=IrOpPriorityConfig(rms_norm=['vllm_c', 'native'], fused_add_rms_norm=['vllm_c', 'native']), enable_flashinfer_autotune=True, enable_cutedsl_warmup=True, enable_jit_warmup=True, enable_bf16x3_router_gemm=False, moe_backend='auto', linear_backend='auto')
E           INFO 08-26 10:15:06 [parallel_state.py:1640] world_size=1 rank=0 local_rank=0 distributed_init_method=tcp://10.2.201.16:37933 backend=nccl
E           INFO 08-26 10:15:07 [parallel_state.py:1977] rank 0 in world size 1 is assigned as DP rank 0, PP rank 0, PCP rank 0, TP rank 0, EP rank N/A, EPLB rank N/A
E           
E           stderr tail: utor = executor_class(vllm_config)
E           [rank0]:                           ^^^^^^^^^^^^^^^^^^^^^^^^^^^
E           [rank0]:   File "/home/bo/venvs/vllm-mm/lib/python3.12/site-packages/vllm/tracing/otel.py", line 178, in sync_wrapper
E           [rank0]:     return func(*args, **kwargs)
E           [rank0]:            ^^^^^^^^^^^^^^^^^^^^^
E           [rank0]:   File "/home/bo/venvs/vllm-mm/lib/python3.12/site-packages/vllm/v1/executor/abstract.py", line 109, in __init__
E           [rank0]:     self._init_executor()
E           [rank0]:   File "/home/bo/venvs/vllm-mm/lib/python3.12/site-packages/vllm/v1/executor/uniproc_executor.py", line 63, in _init_executor
E           [rank0]:     self.driver_worker.init_device()
E           [rank0]:   File "/home/bo/venvs/vllm-mm/lib/python3.12/site-packages/vllm/v1/worker/worker_base.py", line 331, in init_device
E           [rank0]:     self.worker.init_device()  # type: ignore
E           [rank0]:     ^^^^^^^^^^^^^^^^^^^^^^^^^
E           [rank0]:   File "/home/bo/venvs/vllm-mm/lib/python3.12/site-packages/vllm/tracing/otel.py", line 178, in sync_wrapper
E           [rank0]:     return func(*args, **kwargs)
E           [rank0]:            ^^^^^^^^^^^^^^^^^^^^^
E           [rank0]:   File "/home/bo/venvs/vllm-mm/lib/python3.12/site-packages/vllm/v1/worker/gpu_worker.py", line 396, in init_device
E           [rank0]:     self.requested_memory = request_memory(init_snapshot, self.cache_config)
E           [rank0]:                             ^^^^^^^^^^^^^^^^^^^^^^^^^^^^^^^^^^^^^^^^^^^^^^^^
E           [rank0]:   File "/home/bo/venvs/vllm-mm/lib/python3.12/site-packages/vllm/v1/worker/utils.py", line 419, in request_memory
E           [rank0]:     raise ValueError(
E           [rank0]: ValueError: Free memory on device cuda:0 (53.13/139.8 GiB) on startup is less than desired GPU memory utilization (0.6, 83.88 GiB). Decrease GPU memory utilization or reduce GPU memory used by other processes.
E           [rank0]:[W826 10:15:09.587831595 ProcessGroupNCCL.cpp:1624] Warning: WARNING: destroy_process_group() was not called before program exit, which can leak resources. For more info, please see https://pytorch.org/docs/stable/distributed.html#shutdown (function operator())

harness.py:1438: RuntimeError
_____________ ERROR at setup of test_t0_mixed_traffic[qwen3.5-2b] ______________

request = <SubRequest 'harness' for <Function test_t0_cross_image_isolation_and_hit_equivalence[qwen3.5-2b]>>
tmp_path_factory = TempPathFactory(_given_basetemp=None, _trace=<pluggy._tracing.TagTracerSub object at 0x7f9537222d80>, _basetemp=PosixPath('/tmp/mm27/s2_qwen35_2b/pytest-of-bo/pytest-0'), _retention_count=3, _retention_policy='all')

    @pytest.fixture(scope="session", params=_model_keys())
    def harness(request, tmp_path_factory):
        """Session harness for one model: baselines + MP server + LMCache engine.
    
        The suite drives the multi-process deployment only (see the
        ``harness`` module docstring), so a cache server is started here and
        torn down with the harness.
        """
        from catalog import (
            audio_requests,
            catalog,
            cross_modal_requests,
            pressure_requests,
            video_requests,
        )
        from harness import (
            LMCACHE_TEST_CHUNK_SIZE,
            MMHarness,
            compute_baselines,
            configure_environment,
            start_mp_cache_server,
        )
        from specs import MODEL_SPECS
    
        configure_environment()
        # Fail loudly if `import lmcache` resolved outside this repo (see the
        # sys.path pinning at the top of this file).
        import lmcache
    
        lmcache_root = pathlib.Path(lmcache.__file__).resolve().parents[1]
        if lmcache_root != _REPO_ROOT:
            raise RuntimeError(
                f"lmcache resolved to {lmcache_root}, expected {_REPO_ROOT}; "
                "the suite would certify the wrong source tree"
            )
        spec = MODEL_SPECS[request.param]
        all_requests = list(catalog().values()) + pressure_requests(pressure_n())
        if "video" in spec.modalities:
            all_requests += list(video_requests().values())
        if "audio" in spec.modalities:
            all_requests += list(audio_requests().values())
        if {"image", "audio"} <= spec.modalities:
            all_requests += list(cross_modal_requests().values())
        workdir = tmp_path_factory.mktemp(f"mm_e2e_{spec.key}")
>       baselines = compute_baselines(spec, all_requests, workdir)
                    ^^^^^^^^^^^^^^^^^^^^^^^^^^^^^^^^^^^^^^^^^^^^^^

conftest.py:229: 
_ _ _ _ _ _ _ _ _ _ _ _ _ _ _ _ _ _ _ _ _ _ _ _ _ _ _ _ _ _ _ _ _ _ _ _ _ _ _ _ 

spec = ModelSpec(key='qwen3.5-2b', hf_id='Qwen/Qwen3.5-2B', modalities=frozenset({'image', 'video'}), max_model_len=8192, gpu...gpu_utilization=0.0, mp_server_l1_gb=0.0, preemption_gpu_blocks=0, eviction_capacity_gb=0.0, answer_extract_pattern='')
requests = [MMRequest(key='t01-A', salt='t01', question='What is the dominant color of this image? Answer with exactly one word.'...rple',), max_tokens=8, needs_baseline=True, video_indices=(), ignore_eos=False, audio_indices=(), media_order=()), ...]
workdir = PosixPath('/tmp/mm27/s2_qwen35_2b/pytest-of-bo/pytest-0/mm_e2e_qwen3.5-2b0')
extra_engine_kwargs = {'mamba_cache_mode': 'align', 'enable_prefix_caching': True, 'max_num_batched_tokens': 544}

    def compute_baselines(
        spec: ModelSpec,
        requests: list[MMRequest],
        workdir: pathlib.Path,
        extra_engine_kwargs: Mapping[str, object] = _NO_EXTRA_KWARGS,
    ) -> dict[str, str]:
        """Run all baseline-needing requests on a plain vLLM engine (subprocess).
    
        Args:
            spec: The model under certification.
            requests: Requests to run; only those with ``needs_baseline`` run.
            workdir: Directory for the input/output JSON files.
            extra_engine_kwargs: Additional/overriding engine kwargs, so isolated
                scenarios get a baseline under the SAME scheduling config as the
                engine under test (must be JSON-serializable).
    
        Returns:
            Mapping of request key to generated text.
    
        Raises:
            RuntimeError: If the baseline subprocess fails.
        """
        todo = [r for r in requests if r.needs_baseline]
        # The baseline must run the same mandatory engine settings as the engine
        # under test (align mode changes the numeric regime; hf_overrides change
        # the model's geometry), so an output difference can only come from
        # LMCache.
        extra_engine_kwargs = {
            **spec_engine_kwargs(spec),
            **extra_engine_kwargs,
        }
        spec_json = {
            "model": spec.hf_id,
            "max_model_len": spec.max_model_len,
            "gpu_memory_utilization": spec.gpu_memory_utilization,
            "limit_mm_per_prompt": mm_limits(spec),
            "chat_template_kwargs": dict(spec.chat_template_kwargs),
            "extra_engine_kwargs": dict(extra_engine_kwargs),
            "requests": [
                {
                    "key": r.key,
                    "messages": r.messages(),
                    "max_tokens": effective_max_tokens(spec, r),
                    "ignore_eos": r.ignore_eos,
                }
                for r in todo
            ],
        }
        in_path = workdir / "baseline_in.json"
        out_path = workdir / "baseline_out.json"
        in_path.write_text(json.dumps(spec_json))
        runner = pathlib.Path(__file__).parent / "baseline_runner.py"
        proc = subprocess.run(
            [sys.executable, str(runner), str(in_path), str(out_path)],
            capture_output=True,
            text=True,
            timeout=3600,
        )
        if proc.returncode != 0:
>           raise RuntimeError(
                f"Baseline runner failed (exit {proc.returncode}):\n"
                f"stdout tail: {proc.stdout[-2000:]}\nstderr tail: {proc.stderr[-2000:]}"
            )
E           RuntimeError: Baseline runner failed (exit 1):
E           stdout tail: onfig=None, compilation_config={'mode': <CompilationMode.NONE: 0>, 'debug_dump_path': None, 'cache_dir': '', 'compile_cache_save_format': 'binary', 'backend': 'inductor', 'custom_ops': ['all'], 'ir_enable_torch_wrap': False, 'splitting_ops': [], 'compile_mm_encoder': False, 'cudagraph_mm_encoder': False, 'encoder_cudagraph_token_budgets': [], 'encoder_cudagraph_max_vision_items_per_batch': 0, 'encoder_cudagraph_max_frames_per_batch': None, 'compile_sizes': [], 'compile_ranges_endpoints': [544], 'inductor_compile_config': {'enable_auto_functionalized_v2': False, 'combo_kernels': True, 'benchmark_combo_kernel': True}, 'inductor_passes': {}, 'cudagraph_mode': <CUDAGraphMode.NONE: 0>, 'cudagraph_num_of_warmups': 0, 'cudagraph_capture_sizes': [], 'cudagraph_copy_inputs': False, 'cudagraph_specialize_lora': True, 'use_inductor_graph_partition': False, 'pass_config': {'fuse_norm_quant': True, 'fuse_act_quant': True, 'fuse_attn_quant': False, 'enable_sp': False, 'fuse_gemm_comms': False, 'fuse_allreduce_rms': False, 'enable_qk_norm_rope_fusion': False, 'fuse_rope_kvcache_cat_mla': False, 'fuse_act_padding': False, 'fuse_qk_norm_rope_kvcache': False}, 'max_cudagraph_capture_size': 0, 'dynamic_shapes_config': {'type': <DynamicShapesType.BACKED: 'backed'>, 'evaluate_guards': False, 'assume_32_bit_indexing': False}, 'local_cache_dir': None, 'fast_moe_cold_start': False, 'static_all_moe_layers': []}, kernel_config=KernelConfig(ir_op_priority=IrOpPriorityConfig(rms_norm=['vllm_c', 'native'], fused_add_rms_norm=['vllm_c', 'native']), enable_flashinfer_autotune=True, enable_cutedsl_warmup=True, enable_jit_warmup=True, enable_bf16x3_router_gemm=False, moe_backend='auto', linear_backend='auto')
E           INFO 08-26 10:15:06 [parallel_state.py:1640] world_size=1 rank=0 local_rank=0 distributed_init_method=tcp://10.2.201.16:37933 backend=nccl
E           INFO 08-26 10:15:07 [parallel_state.py:1977] rank 0 in world size 1 is assigned as DP rank 0, PP rank 0, PCP rank 0, TP rank 0, EP rank N/A, EPLB rank N/A
E           
E           stderr tail: utor = executor_class(vllm_config)
E           [rank0]:                           ^^^^^^^^^^^^^^^^^^^^^^^^^^^
E           [rank0]:   File "/home/bo/venvs/vllm-mm/lib/python3.12/site-packages/vllm/tracing/otel.py", line 178, in sync_wrapper
E           [rank0]:     return func(*args, **kwargs)
E           [rank0]:            ^^^^^^^^^^^^^^^^^^^^^
E           [rank0]:   File "/home/bo/venvs/vllm-mm/lib/python3.12/site-packages/vllm/v1/executor/abstract.py", line 109, in __init__
E           [rank0]:     self._init_executor()
E           [rank0]:   File "/home/bo/venvs/vllm-mm/lib/python3.12/site-packages/vllm/v1/executor/uniproc_executor.py", line 63, in _init_executor
E           [rank0]:     self.driver_worker.init_device()
E           [rank0]:   File "/home/bo/venvs/vllm-mm/lib/python3.12/site-packages/vllm/v1/worker/worker_base.py", line 331, in init_device
E           [rank0]:     self.worker.init_device()  # type: ignore
E           [rank0]:     ^^^^^^^^^^^^^^^^^^^^^^^^^
E           [rank0]:   File "/home/bo/venvs/vllm-mm/lib/python3.12/site-packages/vllm/tracing/otel.py", line 178, in sync_wrapper
E           [rank0]:     return func(*args, **kwargs)
E           [rank0]:            ^^^^^^^^^^^^^^^^^^^^^
E           [rank0]:   File "/home/bo/venvs/vllm-mm/lib/python3.12/site-packages/vllm/v1/worker/gpu_worker.py", line 396, in init_device
E           [rank0]:     self.requested_memory = request_memory(init_snapshot, self.cache_config)
E           [rank0]:                             ^^^^^^^^^^^^^^^^^^^^^^^^^^^^^^^^^^^^^^^^^^^^^^^^
E           [rank0]:   File "/home/bo/venvs/vllm-mm/lib/python3.12/site-packages/vllm/v1/worker/utils.py", line 419, in request_memory
E           [rank0]:     raise ValueError(
E           [rank0]: ValueError: Free memory on device cuda:0 (53.13/139.8 GiB) on startup is less than desired GPU memory utilization (0.6, 83.88 GiB). Decrease GPU memory utilization or reduce GPU memory used by other processes.
E           [rank0]:[W826 10:15:09.587831595 ProcessGroupNCCL.cpp:1624] Warning: WARNING: destroy_process_group() was not called before program exit, which can leak resources. For more info, please see https://pytorch.org/docs/stable/distributed.html#shutdown (function operator())

harness.py:1438: RuntimeError
_____ ERROR at setup of test_t1_prefix_reuse_across_questions[qwen3.5-2b] ______

request = <SubRequest 'harness' for <Function test_t0_cross_image_isolation_and_hit_equivalence[qwen3.5-2b]>>
tmp_path_factory = TempPathFactory(_given_basetemp=None, _trace=<pluggy._tracing.TagTracerSub object at 0x7f9537222d80>, _basetemp=PosixPath('/tmp/mm27/s2_qwen35_2b/pytest-of-bo/pytest-0'), _retention_count=3, _retention_policy='all')

    @pytest.fixture(scope="session", params=_model_keys())
    def harness(request, tmp_path_factory):
        """Session harness for one model: baselines + MP server + LMCache engine.
    
        The suite drives the multi-process deployment only (see the
        ``harness`` module docstring), so a cache server is started here and
        torn down with the harness.
        """
        from catalog import (
            audio_requests,
            catalog,
            cross_modal_requests,
            pressure_requests,
            video_requests,
        )
        from harness import (
            LMCACHE_TEST_CHUNK_SIZE,
            MMHarness,
            compute_baselines,
            configure_environment,
            start_mp_cache_server,
        )
        from specs import MODEL_SPECS
    
        configure_environment()
        # Fail loudly if `import lmcache` resolved outside this repo (see the
        # sys.path pinning at the top of this file).
        import lmcache
    
        lmcache_root = pathlib.Path(lmcache.__file__).resolve().parents[1]
        if lmcache_root != _REPO_ROOT:
            raise RuntimeError(
                f"lmcache resolved to {lmcache_root}, expected {_REPO_ROOT}; "
                "the suite would certify the wrong source tree"
            )
        spec = MODEL_SPECS[request.param]
        all_requests = list(catalog().values()) + pressure_requests(pressure_n())
        if "video" in spec.modalities:
            all_requests += list(video_requests().values())
        if "audio" in spec.modalities:
            all_requests += list(audio_requests().values())
        if {"image", "audio"} <= spec.modalities:
            all_requests += list(cross_modal_requests().values())
        workdir = tmp_path_factory.mktemp(f"mm_e2e_{spec.key}")
>       baselines = compute_baselines(spec, all_requests, workdir)
                    ^^^^^^^^^^^^^^^^^^^^^^^^^^^^^^^^^^^^^^^^^^^^^^

conftest.py:229: 
_ _ _ _ _ _ _ _ _ _ _ _ _ _ _ _ _ _ _ _ _ _ _ _ _ _ _ _ _ _ _ _ _ _ _ _ _ _ _ _ 

spec = ModelSpec(key='qwen3.5-2b', hf_id='Qwen/Qwen3.5-2B', modalities=frozenset({'image', 'video'}), max_model_len=8192, gpu...gpu_utilization=0.0, mp_server_l1_gb=0.0, preemption_gpu_blocks=0, eviction_capacity_gb=0.0, answer_extract_pattern='')
requests = [MMRequest(key='t01-A', salt='t01', question='What is the dominant color of this image? Answer with exactly one word.'...rple',), max_tokens=8, needs_baseline=True, video_indices=(), ignore_eos=False, audio_indices=(), media_order=()), ...]
workdir = PosixPath('/tmp/mm27/s2_qwen35_2b/pytest-of-bo/pytest-0/mm_e2e_qwen3.5-2b0')
extra_engine_kwargs = {'mamba_cache_mode': 'align', 'enable_prefix_caching': True, 'max_num_batched_tokens': 544}

    def compute_baselines(
        spec: ModelSpec,
        requests: list[MMRequest],
        workdir: pathlib.Path,
        extra_engine_kwargs: Mapping[str, object] = _NO_EXTRA_KWARGS,
    ) -> dict[str, str]:
        """Run all baseline-needing requests on a plain vLLM engine (subprocess).
    
        Args:
            spec: The model under certification.
            requests: Requests to run; only those with ``needs_baseline`` run.
            workdir: Directory for the input/output JSON files.
            extra_engine_kwargs: Additional/overriding engine kwargs, so isolated
                scenarios get a baseline under the SAME scheduling config as the
                engine under test (must be JSON-serializable).
    
        Returns:
            Mapping of request key to generated text.
    
        Raises:
            RuntimeError: If the baseline subprocess fails.
        """
        todo = [r for r in requests if r.needs_baseline]
        # The baseline must run the same mandatory engine settings as the engine
        # under test (align mode changes the numeric regime; hf_overrides change
        # the model's geometry), so an output difference can only come from
        # LMCache.
        extra_engine_kwargs = {
            **spec_engine_kwargs(spec),
            **extra_engine_kwargs,
        }
        spec_json = {
            "model": spec.hf_id,
            "max_model_len": spec.max_model_len,
            "gpu_memory_utilization": spec.gpu_memory_utilization,
            "limit_mm_per_prompt": mm_limits(spec),
            "chat_template_kwargs": dict(spec.chat_template_kwargs),
            "extra_engine_kwargs": dict(extra_engine_kwargs),
            "requests": [
                {
                    "key": r.key,
                    "messages": r.messages(),
                    "max_tokens": effective_max_tokens(spec, r),
                    "ignore_eos": r.ignore_eos,
                }
                for r in todo
            ],
        }
        in_path = workdir / "baseline_in.json"
        out_path = workdir / "baseline_out.json"
        in_path.write_text(json.dumps(spec_json))
        runner = pathlib.Path(__file__).parent / "baseline_runner.py"
        proc = subprocess.run(
            [sys.executable, str(runner), str(in_path), str(out_path)],
            capture_output=True,
            text=True,
            timeout=3600,
        )
        if proc.returncode != 0:
>           raise RuntimeError(
                f"Baseline runner failed (exit {proc.returncode}):\n"
                f"stdout tail: {proc.stdout[-2000:]}\nstderr tail: {proc.stderr[-2000:]}"
            )
E           RuntimeError: Baseline runner failed (exit 1):
E           stdout tail: onfig=None, compilation_config={'mode': <CompilationMode.NONE: 0>, 'debug_dump_path': None, 'cache_dir': '', 'compile_cache_save_format': 'binary', 'backend': 'inductor', 'custom_ops': ['all'], 'ir_enable_torch_wrap': False, 'splitting_ops': [], 'compile_mm_encoder': False, 'cudagraph_mm_encoder': False, 'encoder_cudagraph_token_budgets': [], 'encoder_cudagraph_max_vision_items_per_batch': 0, 'encoder_cudagraph_max_frames_per_batch': None, 'compile_sizes': [], 'compile_ranges_endpoints': [544], 'inductor_compile_config': {'enable_auto_functionalized_v2': False, 'combo_kernels': True, 'benchmark_combo_kernel': True}, 'inductor_passes': {}, 'cudagraph_mode': <CUDAGraphMode.NONE: 0>, 'cudagraph_num_of_warmups': 0, 'cudagraph_capture_sizes': [], 'cudagraph_copy_inputs': False, 'cudagraph_specialize_lora': True, 'use_inductor_graph_partition': False, 'pass_config': {'fuse_norm_quant': True, 'fuse_act_quant': True, 'fuse_attn_quant': False, 'enable_sp': False, 'fuse_gemm_comms': False, 'fuse_allreduce_rms': False, 'enable_qk_norm_rope_fusion': False, 'fuse_rope_kvcache_cat_mla': False, 'fuse_act_padding': False, 'fuse_qk_norm_rope_kvcache': False}, 'max_cudagraph_capture_size': 0, 'dynamic_shapes_config': {'type': <DynamicShapesType.BACKED: 'backed'>, 'evaluate_guards': False, 'assume_32_bit_indexing': False}, 'local_cache_dir': None, 'fast_moe_cold_start': False, 'static_all_moe_layers': []}, kernel_config=KernelConfig(ir_op_priority=IrOpPriorityConfig(rms_norm=['vllm_c', 'native'], fused_add_rms_norm=['vllm_c', 'native']), enable_flashinfer_autotune=True, enable_cutedsl_warmup=True, enable_jit_warmup=True, enable_bf16x3_router_gemm=False, moe_backend='auto', linear_backend='auto')
E           INFO 08-26 10:15:06 [parallel_state.py:1640] world_size=1 rank=0 local_rank=0 distributed_init_method=tcp://10.2.201.16:37933 backend=nccl
E           INFO 08-26 10:15:07 [parallel_state.py:1977] rank 0 in world size 1 is assigned as DP rank 0, PP rank 0, PCP rank 0, TP rank 0, EP rank N/A, EPLB rank N/A
E           
E           stderr tail: utor = executor_class(vllm_config)
E           [rank0]:                           ^^^^^^^^^^^^^^^^^^^^^^^^^^^
E           [rank0]:   File "/home/bo/venvs/vllm-mm/lib/python3.12/site-packages/vllm/tracing/otel.py", line 178, in sync_wrapper
E           [rank0]:     return func(*args, **kwargs)
E           [rank0]:            ^^^^^^^^^^^^^^^^^^^^^
E           [rank0]:   File "/home/bo/venvs/vllm-mm/lib/python3.12/site-packages/vllm/v1/executor/abstract.py", line 109, in __init__
E           [rank0]:     self._init_executor()
E           [rank0]:   File "/home/bo/venvs/vllm-mm/lib/python3.12/site-packages/vllm/v1/executor/uniproc_executor.py", line 63, in _init_executor
E           [rank0]:     self.driver_worker.init_device()
E           [rank0]:   File "/home/bo/venvs/vllm-mm/lib/python3.12/site-packages/vllm/v1/worker/worker_base.py", line 331, in init_device
E           [rank0]:     self.worker.init_device()  # type: ignore
E           [rank0]:     ^^^^^^^^^^^^^^^^^^^^^^^^^
E           [rank0]:   File "/home/bo/venvs/vllm-mm/lib/python3.12/site-packages/vllm/tracing/otel.py", line 178, in sync_wrapper
E           [rank0]:     return func(*args, **kwargs)
E           [rank0]:            ^^^^^^^^^^^^^^^^^^^^^
E           [rank0]:   File "/home/bo/venvs/vllm-mm/lib/python3.12/site-packages/vllm/v1/worker/gpu_worker.py", line 396, in init_device
E           [rank0]:     self.requested_memory = request_memory(init_snapshot, self.cache_config)
E           [rank0]:                             ^^^^^^^^^^^^^^^^^^^^^^^^^^^^^^^^^^^^^^^^^^^^^^^^
E           [rank0]:   File "/home/bo/venvs/vllm-mm/lib/python3.12/site-packages/vllm/v1/worker/utils.py", line 419, in request_memory
E           [rank0]:     raise ValueError(
E           [rank0]: ValueError: Free memory on device cuda:0 (53.13/139.8 GiB) on startup is less than desired GPU memory utilization (0.6, 83.88 GiB). Decrease GPU memory utilization or reduce GPU memory used by other processes.
E           [rank0]:[W826 10:15:09.587831595 ProcessGroupNCCL.cpp:1624] Warning: WARNING: destroy_process_group() was not called before program exit, which can leak resources. For more info, please see https://pytorch.org/docs/stable/distributed.html#shutdown (function operator())

harness.py:1438: RuntimeError
___________ ERROR at setup of test_t2_multi_image_order[qwen3.5-2b] ____________

request = <SubRequest 'harness' for <Function test_t0_cross_image_isolation_and_hit_equivalence[qwen3.5-2b]>>
tmp_path_factory = TempPathFactory(_given_basetemp=None, _trace=<pluggy._tracing.TagTracerSub object at 0x7f9537222d80>, _basetemp=PosixPath('/tmp/mm27/s2_qwen35_2b/pytest-of-bo/pytest-0'), _retention_count=3, _retention_policy='all')

    @pytest.fixture(scope="session", params=_model_keys())
    def harness(request, tmp_path_factory):
        """Session harness for one model: baselines + MP server + LMCache engine.
    
        The suite drives the multi-process deployment only (see the
        ``harness`` module docstring), so a cache server is started here and
        torn down with the harness.
        """
        from catalog import (
            audio_requests,
            catalog,
            cross_modal_requests,
            pressure_requests,
            video_requests,
        )
        from harness import (
            LMCACHE_TEST_CHUNK_SIZE,
            MMHarness,
            compute_baselines,
            configure_environment,
            start_mp_cache_server,
        )
        from specs import MODEL_SPECS
    
        configure_environment()
        # Fail loudly if `import lmcache` resolved outside this repo (see the
        # sys.path pinning at the top of this file).
        import lmcache
    
        lmcache_root = pathlib.Path(lmcache.__file__).resolve().parents[1]
        if lmcache_root != _REPO_ROOT:
            raise RuntimeError(
                f"lmcache resolved to {lmcache_root}, expected {_REPO_ROOT}; "
                "the suite would certify the wrong source tree"
            )
        spec = MODEL_SPECS[request.param]
        all_requests = list(catalog().values()) + pressure_requests(pressure_n())
        if "video" in spec.modalities:
            all_requests += list(video_requests().values())
        if "audio" in spec.modalities:
            all_requests += list(audio_requests().values())
        if {"image", "audio"} <= spec.modalities:
            all_requests += list(cross_modal_requests().values())
        workdir = tmp_path_factory.mktemp(f"mm_e2e_{spec.key}")
>       baselines = compute_baselines(spec, all_requests, workdir)
                    ^^^^^^^^^^^^^^^^^^^^^^^^^^^^^^^^^^^^^^^^^^^^^^

conftest.py:229: 
_ _ _ _ _ _ _ _ _ _ _ _ _ _ _ _ _ _ _ _ _ _ _ _ _ _ _ _ _ _ _ _ _ _ _ _ _ _ _ _ 

spec = ModelSpec(key='qwen3.5-2b', hf_id='Qwen/Qwen3.5-2B', modalities=frozenset({'image', 'video'}), max_model_len=8192, gpu...gpu_utilization=0.0, mp_server_l1_gb=0.0, preemption_gpu_blocks=0, eviction_capacity_gb=0.0, answer_extract_pattern='')
requests = [MMRequest(key='t01-A', salt='t01', question='What is the dominant color of this image? Answer with exactly one word.'...rple',), max_tokens=8, needs_baseline=True, video_indices=(), ignore_eos=False, audio_indices=(), media_order=()), ...]
workdir = PosixPath('/tmp/mm27/s2_qwen35_2b/pytest-of-bo/pytest-0/mm_e2e_qwen3.5-2b0')
extra_engine_kwargs = {'mamba_cache_mode': 'align', 'enable_prefix_caching': True, 'max_num_batched_tokens': 544}

    def compute_baselines(
        spec: ModelSpec,
        requests: list[MMRequest],
        workdir: pathlib.Path,
        extra_engine_kwargs: Mapping[str, object] = _NO_EXTRA_KWARGS,
    ) -> dict[str, str]:
        """Run all baseline-needing requests on a plain vLLM engine (subprocess).
    
        Args:
            spec: The model under certification.
            requests: Requests to run; only those with ``needs_baseline`` run.
            workdir: Directory for the input/output JSON files.
            extra_engine_kwargs: Additional/overriding engine kwargs, so isolated
                scenarios get a baseline under the SAME scheduling config as the
                engine under test (must be JSON-serializable).
    
        Returns:
            Mapping of request key to generated text.
    
        Raises:
            RuntimeError: If the baseline subprocess fails.
        """
        todo = [r for r in requests if r.needs_baseline]
        # The baseline must run the same mandatory engine settings as the engine
        # under test (align mode changes the numeric regime; hf_overrides change
        # the model's geometry), so an output difference can only come from
        # LMCache.
        extra_engine_kwargs = {
            **spec_engine_kwargs(spec),
            **extra_engine_kwargs,
        }
        spec_json = {
            "model": spec.hf_id,
            "max_model_len": spec.max_model_len,
            "gpu_memory_utilization": spec.gpu_memory_utilization,
            "limit_mm_per_prompt": mm_limits(spec),
            "chat_template_kwargs": dict(spec.chat_template_kwargs),
            "extra_engine_kwargs": dict(extra_engine_kwargs),
            "requests": [
                {
                    "key": r.key,
                    "messages": r.messages(),
                    "max_tokens": effective_max_tokens(spec, r),
                    "ignore_eos": r.ignore_eos,
                }
                for r in todo
            ],
        }
        in_path = workdir / "baseline_in.json"
        out_path = workdir / "baseline_out.json"
        in_path.write_text(json.dumps(spec_json))
        runner = pathlib.Path(__file__).parent / "baseline_runner.py"
        proc = subprocess.run(
            [sys.executable, str(runner), str(in_path), str(out_path)],
            capture_output=True,
            text=True,
            timeout=3600,
        )
        if proc.returncode != 0:
>           raise RuntimeError(
                f"Baseline runner failed (exit {proc.returncode}):\n"
                f"stdout tail: {proc.stdout[-2000:]}\nstderr tail: {proc.stderr[-2000:]}"
            )
E           RuntimeError: Baseline runner failed (exit 1):
E           stdout tail: onfig=None, compilation_config={'mode': <CompilationMode.NONE: 0>, 'debug_dump_path': None, 'cache_dir': '', 'compile_cache_save_format': 'binary', 'backend': 'inductor', 'custom_ops': ['all'], 'ir_enable_torch_wrap': False, 'splitting_ops': [], 'compile_mm_encoder': False, 'cudagraph_mm_encoder': False, 'encoder_cudagraph_token_budgets': [], 'encoder_cudagraph_max_vision_items_per_batch': 0, 'encoder_cudagraph_max_frames_per_batch': None, 'compile_sizes': [], 'compile_ranges_endpoints': [544], 'inductor_compile_config': {'enable_auto_functionalized_v2': False, 'combo_kernels': True, 'benchmark_combo_kernel': True}, 'inductor_passes': {}, 'cudagraph_mode': <CUDAGraphMode.NONE: 0>, 'cudagraph_num_of_warmups': 0, 'cudagraph_capture_sizes': [], 'cudagraph_copy_inputs': False, 'cudagraph_specialize_lora': True, 'use_inductor_graph_partition': False, 'pass_config': {'fuse_norm_quant': True, 'fuse_act_quant': True, 'fuse_attn_quant': False, 'enable_sp': False, 'fuse_gemm_comms': False, 'fuse_allreduce_rms': False, 'enable_qk_norm_rope_fusion': False, 'fuse_rope_kvcache_cat_mla': False, 'fuse_act_padding': False, 'fuse_qk_norm_rope_kvcache': False}, 'max_cudagraph_capture_size': 0, 'dynamic_shapes_config': {'type': <DynamicShapesType.BACKED: 'backed'>, 'evaluate_guards': False, 'assume_32_bit_indexing': False}, 'local_cache_dir': None, 'fast_moe_cold_start': False, 'static_all_moe_layers': []}, kernel_config=KernelConfig(ir_op_priority=IrOpPriorityConfig(rms_norm=['vllm_c', 'native'], fused_add_rms_norm=['vllm_c', 'native']), enable_flashinfer_autotune=True, enable_cutedsl_warmup=True, enable_jit_warmup=True, enable_bf16x3_router_gemm=False, moe_backend='auto', linear_backend='auto')
E           INFO 08-26 10:15:06 [parallel_state.py:1640] world_size=1 rank=0 local_rank=0 distributed_init_method=tcp://10.2.201.16:37933 backend=nccl
E           INFO 08-26 10:15:07 [parallel_state.py:1977] rank 0 in world size 1 is assigned as DP rank 0, PP rank 0, PCP rank 0, TP rank 0, EP rank N/A, EPLB rank N/A
E           
E           stderr tail: utor = executor_class(vllm_config)
E           [rank0]:                           ^^^^^^^^^^^^^^^^^^^^^^^^^^^
E           [rank0]:   File "/home/bo/venvs/vllm-mm/lib/python3.12/site-packages/vllm/tracing/otel.py", line 178, in sync_wrapper
E           [rank0]:     return func(*args, **kwargs)
E           [rank0]:            ^^^^^^^^^^^^^^^^^^^^^
E           [rank0]:   File "/home/bo/venvs/vllm-mm/lib/python3.12/site-packages/vllm/v1/executor/abstract.py", line 109, in __init__
E           [rank0]:     self._init_executor()
E           [rank0]:   File "/home/bo/venvs/vllm-mm/lib/python3.12/site-packages/vllm/v1/executor/uniproc_executor.py", line 63, in _init_executor
E           [rank0]:     self.driver_worker.init_device()
E           [rank0]:   File "/home/bo/venvs/vllm-mm/lib/python3.12/site-packages/vllm/v1/worker/worker_base.py", line 331, in init_device
E           [rank0]:     self.worker.init_device()  # type: ignore
E           [rank0]:     ^^^^^^^^^^^^^^^^^^^^^^^^^
E           [rank0]:   File "/home/bo/venvs/vllm-mm/lib/python3.12/site-packages/vllm/tracing/otel.py", line 178, in sync_wrapper
E           [rank0]:     return func(*args, **kwargs)
E           [rank0]:            ^^^^^^^^^^^^^^^^^^^^^
E           [rank0]:   File "/home/bo/venvs/vllm-mm/lib/python3.12/site-packages/vllm/v1/worker/gpu_worker.py", line 396, in init_device
E           [rank0]:     self.requested_memory = request_memory(init_snapshot, self.cache_config)
E           [rank0]:                             ^^^^^^^^^^^^^^^^^^^^^^^^^^^^^^^^^^^^^^^^^^^^^^^^
E           [rank0]:   File "/home/bo/venvs/vllm-mm/lib/python3.12/site-packages/vllm/v1/worker/utils.py", line 419, in request_memory
E           [rank0]:     raise ValueError(
E           [rank0]: ValueError: Free memory on device cuda:0 (53.13/139.8 GiB) on startup is less than desired GPU memory utilization (0.6, 83.88 GiB). Decrease GPU memory utilization or reduce GPU memory used by other processes.
E           [rank0]:[W826 10:15:09.587831595 ProcessGroupNCCL.cpp:1624] Warning: WARNING: destroy_process_group() was not called before program exit, which can leak resources. For more info, please see https://pytorch.org/docs/stable/distributed.html#shutdown (function operator())

harness.py:1438: RuntimeError
________ ERROR at setup of test_t2_video_isolation_and_hit[qwen3.5-2b] _________

request = <SubRequest 'harness' for <Function test_t0_cross_image_isolation_and_hit_equivalence[qwen3.5-2b]>>
tmp_path_factory = TempPathFactory(_given_basetemp=None, _trace=<pluggy._tracing.TagTracerSub object at 0x7f9537222d80>, _basetemp=PosixPath('/tmp/mm27/s2_qwen35_2b/pytest-of-bo/pytest-0'), _retention_count=3, _retention_policy='all')

    @pytest.fixture(scope="session", params=_model_keys())
    def harness(request, tmp_path_factory):
        """Session harness for one model: baselines + MP server + LMCache engine.
    
        The suite drives the multi-process deployment only (see the
        ``harness`` module docstring), so a cache server is started here and
        torn down with the harness.
        """
        from catalog import (
            audio_requests,
            catalog,
            cross_modal_requests,
            pressure_requests,
            video_requests,
        )
        from harness import (
            LMCACHE_TEST_CHUNK_SIZE,
            MMHarness,
            compute_baselines,
            configure_environment,
            start_mp_cache_server,
        )
        from specs import MODEL_SPECS
    
        configure_environment()
        # Fail loudly if `import lmcache` resolved outside this repo (see the
        # sys.path pinning at the top of this file).
        import lmcache
    
        lmcache_root = pathlib.Path(lmcache.__file__).resolve().parents[1]
        if lmcache_root != _REPO_ROOT:
            raise RuntimeError(
                f"lmcache resolved to {lmcache_root}, expected {_REPO_ROOT}; "
                "the suite would certify the wrong source tree"
            )
        spec = MODEL_SPECS[request.param]
        all_requests = list(catalog().values()) + pressure_requests(pressure_n())
        if "video" in spec.modalities:
            all_requests += list(video_requests().values())
        if "audio" in spec.modalities:
            all_requests += list(audio_requests().values())
        if {"image", "audio"} <= spec.modalities:
            all_requests += list(cross_modal_requests().values())
        workdir = tmp_path_factory.mktemp(f"mm_e2e_{spec.key}")
>       baselines = compute_baselines(spec, all_requests, workdir)
                    ^^^^^^^^^^^^^^^^^^^^^^^^^^^^^^^^^^^^^^^^^^^^^^

conftest.py:229: 
_ _ _ _ _ _ _ _ _ _ _ _ _ _ _ _ _ _ _ _ _ _ _ _ _ _ _ _ _ _ _ _ _ _ _ _ _ _ _ _ 

spec = ModelSpec(key='qwen3.5-2b', hf_id='Qwen/Qwen3.5-2B', modalities=frozenset({'image', 'video'}), max_model_len=8192, gpu...gpu_utilization=0.0, mp_server_l1_gb=0.0, preemption_gpu_blocks=0, eviction_capacity_gb=0.0, answer_extract_pattern='')
requests = [MMRequest(key='t01-A', salt='t01', question='What is the dominant color of this image? Answer with exactly one word.'...rple',), max_tokens=8, needs_baseline=True, video_indices=(), ignore_eos=False, audio_indices=(), media_order=()), ...]
workdir = PosixPath('/tmp/mm27/s2_qwen35_2b/pytest-of-bo/pytest-0/mm_e2e_qwen3.5-2b0')
extra_engine_kwargs = {'mamba_cache_mode': 'align', 'enable_prefix_caching': True, 'max_num_batched_tokens': 544}

    def compute_baselines(
        spec: ModelSpec,
        requests: list[MMRequest],
        workdir: pathlib.Path,
        extra_engine_kwargs: Mapping[str, object] = _NO_EXTRA_KWARGS,
    ) -> dict[str, str]:
        """Run all baseline-needing requests on a plain vLLM engine (subprocess).
    
        Args:
            spec: The model under certification.
            requests: Requests to run; only those with ``needs_baseline`` run.
            workdir: Directory for the input/output JSON files.
            extra_engine_kwargs: Additional/overriding engine kwargs, so isolated
                scenarios get a baseline under the SAME scheduling config as the
                engine under test (must be JSON-serializable).
    
        Returns:
            Mapping of request key to generated text.
    
        Raises:
            RuntimeError: If the baseline subprocess fails.
        """
        todo = [r for r in requests if r.needs_baseline]
        # The baseline must run the same mandatory engine settings as the engine
        # under test (align mode changes the numeric regime; hf_overrides change
        # the model's geometry), so an output difference can only come from
        # LMCache.
        extra_engine_kwargs = {
            **spec_engine_kwargs(spec),
            **extra_engine_kwargs,
        }
        spec_json = {
            "model": spec.hf_id,
            "max_model_len": spec.max_model_len,
            "gpu_memory_utilization": spec.gpu_memory_utilization,
            "limit_mm_per_prompt": mm_limits(spec),
            "chat_template_kwargs": dict(spec.chat_template_kwargs),
            "extra_engine_kwargs": dict(extra_engine_kwargs),
            "requests": [
                {
                    "key": r.key,
                    "messages": r.messages(),
                    "max_tokens": effective_max_tokens(spec, r),
                    "ignore_eos": r.ignore_eos,
                }
                for r in todo
            ],
        }
        in_path = workdir / "baseline_in.json"
        out_path = workdir / "baseline_out.json"
        in_path.write_text(json.dumps(spec_json))
        runner = pathlib.Path(__file__).parent / "baseline_runner.py"
        proc = subprocess.run(
            [sys.executable, str(runner), str(in_path), str(out_path)],
            capture_output=True,
            text=True,
            timeout=3600,
        )
        if proc.returncode != 0:
>           raise RuntimeError(
                f"Baseline runner failed (exit {proc.returncode}):\n"
                f"stdout tail: {proc.stdout[-2000:]}\nstderr tail: {proc.stderr[-2000:]}"
            )
E           RuntimeError: Baseline runner failed (exit 1):
E           stdout tail: onfig=None, compilation_config={'mode': <CompilationMode.NONE: 0>, 'debug_dump_path': None, 'cache_dir': '', 'compile_cache_save_format': 'binary', 'backend': 'inductor', 'custom_ops': ['all'], 'ir_enable_torch_wrap': False, 'splitting_ops': [], 'compile_mm_encoder': False, 'cudagraph_mm_encoder': False, 'encoder_cudagraph_token_budgets': [], 'encoder_cudagraph_max_vision_items_per_batch': 0, 'encoder_cudagraph_max_frames_per_batch': None, 'compile_sizes': [], 'compile_ranges_endpoints': [544], 'inductor_compile_config': {'enable_auto_functionalized_v2': False, 'combo_kernels': True, 'benchmark_combo_kernel': True}, 'inductor_passes': {}, 'cudagraph_mode': <CUDAGraphMode.NONE: 0>, 'cudagraph_num_of_warmups': 0, 'cudagraph_capture_sizes': [], 'cudagraph_copy_inputs': False, 'cudagraph_specialize_lora': True, 'use_inductor_graph_partition': False, 'pass_config': {'fuse_norm_quant': True, 'fuse_act_quant': True, 'fuse_attn_quant': False, 'enable_sp': False, 'fuse_gemm_comms': False, 'fuse_allreduce_rms': False, 'enable_qk_norm_rope_fusion': False, 'fuse_rope_kvcache_cat_mla': False, 'fuse_act_padding': False, 'fuse_qk_norm_rope_kvcache': False}, 'max_cudagraph_capture_size': 0, 'dynamic_shapes_config': {'type': <DynamicShapesType.BACKED: 'backed'>, 'evaluate_guards': False, 'assume_32_bit_indexing': False}, 'local_cache_dir': None, 'fast_moe_cold_start': False, 'static_all_moe_layers': []}, kernel_config=KernelConfig(ir_op_priority=IrOpPriorityConfig(rms_norm=['vllm_c', 'native'], fused_add_rms_norm=['vllm_c', 'native']), enable_flashinfer_autotune=True, enable_cutedsl_warmup=True, enable_jit_warmup=True, enable_bf16x3_router_gemm=False, moe_backend='auto', linear_backend='auto')
E           INFO 08-26 10:15:06 [parallel_state.py:1640] world_size=1 rank=0 local_rank=0 distributed_init_method=tcp://10.2.201.16:37933 backend=nccl
E           INFO 08-26 10:15:07 [parallel_state.py:1977] rank 0 in world size 1 is assigned as DP rank 0, PP rank 0, PCP rank 0, TP rank 0, EP rank N/A, EPLB rank N/A
E           
E           stderr tail: utor = executor_class(vllm_config)
E           [rank0]:                           ^^^^^^^^^^^^^^^^^^^^^^^^^^^
E           [rank0]:   File "/home/bo/venvs/vllm-mm/lib/python3.12/site-packages/vllm/tracing/otel.py", line 178, in sync_wrapper
E           [rank0]:     return func(*args, **kwargs)
E           [rank0]:            ^^^^^^^^^^^^^^^^^^^^^
E           [rank0]:   File "/home/bo/venvs/vllm-mm/lib/python3.12/site-packages/vllm/v1/executor/abstract.py", line 109, in __init__
E           [rank0]:     self._init_executor()
E           [rank0]:   File "/home/bo/venvs/vllm-mm/lib/python3.12/site-packages/vllm/v1/executor/uniproc_executor.py", line 63, in _init_executor
E           [rank0]:     self.driver_worker.init_device()
E           [rank0]:   File "/home/bo/venvs/vllm-mm/lib/python3.12/site-packages/vllm/v1/worker/worker_base.py", line 331, in init_device
E           [rank0]:     self.worker.init_device()  # type: ignore
E           [rank0]:     ^^^^^^^^^^^^^^^^^^^^^^^^^
E           [rank0]:   File "/home/bo/venvs/vllm-mm/lib/python3.12/site-packages/vllm/tracing/otel.py", line 178, in sync_wrapper
E           [rank0]:     return func(*args, **kwargs)
E           [rank0]:            ^^^^^^^^^^^^^^^^^^^^^
E           [rank0]:   File "/home/bo/venvs/vllm-mm/lib/python3.12/site-packages/vllm/v1/worker/gpu_worker.py", line 396, in init_device
E           [rank0]:     self.requested_memory = request_memory(init_snapshot, self.cache_config)
E           [rank0]:                             ^^^^^^^^^^^^^^^^^^^^^^^^^^^^^^^^^^^^^^^^^^^^^^^^
E           [rank0]:   File "/home/bo/venvs/vllm-mm/lib/python3.12/site-packages/vllm/v1/worker/utils.py", line 419, in request_memory
E           [rank0]:     raise ValueError(
E           [rank0]: ValueError: Free memory on device cuda:0 (53.13/139.8 GiB) on startup is less than desired GPU memory utilization (0.6, 83.88 GiB). Decrease GPU memory utilization or reduce GPU memory used by other processes.
E           [rank0]:[W826 10:15:09.587831595 ProcessGroupNCCL.cpp:1624] Warning: WARNING: destroy_process_group() was not called before program exit, which can leak resources. For more info, please see https://pytorch.org/docs/stable/distributed.html#shutdown (function operator())

harness.py:1438: RuntimeError
____________ ERROR at setup of test_t2_partial_sharing[qwen3.5-2b] _____________

request = <SubRequest 'harness' for <Function test_t0_cross_image_isolation_and_hit_equivalence[qwen3.5-2b]>>
tmp_path_factory = TempPathFactory(_given_basetemp=None, _trace=<pluggy._tracing.TagTracerSub object at 0x7f9537222d80>, _basetemp=PosixPath('/tmp/mm27/s2_qwen35_2b/pytest-of-bo/pytest-0'), _retention_count=3, _retention_policy='all')

    @pytest.fixture(scope="session", params=_model_keys())
    def harness(request, tmp_path_factory):
        """Session harness for one model: baselines + MP server + LMCache engine.
    
        The suite drives the multi-process deployment only (see the
        ``harness`` module docstring), so a cache server is started here and
        torn down with the harness.
        """
        from catalog import (
            audio_requests,
            catalog,
            cross_modal_requests,
            pressure_requests,
            video_requests,
        )
        from harness import (
            LMCACHE_TEST_CHUNK_SIZE,
            MMHarness,
            compute_baselines,
            configure_environment,
            start_mp_cache_server,
        )
        from specs import MODEL_SPECS
    
        configure_environment()
        # Fail loudly if `import lmcache` resolved outside this repo (see the
        # sys.path pinning at the top of this file).
        import lmcache
    
        lmcache_root = pathlib.Path(lmcache.__file__).resolve().parents[1]
        if lmcache_root != _REPO_ROOT:
            raise RuntimeError(
                f"lmcache resolved to {lmcache_root}, expected {_REPO_ROOT}; "
                "the suite would certify the wrong source tree"
            )
        spec = MODEL_SPECS[request.param]
        all_requests = list(catalog().values()) + pressure_requests(pressure_n())
        if "video" in spec.modalities:
            all_requests += list(video_requests().values())
        if "audio" in spec.modalities:
            all_requests += list(audio_requests().values())
        if {"image", "audio"} <= spec.modalities:
            all_requests += list(cross_modal_requests().values())
        workdir = tmp_path_factory.mktemp(f"mm_e2e_{spec.key}")
>       baselines = compute_baselines(spec, all_requests, workdir)
                    ^^^^^^^^^^^^^^^^^^^^^^^^^^^^^^^^^^^^^^^^^^^^^^

conftest.py:229: 
_ _ _ _ _ _ _ _ _ _ _ _ _ _ _ _ _ _ _ _ _ _ _ _ _ _ _ _ _ _ _ _ _ _ _ _ _ _ _ _ 

spec = ModelSpec(key='qwen3.5-2b', hf_id='Qwen/Qwen3.5-2B', modalities=frozenset({'image', 'video'}), max_model_len=8192, gpu...gpu_utilization=0.0, mp_server_l1_gb=0.0, preemption_gpu_blocks=0, eviction_capacity_gb=0.0, answer_extract_pattern='')
requests = [MMRequest(key='t01-A', salt='t01', question='What is the dominant color of this image? Answer with exactly one word.'...rple',), max_tokens=8, needs_baseline=True, video_indices=(), ignore_eos=False, audio_indices=(), media_order=()), ...]
workdir = PosixPath('/tmp/mm27/s2_qwen35_2b/pytest-of-bo/pytest-0/mm_e2e_qwen3.5-2b0')
extra_engine_kwargs = {'mamba_cache_mode': 'align', 'enable_prefix_caching': True, 'max_num_batched_tokens': 544}

    def compute_baselines(
        spec: ModelSpec,
        requests: list[MMRequest],
        workdir: pathlib.Path,
        extra_engine_kwargs: Mapping[str, object] = _NO_EXTRA_KWARGS,
    ) -> dict[str, str]:
        """Run all baseline-needing requests on a plain vLLM engine (subprocess).
    
        Args:
            spec: The model under certification.
            requests: Requests to run; only those with ``needs_baseline`` run.
            workdir: Directory for the input/output JSON files.
            extra_engine_kwargs: Additional/overriding engine kwargs, so isolated
                scenarios get a baseline under the SAME scheduling config as the
                engine under test (must be JSON-serializable).
    
        Returns:
            Mapping of request key to generated text.
    
        Raises:
            RuntimeError: If the baseline subprocess fails.
        """
        todo = [r for r in requests if r.needs_baseline]
        # The baseline must run the same mandatory engine settings as the engine
        # under test (align mode changes the numeric regime; hf_overrides change
        # the model's geometry), so an output difference can only come from
        # LMCache.
        extra_engine_kwargs = {
            **spec_engine_kwargs(spec),
            **extra_engine_kwargs,
        }
        spec_json = {
            "model": spec.hf_id,
            "max_model_len": spec.max_model_len,
            "gpu_memory_utilization": spec.gpu_memory_utilization,
            "limit_mm_per_prompt": mm_limits(spec),
            "chat_template_kwargs": dict(spec.chat_template_kwargs),
            "extra_engine_kwargs": dict(extra_engine_kwargs),
            "requests": [
                {
                    "key": r.key,
                    "messages": r.messages(),
                    "max_tokens": effective_max_tokens(spec, r),
                    "ignore_eos": r.ignore_eos,
                }
                for r in todo
            ],
        }
        in_path = workdir / "baseline_in.json"
        out_path = workdir / "baseline_out.json"
        in_path.write_text(json.dumps(spec_json))
        runner = pathlib.Path(__file__).parent / "baseline_runner.py"
        proc = subprocess.run(
            [sys.executable, str(runner), str(in_path), str(out_path)],
            capture_output=True,
            text=True,
            timeout=3600,
        )
        if proc.returncode != 0:
>           raise RuntimeError(
                f"Baseline runner failed (exit {proc.returncode}):\n"
                f"stdout tail: {proc.stdout[-2000:]}\nstderr tail: {proc.stderr[-2000:]}"
            )
E           RuntimeError: Baseline runner failed (exit 1):
E           stdout tail: onfig=None, compilation_config={'mode': <CompilationMode.NONE: 0>, 'debug_dump_path': None, 'cache_dir': '', 'compile_cache_save_format': 'binary', 'backend': 'inductor', 'custom_ops': ['all'], 'ir_enable_torch_wrap': False, 'splitting_ops': [], 'compile_mm_encoder': False, 'cudagraph_mm_encoder': False, 'encoder_cudagraph_token_budgets': [], 'encoder_cudagraph_max_vision_items_per_batch': 0, 'encoder_cudagraph_max_frames_per_batch': None, 'compile_sizes': [], 'compile_ranges_endpoints': [544], 'inductor_compile_config': {'enable_auto_functionalized_v2': False, 'combo_kernels': True, 'benchmark_combo_kernel': True}, 'inductor_passes': {}, 'cudagraph_mode': <CUDAGraphMode.NONE: 0>, 'cudagraph_num_of_warmups': 0, 'cudagraph_capture_sizes': [], 'cudagraph_copy_inputs': False, 'cudagraph_specialize_lora': True, 'use_inductor_graph_partition': False, 'pass_config': {'fuse_norm_quant': True, 'fuse_act_quant': True, 'fuse_attn_quant': False, 'enable_sp': False, 'fuse_gemm_comms': False, 'fuse_allreduce_rms': False, 'enable_qk_norm_rope_fusion': False, 'fuse_rope_kvcache_cat_mla': False, 'fuse_act_padding': False, 'fuse_qk_norm_rope_kvcache': False}, 'max_cudagraph_capture_size': 0, 'dynamic_shapes_config': {'type': <DynamicShapesType.BACKED: 'backed'>, 'evaluate_guards': False, 'assume_32_bit_indexing': False}, 'local_cache_dir': None, 'fast_moe_cold_start': False, 'static_all_moe_layers': []}, kernel_config=KernelConfig(ir_op_priority=IrOpPriorityConfig(rms_norm=['vllm_c', 'native'], fused_add_rms_norm=['vllm_c', 'native']), enable_flashinfer_autotune=True, enable_cutedsl_warmup=True, enable_jit_warmup=True, enable_bf16x3_router_gemm=False, moe_backend='auto', linear_backend='auto')
E           INFO 08-26 10:15:06 [parallel_state.py:1640] world_size=1 rank=0 local_rank=0 distributed_init_method=tcp://10.2.201.16:37933 backend=nccl
E           INFO 08-26 10:15:07 [parallel_state.py:1977] rank 0 in world size 1 is assigned as DP rank 0, PP rank 0, PCP rank 0, TP rank 0, EP rank N/A, EPLB rank N/A
E           
E           stderr tail: utor = executor_class(vllm_config)
E           [rank0]:                           ^^^^^^^^^^^^^^^^^^^^^^^^^^^
E           [rank0]:   File "/home/bo/venvs/vllm-mm/lib/python3.12/site-packages/vllm/tracing/otel.py", line 178, in sync_wrapper
E           [rank0]:     return func(*args, **kwargs)
E           [rank0]:            ^^^^^^^^^^^^^^^^^^^^^
E           [rank0]:   File "/home/bo/venvs/vllm-mm/lib/python3.12/site-packages/vllm/v1/executor/abstract.py", line 109, in __init__
E           [rank0]:     self._init_executor()
E           [rank0]:   File "/home/bo/venvs/vllm-mm/lib/python3.12/site-packages/vllm/v1/executor/uniproc_executor.py", line 63, in _init_executor
E           [rank0]:     self.driver_worker.init_device()
E           [rank0]:   File "/home/bo/venvs/vllm-mm/lib/python3.12/site-packages/vllm/v1/worker/worker_base.py", line 331, in init_device
E           [rank0]:     self.worker.init_device()  # type: ignore
E           [rank0]:     ^^^^^^^^^^^^^^^^^^^^^^^^^
E           [rank0]:   File "/home/bo/venvs/vllm-mm/lib/python3.12/site-packages/vllm/tracing/otel.py", line 178, in sync_wrapper
E           [rank0]:     return func(*args, **kwargs)
E           [rank0]:            ^^^^^^^^^^^^^^^^^^^^^
E           [rank0]:   File "/home/bo/venvs/vllm-mm/lib/python3.12/site-packages/vllm/v1/worker/gpu_worker.py", line 396, in init_device
E           [rank0]:     self.requested_memory = request_memory(init_snapshot, self.cache_config)
E           [rank0]:                             ^^^^^^^^^^^^^^^^^^^^^^^^^^^^^^^^^^^^^^^^^^^^^^^^
E           [rank0]:   File "/home/bo/venvs/vllm-mm/lib/python3.12/site-packages/vllm/v1/worker/utils.py", line 419, in request_memory
E           [rank0]:     raise ValueError(
E           [rank0]: ValueError: Free memory on device cuda:0 (53.13/139.8 GiB) on startup is less than desired GPU memory utilization (0.6, 83.88 GiB). Decrease GPU memory utilization or reduce GPU memory used by other processes.
E           [rank0]:[W826 10:15:09.587831595 ProcessGroupNCCL.cpp:1624] Warning: WARNING: destroy_process_group() was not called before program exit, which can leak resources. For more info, please see https://pytorch.org/docs/stable/distributed.html#shutdown (function operator())

harness.py:1438: RuntimeError
=================================== FAILURES ===================================
_____________ test_isolated_scenario[capacity_eviction-qwen3.5-2b] _____________

scenario = 'capacity_eviction', model_key = 'qwen3.5-2b'
tmp_path = PosixPath('/tmp/mm27/s2_qwen35_2b/pytest-of-bo/pytest-0/test_isolated_scenario_capacit0')

    @pytest.mark.parametrize("scenario,model_key", _scenario_cases())
    def test_isolated_scenario(scenario, model_key, tmp_path):
        configure_environment()
        out_json = tmp_path / f"{scenario}_{model_key}.json"
        runner = pathlib.Path(__file__).parent / "isolated_cases.py"
        # Streamed to files rather than captured: a scenario's stderr ends with
        # a dozen LMCache shutdown lines, so a truncated tail reliably showed
        # the shutdown noise and dropped the traceback that explained the
        # failure (measured on capacity_eviction[molmo2-4b],
        # records/2026/08/26/6_). On disk the whole thing survives, timeouts
        # included.
        stdout_log = tmp_path / f"{scenario}_{model_key}.stdout.log"
        stderr_log = tmp_path / f"{scenario}_{model_key}.stderr.log"
        with stdout_log.open("w") as out, stderr_log.open("w") as err:
            try:
                proc = subprocess.run(
                    [sys.executable, str(runner), scenario, model_key, str(out_json)],
                    stdout=out,
                    stderr=err,
                    timeout=SCENARIO_TIMEOUT_S,
                )
            except subprocess.TimeoutExpired as exc:
                raise AssertionError(
                    f"{scenario}[{model_key}] did not finish within "
                    f"{SCENARIO_TIMEOUT_S}s -- treated as a hang. Full child "
                    f"output: {stdout_log}, {stderr_log}\n"
                    f"stderr tail: {_tail(stderr_log)}"
                ) from exc
        if not out_json.exists():
>           raise AssertionError(
                f"{scenario}[{model_key}] crashed before reporting "
                f"(exit {proc.returncode}). Full child output: {stdout_log}, "
                f"{stderr_log}\nstdout tail: {_tail(stdout_log)}\n"
                f"stderr tail: {_tail(stderr_log)}"
            )
E           AssertionError: capacity_eviction[qwen3.5-2b] crashed before reporting (exit 1). Full child output: /tmp/mm27/s2_qwen35_2b/pytest-of-bo/pytest-0/test_isolated_scenario_capacit0/capacity_eviction_qwen3.5-2b.stdout.log, /tmp/mm27/s2_qwen35_2b/pytest-of-bo/pytest-0/test_isolated_scenario_capacit0/capacity_eviction_qwen3.5-2b.stderr.log
E           stdout tail: 
E           stderr tail: Traceback (most recent call last):
E             File "/home/bo/LMCache-worktrees/multi_modal_verify/tests/e2e_mm/isolated_cases.py", line 1026, in <module>
E               sys.exit(main(sys.argv[1:]))
E                        ^^^^^^^^^^^^^^^^^^
E             File "/home/bo/LMCache-worktrees/multi_modal_verify/tests/e2e_mm/isolated_cases.py", line 1015, in main
E               report = SCENARIOS[scenario_name](spec)
E                        ^^^^^^^^^^^^^^^^^^^^^^^^^^^^^^
E             File "/home/bo/LMCache-worktrees/multi_modal_verify/tests/e2e_mm/isolated_cases.py", line 439, in run_capacity_eviction
E               with _scenario_harness(
E                    ^^^^^^^^^^^^^^^^^^
E             File "/usr/lib/python3.12/contextlib.py", line 137, in __enter__
E               return next(self.gen)
E                      ^^^^^^^^^^^^^^
E             File "/home/bo/LMCache-worktrees/multi_modal_verify/tests/e2e_mm/isolated_cases.py", line 264, in _scenario_harness
E               baselines = compute_baselines(
E                           ^^^^^^^^^^^^^^^^^^
E             File "/home/bo/LMCache-worktrees/multi_modal_verify/tests/e2e_mm/harness.py", line 1438, in compute_baselines
E               raise RuntimeError(
E           RuntimeError: Baseline runner failed (exit -9):
E           stdout tail:  is assigned as DP rank 0, PP rank 0, PCP rank 0, TP rank 0, EP rank N/A, EPLB rank N/A
E           INFO 08-26 10:13:14 [topk_topp_sampler.py:62] Using FlashInfer for top-p & top-k sampling.
E           INFO 08-26 10:13:14 [gpu_model_runner.py:5308] Starting to load model Qwen/Qwen3.5-2B...
E           INFO 08-26 10:13:14 [cuda.py:541] Using backend AttentionBackendEnum.FLASH_ATTN for vit attention
E           INFO 08-26 10:13:14 [mm_encoder_attention.py:375] Using AttentionBackendEnum.FLASH_ATTN for MMEncoderAttention.
E           INFO 08-26 10:13:14 [qwen_gdn_linear_attn.py:150] Using FlashInfer GDN prefill kernel (requested=auto, head_k_dim=128).
E           WARNING 08-26 10:13:14 [qwen_gdn_linear_attn.py:157] FlashInfer GDN prefill is JIT-compiled; first run may take a while. Set --gdn-prefill-backend triton to skip JIT.
E           INFO 08-26 10:13:14 [cuda.py:482] Using FLASH_ATTN attention backend out of potential backends: ['FLASH_ATTN', 'FLASHINFER', 'TRITON_ATTN', 'FLEX_ATTENTION'].
E           INFO 08-26 10:13:14 [flash_attn.py:789] Using FlashAttention version 3
E           INFO 08-26 10:13:15 [weight_utils.py:867] Filesystem type for checkpoints: XFS. Checkpoint size: 4.24 GiB. Available RAM: 1262.32 GiB.
E           INFO 08-26 10:13:15 [weight_utils.py:890] Auto-prefetch is disabled because the filesystem (XFS) is not a recognized network FS (NFS/Lustre). If you want to force prefetching, start vLLM with --safetensors-load-strategy=prefetch.
E           INFO 08-26 10:13:16 [default_loader.py:430] Loading weights took 0.91 seconds
E           INFO 08-26 10:13:17 [gpu_model_runner.py:5405] Model loading took 4.25 GiB memory and 1.888966 seconds
E           INFO 08-26 10:13:17 [interface.py:911] Setting attention block size to 544 tokens to ensure that attention page size is >= mamba page size.
E           INFO 08-26 10:13:17 [interface.py:935] Padding mamba page size by 2.64% to ensure that mamba page size and attention page size are exactly equal.
E           INFO 08-26 10:13:17 [gpu_model_runner.py:6465] Encoder cache will be initialized with a budget of 16384 tokens, and profiled with 1 image items of the maximum feature size.
E           
E           stderr tail: [transformers] The `use_fast` parameter is deprecated and will be removed in a future version. Use `backend="torchvision"` instead of `use_fast=True`, or `backend="pil"` instead of `use_fast=False`.
E           
E           Loading safetensors checkpoint shards:   0% Completed | 0/1 [00:00<?, ?it/s]
E           
E           Loading safetensors checkpoint shards: 100% Completed | 1/1 [00:00<00:00,  1.23it/s]
E           
E           Loading safetensors checkpoint shards: 100% Completed | 1/1 [00:00<00:00,  1.23it/s]

test_isolated_paths.py:102: AssertionError
_______________ test_isolated_scenario[mp_connector-qwen3.5-2b] ________________

scenario = 'mp_connector', model_key = 'qwen3.5-2b'
tmp_path = PosixPath('/tmp/mm27/s2_qwen35_2b/pytest-of-bo/pytest-0/test_isolated_scenario_mp_conn0')

    @pytest.mark.parametrize("scenario,model_key", _scenario_cases())
    def test_isolated_scenario(scenario, model_key, tmp_path):
        configure_environment()
        out_json = tmp_path / f"{scenario}_{model_key}.json"
        runner = pathlib.Path(__file__).parent / "isolated_cases.py"
        # Streamed to files rather than captured: a scenario's stderr ends with
        # a dozen LMCache shutdown lines, so a truncated tail reliably showed
        # the shutdown noise and dropped the traceback that explained the
        # failure (measured on capacity_eviction[molmo2-4b],
        # records/2026/08/26/6_). On disk the whole thing survives, timeouts
        # included.
        stdout_log = tmp_path / f"{scenario}_{model_key}.stdout.log"
        stderr_log = tmp_path / f"{scenario}_{model_key}.stderr.log"
        with stdout_log.open("w") as out, stderr_log.open("w") as err:
            try:
                proc = subprocess.run(
                    [sys.executable, str(runner), scenario, model_key, str(out_json)],
                    stdout=out,
                    stderr=err,
                    timeout=SCENARIO_TIMEOUT_S,
                )
            except subprocess.TimeoutExpired as exc:
                raise AssertionError(
                    f"{scenario}[{model_key}] did not finish within "
                    f"{SCENARIO_TIMEOUT_S}s -- treated as a hang. Full child "
                    f"output: {stdout_log}, {stderr_log}\n"
                    f"stderr tail: {_tail(stderr_log)}"
                ) from exc
        if not out_json.exists():
>           raise AssertionError(
                f"{scenario}[{model_key}] crashed before reporting "
                f"(exit {proc.returncode}). Full child output: {stdout_log}, "
                f"{stderr_log}\nstdout tail: {_tail(stdout_log)}\n"
                f"stderr tail: {_tail(stderr_log)}"
            )
E           AssertionError: mp_connector[qwen3.5-2b] crashed before reporting (exit 1). Full child output: /tmp/mm27/s2_qwen35_2b/pytest-of-bo/pytest-0/test_isolated_scenario_mp_conn0/mp_connector_qwen3.5-2b.stdout.log, /tmp/mm27/s2_qwen35_2b/pytest-of-bo/pytest-0/test_isolated_scenario_mp_conn0/mp_connector_qwen3.5-2b.stderr.log
E           stdout tail: 
E           stderr tail:  08-26 10:14:08 [topk_topp_sampler.py:62] Using FlashInfer for top-p & top-k sampling.
E           INFO 08-26 10:14:08 [gpu_model_runner.py:5308] Starting to load model Qwen/Qwen3.5-2B...
E           INFO 08-26 10:14:08 [cuda.py:541] Using backend AttentionBackendEnum.FLASH_ATTN for vit attention
E           INFO 08-26 10:14:08 [mm_encoder_attention.py:375] Using AttentionBackendEnum.FLASH_ATTN for MMEncoderAttention.
E           INFO 08-26 10:14:08 [qwen_gdn_linear_attn.py:150] Using FlashInfer GDN prefill kernel (requested=auto, head_k_dim=128).
E           WARNING 08-26 10:14:08 [qwen_gdn_linear_attn.py:157] FlashInfer GDN prefill is JIT-compiled; first run may take a while. Set --gdn-prefill-backend triton to skip JIT.
E           INFO 08-26 10:14:08 [cuda.py:482] Using FLASH_ATTN attention backend out of potential backends: ['FLASH_ATTN', 'FLASHINFER', 'TRITON_ATTN', 'FLEX_ATTENTION'].
E           INFO 08-26 10:14:08 [flash_attn.py:789] Using FlashAttention version 3
E           INFO 08-26 10:14:09 [weight_utils.py:867] Filesystem type for checkpoints: XFS. Checkpoint size: 4.24 GiB. Available RAM: 1010.38 GiB.
E           INFO 08-26 10:14:09 [weight_utils.py:890] Auto-prefetch is disabled because the filesystem (XFS) is not a recognized network FS (NFS/Lustre). If you want to force prefetching, start vLLM with --safetensors-load-strategy=prefetch.
E           INFO 08-26 10:14:10 [default_loader.py:430] Loading weights took 1.14 seconds
E           INFO 08-26 10:14:11 [gpu_model_runner.py:5405] Model loading took 4.25 GiB memory and 2.192752 seconds
E           INFO 08-26 10:14:11 [interface.py:911] Setting attention block size to 544 tokens to ensure that attention page size is >= mamba page size.
E           INFO 08-26 10:14:11 [interface.py:935] Padding mamba page size by 2.64% to ensure that mamba page size and attention page size are exactly equal.
E           INFO 08-26 10:14:12 [gpu_model_runner.py:6465] Encoder cache will be initialized with a budget of 16384 tokens, and profiled with 1 image items of the maximum feature size.
E           INFO 08-26 10:14:26 [gpu_worker.py:563] Available KV cache memory: -16.1 GiB
E           
E           stderr tail: n InprocClient(vllm_config, executor_class, log_stats)
E           [rank0]:            ^^^^^^^^^^^^^^^^^^^^^^^^^^^^^^^^^^^^^^^^^^^^^^^^^^^^
E           [rank0]:   File "/home/bo/venvs/vllm-mm/lib/python3.12/site-packages/vllm/v1/engine/core_client.py", line 317, in __init__
E           [rank0]:     self.engine_core = EngineCore(*args, **kwargs)
E           [rank0]:                        ^^^^^^^^^^^^^^^^^^^^^^^^^^^
E           [rank0]:   File "/home/bo/venvs/vllm-mm/lib/python3.12/site-packages/vllm/v1/engine/core.py", line 143, in __init__
E           [rank0]:     kv_cache_config = self._initialize_kv_caches(vllm_config)
E           [rank0]:                       ^^^^^^^^^^^^^^^^^^^^^^^^^^^^^^^^^^^^^^^
E           [rank0]:   File "/home/bo/venvs/vllm-mm/lib/python3.12/site-packages/vllm/tracing/otel.py", line 178, in sync_wrapper
E           [rank0]:     return func(*args, **kwargs)
E           [rank0]:            ^^^^^^^^^^^^^^^^^^^^^
E           [rank0]:   File "/home/bo/venvs/vllm-mm/lib/python3.12/site-packages/vllm/v1/engine/core.py", line 304, in _initialize_kv_caches
E           [rank0]:     kv_cache_configs = get_kv_cache_configs(
E           [rank0]:                        ^^^^^^^^^^^^^^^^^^^^^
E           [rank0]:   File "/home/bo/venvs/vllm-mm/lib/python3.12/site-packages/vllm/v1/core/kv_cache_utils.py", line 2190, in get_kv_cache_configs
E           [rank0]:     _check_enough_kv_cache_memory(
E           [rank0]:   File "/home/bo/venvs/vllm-mm/lib/python3.12/site-packages/vllm/v1/core/kv_cache_utils.py", line 758, in _check_enough_kv_cache_memory
E           [rank0]:     raise ValueError(
E           [rank0]: ValueError: No available memory for the cache blocks. Try increasing `gpu_memory_utilization` when initializing the engine (this flag also controls CPU memory reservation on the CPU backend, despite its name). See https://docs.vllm.ai/en/latest/configuration/conserving_memory/ for more details.
E           [rank0]:[W826 10:14:27.875439462 ProcessGroupNCCL.cpp:1624] Warning: WARNING: destroy_process_group() was not called before program exit, which can leak resources. For more info, please see https://pytorch.org/docs/stable/distributed.html#shutdown (function operator())

test_isolated_paths.py:102: AssertionError
=============================== warnings summary ===============================
test_mm_acceptance.py: 10 warnings
  /home/bo/venvs/vllm-mm/lib/python3.12/site-packages/opentelemetry/sdk/_logs/_internal/__init__.py:531: DeprecationWarning: `LoggingHandler` in `opentelemetry-sdk` is deprecated. Use the handler from `opentelemetry-instrumentation-logging` instead.
    warnings.warn(

-- Docs: https://docs.pytest.org/en/stable/how-to/capture-warnings.html
=========================== short test summary info ============================
ERROR test_mm_acceptance.py::test_t0_cross_image_isolation_and_hit_equivalence[qwen3.5-2b]
ERROR test_mm_acceptance.py::test_t0_collision_pressure[qwen3.5-2b] - Runtime...
ERROR test_mm_acceptance.py::test_t0_concurrent_batch[qwen3.5-2b] - RuntimeEr...
ERROR test_mm_acceptance.py::test_detector_sensitivity_negative_control[qwen3.5-2b]
ERROR test_mm_acceptance.py::test_t0_chunk_boundary_phases[qwen3.5-2b-0] - Ru...
ERROR test_mm_acceptance.py::test_t0_chunk_boundary_phases[qwen3.5-2b-1] - Ru...
ERROR test_mm_acceptance.py::test_t0_chunk_boundary_phases[qwen3.5-2b-2] - Ru...
ERROR test_mm_acceptance.py::test_t0_chunk_boundary_phases[qwen3.5-2b-3] - Ru...
ERROR test_mm_acceptance.py::test_t0_chunk_boundary_phases[qwen3.5-2b-4] - Ru...
ERROR test_mm_acceptance.py::test_t0_chunk_boundary_phases[qwen3.5-2b-5] - Ru...
ERROR test_mm_acceptance.py::test_t0_chunk_boundary_phases[qwen3.5-2b-6] - Ru...
ERROR test_mm_acceptance.py::test_t0_chunk_boundary_phases[qwen3.5-2b-7] - Ru...
ERROR test_mm_acceptance.py::test_t0_chunk_boundary_phases[qwen3.5-2b-8] - Ru...
ERROR test_mm_acceptance.py::test_t0_chunk_boundary_phases[qwen3.5-2b-9] - Ru...
ERROR test_mm_acceptance.py::test_t0_chunk_boundary_phases[qwen3.5-2b-10] - R...
ERROR test_mm_acceptance.py::test_t0_chunk_boundary_phases[qwen3.5-2b-11] - R...
ERROR test_mm_acceptance.py::test_t0_chunk_boundary_phases[qwen3.5-2b-12] - R...
ERROR test_mm_acceptance.py::test_t0_chunk_boundary_phases[qwen3.5-2b-13] - R...
ERROR test_mm_acceptance.py::test_t0_chunk_boundary_phases[qwen3.5-2b-14] - R...
ERROR test_mm_acceptance.py::test_t0_chunk_boundary_phases[qwen3.5-2b-15] - R...
ERROR test_mm_acceptance.py::test_t0_mixed_traffic[qwen3.5-2b] - RuntimeError...
ERROR test_mm_acceptance.py::test_t1_prefix_reuse_across_questions[qwen3.5-2b]
ERROR test_mm_acceptance.py::test_t2_multi_image_order[qwen3.5-2b] - RuntimeE...
ERROR test_mm_acceptance.py::test_t2_video_isolation_and_hit[qwen3.5-2b] - Ru...
ERROR test_mm_acceptance.py::test_t2_partial_sharing[qwen3.5-2b] - RuntimeErr...
FAILED test_isolated_paths.py::test_isolated_scenario[capacity_eviction-qwen3.5-2b]
FAILED test_isolated_paths.py::test_isolated_scenario[mp_connector-qwen3.5-2b]
2 failed, 3 deselected, 10 warnings, 25 errors in 158.38s (0:02:38)
