[32;20m[2026-09-03 13:00:48,764] LMCache INFO:[0m torch_dev=<module 'torch.cuda' from '/home/bo/vast_profiling_problem/.venv/lib/python3.12/site-packages/torch/cuda/__init__.py'>, torch_device_type=cuda [3m(_device_detect.py:312:lmcache.v1.platform._device_detect)[0m
[32;20m[2026-09-03 13:00:48,764] LMCache INFO:[0m Auto-selected backend [cuda] for accelerator 'cuda' from candidate backends [cuda, rocm]. [3m(__init__.py:148:lmcache.v1.platform)[0m

 _     __  __    ____           _          
| |   |  \/  |  / ___|__ _  ___| |__   ___      LMCache v0.5.4.dev147 (ga12e430c)
| |   | |\/| | | |   / _` |/ __| '_ \ / _ \     Website:  https://lmcache.ai/
| |___| |  | | | |__| (_| | (__| | | |  __/     Recipes:  https://docs.lmcache.ai/recipes
|_____|_|  |_|  \____\__,_|\___|_| |_|\___|     LinkedIn: https://www.linkedin.com/company/lmcache-lab
Set LMCACHE_DISABLE_BANNER=1 to hide this banner.

[32;20m[2026-09-03 13:00:49,796] LMCache INFO:[0m multi_layer_block_kv_transfer mode: ptr [3m(base.py:95:lmcache.v1.multiprocess.transfer_context.base)[0m
[32;20m[2026-09-03 13:00:52,516] LMCache INFO:[0m Discovered API module: cache_api [3m(router_discovery.py:53:lmcache.v1.utils.router_discovery)[0m
[32;20m[2026-09-03 13:00:52,517] LMCache INFO:[0m Discovered API module: env_api [3m(router_discovery.py:53:lmcache.v1.utils.router_discovery)[0m
[32;20m[2026-09-03 13:00:52,518] LMCache INFO:[0m Discovered API module: loglevel_api [3m(router_discovery.py:53:lmcache.v1.utils.router_discovery)[0m
[32;20m[2026-09-03 13:00:52,519] LMCache INFO:[0m Discovered API module: metrics_api [3m(router_discovery.py:53:lmcache.v1.utils.router_discovery)[0m
[32;20m[2026-09-03 13:00:52,520] LMCache INFO:[0m Discovered API module: periodic_thread_api [3m(router_discovery.py:53:lmcache.v1.utils.router_discovery)[0m
[32;20m[2026-09-03 13:00:52,521] LMCache INFO:[0m Discovered API module: run_script_api [3m(router_discovery.py:53:lmcache.v1.utils.router_discovery)[0m
[32;20m[2026-09-03 13:00:52,522] LMCache INFO:[0m Discovered API module: thread_api [3m(router_discovery.py:53:lmcache.v1.utils.router_discovery)[0m
[32;20m[2026-09-03 13:00:52,522] LMCache INFO:[0m Discovered API module: common_api [3m(router_discovery.py:53:lmcache.v1.utils.router_discovery)[0m
[32;20m[2026-09-03 13:00:52,523] LMCache INFO:[0m Discovered API module: config_api [3m(router_discovery.py:53:lmcache.v1.utils.router_discovery)[0m
[32;20m[2026-09-03 13:00:52,525] LMCache INFO:[0m Discovered API module: info_api [3m(router_discovery.py:53:lmcache.v1.utils.router_discovery)[0m
[32;20m[2026-09-03 13:00:52,527] LMCache INFO:[0m Discovered API module: quota_api [3m(router_discovery.py:53:lmcache.v1.utils.router_discovery)[0m
[32;20m[2026-09-03 13:00:52,530] LMCache INFO:[0m Discovered API module: reconfigure_api [3m(router_discovery.py:53:lmcache.v1.utils.router_discovery)[0m
[32;20m[2026-09-03 13:00:52,667] LMCache INFO:[0m CudaPinMemoryBackend: using torch cudart [3m(pin_memory.py:89:lmcache.v1.platform.cuda.pin_memory)[0m
[32;20m[2026-09-03 13:00:52,669] LMCache INFO:[0m Starting LMCache HTTP server on http://0.0.0.0:8766 [3m(http_server.py:259:lmcache.v1.multiprocess.http_server)[0m
INFO:     Started server process [3357485]
INFO:     Waiting for application startup.
[32;20m[2026-09-03 13:00:52,683] LMCache INFO:[0m Starting LMCache HTTP server... (accelerator available: True) [3m(http_server.py:77:lmcache.v1.multiprocess.http_server)[0m
[32;20m[2026-09-03 13:00:52,686] LMCache INFO:[0m OTel MeterProvider initialised with Prometheus fallback (standalone metrics HTTP server disabled; /metrics must be exposed by the caller), resource={'telemetry.sdk.language': 'python', 'telemetry.sdk.name': 'opentelemetry', 'telemetry.sdk.version': '1.40.0', 'service.instance.id': '9dcf608e-df45-4067-9ead-f01d91322cbc', 'service.name': 'unknown_service'} [3m(otel_init.py:114:lmcache.v1.mp_observability.otel_init)[0m
[32;20m[2026-09-03 13:00:58,842] LMCache INFO:[0m Starting L1EvictionController... [3m(eviction_controller.py:53:lmcache.v1.distributed.storage_controllers.eviction_controller)[0m
[32;20m[2026-09-03 13:00:58,865] LMCache INFO:[0m Starting L2EvictionController... [3m(eviction_controller.py:250:lmcache.v1.distributed.storage_controllers.eviction_controller)[0m
[32;20m[2026-09-03 13:00:58,866] LMCache INFO:[0m Starting StoreController... [3m(store_controller.py:305:lmcache.v1.distributed.storage_controllers.store_controller)[0m
[32;20m[2026-09-03 13:00:58,887] LMCache INFO:[0m Starting PrefetchController... [3m(prefetch_controller.py:596:lmcache.v1.distributed.storage_controllers.prefetch_controller)[0m
[32;20m[2026-09-03 13:00:58,888] LMCache INFO:[0m Using blake3 hash function [3m(token_hasher.py:79:lmcache.v1.multiprocess.token_hasher)[0m
[32;20m[2026-09-03 13:00:58,908] LMCache INFO:[0m Computed NONE_HASH=b"~>\xff\x9e\xf7a:P4\x0e\xb1&w\xee\x03\xb8:\xc7Y\xfc\xba\x9b\xb3'\x05\xf0rH\xd5mG;" using hash function [3m(token_hasher.py:180:lmcache.v1.multiprocess.token_hasher)[0m
[32;20m[2026-09-03 13:00:58,909] LMCache INFO:[0m TokenHasher initialized: chunk_size=8192, hash_algorithm=blake3 [3m(token_hasher.py:67:lmcache.v1.multiprocess.token_hasher)[0m
[32;20m[2026-09-03 13:00:58,929] LMCache INFO:[0m PeriodicThread SessionManager-cleanup-thread-7fb56821b320 entering main loop (interval=60.0s) [3m(periodic_thread.py:304:lmcache.v1.periodic_thread)[0m
[32;20m[2026-09-03 13:00:58,929] LMCache INFO:[0m Started PeriodicThread: SessionManager-cleanup-thread-7fb56821b320 (level=medium, interval=60.0s, init_wait=0.0s) [3m(periodic_thread.py:248:lmcache.v1.periodic_thread)[0m
[32;20m[2026-09-03 13:00:58,931] LMCache INFO:[0m PeriodicThread DeviceHostFuncDispatcher entering main loop (interval=0.0s) [3m(periodic_thread.py:304:lmcache.v1.periodic_thread)[0m
[32;20m[2026-09-03 13:00:58,931] LMCache INFO:[0m Started PeriodicThread: DeviceHostFuncDispatcher (level=high, interval=0.0s, init_wait=0.0s) [3m(periodic_thread.py:248:lmcache.v1.periodic_thread)[0m
[32;20m[2026-09-03 13:00:58,932] LMCache INFO:[0m Supported transfer mode: lmcache_driven [3m(server.py:220:lmcache.v1.multiprocess.server)[0m
[32;20m[2026-09-03 13:00:58,951] LMCache INFO:[0m PeriodicThread lmcache-mp-worker-reaper entering main loop (interval=45.0s) [3m(periodic_thread.py:304:lmcache.v1.periodic_thread)[0m
[32;20m[2026-09-03 13:00:58,951] LMCache INFO:[0m Started PeriodicThread: lmcache-mp-worker-reaper (level=medium, interval=45.0s, init_wait=0.0s) [3m(periodic_thread.py:248:lmcache.v1.periodic_thread)[0m
[32;20m[2026-09-03 13:00:58,952] LMCache INFO:[0m Initializing MP usage context. [3m(mp.py:93:lmcache.usage_telemetry.mp)[0m
[32;20m[2026-09-03 13:00:58,953] LMCache INFO:[0m Initializing MP continuous usage reporting. [3m(mp_continuous.py:217:lmcache.usage_telemetry.mp_continuous)[0m
[32;20m[2026-09-03 13:00:58,955] LMCache INFO:[0m Started PeriodicThread: lmcache-usage-continuous (level=low, interval=600.0s, init_wait=600.0s) [3m(periodic_thread.py:248:lmcache.v1.periodic_thread)[0m
[32;20m[2026-09-03 13:00:58,955] LMCache INFO:[0m Initializing L2 connector usage reporting. [3m(l2_usage.py:243:lmcache.usage_telemetry.l2_usage)[0m
[32;20m[2026-09-03 13:00:58,975] LMCache INFO:[0m Started PeriodicThread: lmcache-usage-l2 (level=low, interval=600.0s, init_wait=600.0s) [3m(periodic_thread.py:248:lmcache.v1.periodic_thread)[0m
[32;20m[2026-09-03 13:00:58,975] LMCache INFO:[0m Initializing L1 usage reporting. [3m(l1_usage.py:154:lmcache.usage_telemetry.l1_usage)[0m
[32;20m[2026-09-03 13:00:58,994] LMCache INFO:[0m Started PeriodicThread: lmcache-usage-l1 (level=low, interval=600.0s, init_wait=600.0s) [3m(periodic_thread.py:248:lmcache.v1.periodic_thread)[0m
[32;20m[2026-09-03 13:00:59,081] LMCache INFO:[0m Created AffinityThreadPool 'affinity-pool-0' with 8 worker slots: up to 8 distinct affinity keys each bind to their own thread before slots are shared. Compare this against the number of clients expected to connect to confirm routing. [3m(affinity_pool.py:60:lmcache.v1.multiprocess.affinity_pool)[0m
[32;20m[2026-09-03 13:00:59,081] LMCache INFO:[0m LMCache ZMQ cache server is running on tcp://127.0.0.1:5765 [3m(server.py:444:lmcache.v1.multiprocess.server)[0m
[32;20m[2026-09-03 13:00:59,100] LMCache INFO:[0m LMCache cache server is running... [3m(server.py:459:lmcache.v1.multiprocess.server)[0m
[32;20m[2026-09-03 13:00:59,101] LMCache INFO:[0m LMCache HTTP server initialized [3m(http_server.py:164:lmcache.v1.multiprocess.http_server)[0m
INFO:     Application startup complete.
INFO:     Uvicorn running on http://0.0.0.0:8766 (Press CTRL+C to quit)
[32;20m[2026-09-03 13:01:01,956] LMCache INFO:[0m LazyMemoryAllocator: Expanded 10240 MB pinned memory, now total is 30720 MB / 32768 MB (93.8%) [3m(lazy_memory_allocator.py:328:lmcache.v1.memory_allocators.lazy_memory_allocator)[0m
[32;20m[2026-09-03 13:01:02,560] LMCache INFO:[0m LazyMemoryAllocator: Expanded 2048 MB pinned memory, now total is 32768 MB / 32768 MB (100.0%) [3m(lazy_memory_allocator.py:328:lmcache.v1.memory_allocators.lazy_memory_allocator)[0m
[32;20m[2026-09-03 13:02:16,124] LMCache INFO:[0m Engine KV Format: EngineKVFormat.NL_X_TWO_NB_BS_NH_HS NL x [2, NB, BS, NH, HS] [3m(detection.py:69:lmcache.v1.gpu_connector.kv_format.detection)[0m
[32;20m[2026-09-03 13:02:16,132] LMCache INFO:[0m Engine KV Format: EngineKVFormat.NL_X_TWO_NB_BS_NH_HS NL x [2, NB, BS, NH, HS] [3m(detection.py:69:lmcache.v1.gpu_connector.kv_format.detection)[0m
[32;20m[2026-09-03 13:02:16,133] LMCache INFO:[0m Group 0 first-layer tensor: layer_idx=0 shape=(2, 214444, 64, 1, 64) stride=(878362624, 4096, 64, 64, 1) is_contiguous=True dtype=torch.bfloat16 device=cuda:0 storage_offset=0 numel=1756725248 storage_nbytes=3513450496 padding_per_block=0 [3m(utils.py:608:lmcache.v1.gpu_connector.utils)[0m
[32;20m[2026-09-03 13:02:16,134] LMCache INFO:[0m KV layer groups: ---
KernelGroupInfo(layers=36, indices=0-35, shape_desc=(kv=2, nl=36, nb=214444, bs=64, nh=1, hs=64, element_size=2, block_stride_elems=0), dtype=torch.bfloat16, tokens_per_block=64, slots_per_block=64, engine_group_idx=0, sw_size_tokens=-1)
--- [3m(kv_layer_groups.py:474:lmcache.v1.kv_layer_groups)[0m
[32;20m[2026-09-03 13:02:16,516] LMCache INFO:[0m Registered KV cache for GPU ID 36073710798608814 with 36 layers [3m(lmcache_driven_transfer.py:1011:lmcache.v1.multiprocess.modules.lmcache_driven_transfer)[0m
[32;20m[2026-09-03 13:02:16,517] LMCache INFO:[0m Initialized cuda stream on device cuda:0 [3m(cache_context.py:463:lmcache.v1.platform.cuda.cache_context)[0m
[32;20m[2026-09-03 13:02:17,298] LMCache INFO:[0m Engine KV Format: EngineKVFormat.NL_X_TWO_NB_BS_NH_HS NL x [2, NB, BS, NH, HS] [3m(detection.py:69:lmcache.v1.gpu_connector.kv_format.detection)[0m
[32;20m[2026-09-03 13:02:17,298] LMCache INFO:[0m Engine KV Format: EngineKVFormat.NL_X_TWO_NB_BS_NH_HS NL x [2, NB, BS, NH, HS] [3m(detection.py:69:lmcache.v1.gpu_connector.kv_format.detection)[0m
[32;20m[2026-09-03 13:02:17,299] LMCache INFO:[0m Group 0 first-layer tensor: layer_idx=0 shape=(2, 214444, 64, 1, 64) stride=(878362624, 4096, 64, 64, 1) is_contiguous=True dtype=torch.bfloat16 device=cuda:6 storage_offset=0 numel=1756725248 storage_nbytes=3513450496 padding_per_block=0 [3m(utils.py:608:lmcache.v1.gpu_connector.utils)[0m
[32;20m[2026-09-03 13:02:17,299] LMCache INFO:[0m KV layer groups: ---
KernelGroupInfo(layers=36, indices=0-35, shape_desc=(kv=2, nl=36, nb=214444, bs=64, nh=1, hs=64, element_size=2, block_stride_elems=0), dtype=torch.bfloat16, tokens_per_block=64, slots_per_block=64, engine_group_idx=0, sw_size_tokens=-1)
--- [3m(kv_layer_groups.py:474:lmcache.v1.kv_layer_groups)[0m
[32;20m[2026-09-03 13:02:17,306] LMCache INFO:[0m Registered KV cache for GPU ID 1204582691400971303 with 36 layers [3m(lmcache_driven_transfer.py:1011:lmcache.v1.multiprocess.modules.lmcache_driven_transfer)[0m
[32;20m[2026-09-03 13:02:17,306] LMCache INFO:[0m Initialized cuda stream on device cuda:6 [3m(cache_context.py:463:lmcache.v1.platform.cuda.cache_context)[0m
[32;20m[2026-09-03 13:02:18,045] LMCache INFO:[0m Engine KV Format: EngineKVFormat.NL_X_TWO_NB_BS_NH_HS NL x [2, NB, BS, NH, HS] [3m(detection.py:69:lmcache.v1.gpu_connector.kv_format.detection)[0m
[32;20m[2026-09-03 13:02:18,045] LMCache INFO:[0m Engine KV Format: EngineKVFormat.NL_X_TWO_NB_BS_NH_HS NL x [2, NB, BS, NH, HS] [3m(detection.py:69:lmcache.v1.gpu_connector.kv_format.detection)[0m
[32;20m[2026-09-03 13:02:18,046] LMCache INFO:[0m Group 0 first-layer tensor: layer_idx=0 shape=(2, 214444, 64, 1, 64) stride=(878362624, 4096, 64, 64, 1) is_contiguous=True dtype=torch.bfloat16 device=cuda:5 storage_offset=0 numel=1756725248 storage_nbytes=3513450496 padding_per_block=0 [3m(utils.py:608:lmcache.v1.gpu_connector.utils)[0m
[32;20m[2026-09-03 13:02:18,046] LMCache INFO:[0m KV layer groups: ---
KernelGroupInfo(layers=36, indices=0-35, shape_desc=(kv=2, nl=36, nb=214444, bs=64, nh=1, hs=64, element_size=2, block_stride_elems=0), dtype=torch.bfloat16, tokens_per_block=64, slots_per_block=64, engine_group_idx=0, sw_size_tokens=-1)
--- [3m(kv_layer_groups.py:474:lmcache.v1.kv_layer_groups)[0m
[32;20m[2026-09-03 13:02:18,053] LMCache INFO:[0m Registered KV cache for GPU ID 4545769218394226720 with 36 layers [3m(lmcache_driven_transfer.py:1011:lmcache.v1.multiprocess.modules.lmcache_driven_transfer)[0m
[32;20m[2026-09-03 13:02:18,053] LMCache INFO:[0m Initialized cuda stream on device cuda:5 [3m(cache_context.py:463:lmcache.v1.platform.cuda.cache_context)[0m
[32;20m[2026-09-03 13:02:18,804] LMCache INFO:[0m Engine KV Format: EngineKVFormat.NL_X_TWO_NB_BS_NH_HS NL x [2, NB, BS, NH, HS] [3m(detection.py:69:lmcache.v1.gpu_connector.kv_format.detection)[0m
[32;20m[2026-09-03 13:02:18,805] LMCache INFO:[0m Engine KV Format: EngineKVFormat.NL_X_TWO_NB_BS_NH_HS NL x [2, NB, BS, NH, HS] [3m(detection.py:69:lmcache.v1.gpu_connector.kv_format.detection)[0m
[32;20m[2026-09-03 13:02:18,805] LMCache INFO:[0m Group 0 first-layer tensor: layer_idx=0 shape=(2, 214444, 64, 1, 64) stride=(878362624, 4096, 64, 64, 1) is_contiguous=True dtype=torch.bfloat16 device=cuda:3 storage_offset=0 numel=1756725248 storage_nbytes=3513450496 padding_per_block=0 [3m(utils.py:608:lmcache.v1.gpu_connector.utils)[0m
[32;20m[2026-09-03 13:02:18,805] LMCache INFO:[0m KV layer groups: ---
KernelGroupInfo(layers=36, indices=0-35, shape_desc=(kv=2, nl=36, nb=214444, bs=64, nh=1, hs=64, element_size=2, block_stride_elems=0), dtype=torch.bfloat16, tokens_per_block=64, slots_per_block=64, engine_group_idx=0, sw_size_tokens=-1)
--- [3m(kv_layer_groups.py:474:lmcache.v1.kv_layer_groups)[0m
[32;20m[2026-09-03 13:02:18,812] LMCache INFO:[0m Registered KV cache for GPU ID 3239912880190242123 with 36 layers [3m(lmcache_driven_transfer.py:1011:lmcache.v1.multiprocess.modules.lmcache_driven_transfer)[0m
[32;20m[2026-09-03 13:02:18,812] LMCache INFO:[0m Initialized cuda stream on device cuda:3 [3m(cache_context.py:463:lmcache.v1.platform.cuda.cache_context)[0m
[32;20m[2026-09-03 13:02:19,630] LMCache INFO:[0m Engine KV Format: EngineKVFormat.NL_X_TWO_NB_BS_NH_HS NL x [2, NB, BS, NH, HS] [3m(detection.py:69:lmcache.v1.gpu_connector.kv_format.detection)[0m
[32;20m[2026-09-03 13:02:19,630] LMCache INFO:[0m Engine KV Format: EngineKVFormat.NL_X_TWO_NB_BS_NH_HS NL x [2, NB, BS, NH, HS] [3m(detection.py:69:lmcache.v1.gpu_connector.kv_format.detection)[0m
[32;20m[2026-09-03 13:02:19,631] LMCache INFO:[0m Group 0 first-layer tensor: layer_idx=0 shape=(2, 214444, 64, 1, 64) stride=(878362624, 4096, 64, 64, 1) is_contiguous=True dtype=torch.bfloat16 device=cuda:7 storage_offset=0 numel=1756725248 storage_nbytes=3513450496 padding_per_block=0 [3m(utils.py:608:lmcache.v1.gpu_connector.utils)[0m
[32;20m[2026-09-03 13:02:19,631] LMCache INFO:[0m KV layer groups: ---
KernelGroupInfo(layers=36, indices=0-35, shape_desc=(kv=2, nl=36, nb=214444, bs=64, nh=1, hs=64, element_size=2, block_stride_elems=0), dtype=torch.bfloat16, tokens_per_block=64, slots_per_block=64, engine_group_idx=0, sw_size_tokens=-1)
--- [3m(kv_layer_groups.py:474:lmcache.v1.kv_layer_groups)[0m
[32;20m[2026-09-03 13:02:19,638] LMCache INFO:[0m Registered KV cache for GPU ID 3054040642569818438 with 36 layers [3m(lmcache_driven_transfer.py:1011:lmcache.v1.multiprocess.modules.lmcache_driven_transfer)[0m
[32;20m[2026-09-03 13:02:19,638] LMCache INFO:[0m Initialized cuda stream on device cuda:7 [3m(cache_context.py:463:lmcache.v1.platform.cuda.cache_context)[0m
[32;20m[2026-09-03 13:02:20,839] LMCache INFO:[0m Engine KV Format: EngineKVFormat.NL_X_TWO_NB_BS_NH_HS NL x [2, NB, BS, NH, HS] [3m(detection.py:69:lmcache.v1.gpu_connector.kv_format.detection)[0m
[32;20m[2026-09-03 13:02:20,840] LMCache INFO:[0m Engine KV Format: EngineKVFormat.NL_X_TWO_NB_BS_NH_HS NL x [2, NB, BS, NH, HS] [3m(detection.py:69:lmcache.v1.gpu_connector.kv_format.detection)[0m
[32;20m[2026-09-03 13:02:20,841] LMCache INFO:[0m Group 0 first-layer tensor: layer_idx=0 shape=(2, 214444, 64, 1, 64) stride=(878362624, 4096, 64, 64, 1) is_contiguous=True dtype=torch.bfloat16 device=cuda:4 storage_offset=0 numel=1756725248 storage_nbytes=3513450496 padding_per_block=0 [3m(utils.py:608:lmcache.v1.gpu_connector.utils)[0m
[32;20m[2026-09-03 13:02:20,841] LMCache INFO:[0m KV layer groups: ---
KernelGroupInfo(layers=36, indices=0-35, shape_desc=(kv=2, nl=36, nb=214444, bs=64, nh=1, hs=64, element_size=2, block_stride_elems=0), dtype=torch.bfloat16, tokens_per_block=64, slots_per_block=64, engine_group_idx=0, sw_size_tokens=-1)
--- [3m(kv_layer_groups.py:474:lmcache.v1.kv_layer_groups)[0m
[32;20m[2026-09-03 13:02:20,847] LMCache INFO:[0m Registered KV cache for GPU ID 200175908205242319 with 36 layers [3m(lmcache_driven_transfer.py:1011:lmcache.v1.multiprocess.modules.lmcache_driven_transfer)[0m
[32;20m[2026-09-03 13:02:20,848] LMCache INFO:[0m Initialized cuda stream on device cuda:4 [3m(cache_context.py:463:lmcache.v1.platform.cuda.cache_context)[0m
[32;20m[2026-09-03 13:02:22,214] LMCache INFO:[0m Engine KV Format: EngineKVFormat.NL_X_TWO_NB_BS_NH_HS NL x [2, NB, BS, NH, HS] [3m(detection.py:69:lmcache.v1.gpu_connector.kv_format.detection)[0m
[32;20m[2026-09-03 13:02:22,215] LMCache INFO:[0m Engine KV Format: EngineKVFormat.NL_X_TWO_NB_BS_NH_HS NL x [2, NB, BS, NH, HS] [3m(detection.py:69:lmcache.v1.gpu_connector.kv_format.detection)[0m
[32;20m[2026-09-03 13:02:22,215] LMCache INFO:[0m Group 0 first-layer tensor: layer_idx=0 shape=(2, 214444, 64, 1, 64) stride=(878362624, 4096, 64, 64, 1) is_contiguous=True dtype=torch.bfloat16 device=cuda:1 storage_offset=0 numel=1756725248 storage_nbytes=3513450496 padding_per_block=0 [3m(utils.py:608:lmcache.v1.gpu_connector.utils)[0m
[32;20m[2026-09-03 13:02:22,215] LMCache INFO:[0m KV layer groups: ---
KernelGroupInfo(layers=36, indices=0-35, shape_desc=(kv=2, nl=36, nb=214444, bs=64, nh=1, hs=64, element_size=2, block_stride_elems=0), dtype=torch.bfloat16, tokens_per_block=64, slots_per_block=64, engine_group_idx=0, sw_size_tokens=-1)
--- [3m(kv_layer_groups.py:474:lmcache.v1.kv_layer_groups)[0m
[32;20m[2026-09-03 13:02:22,222] LMCache INFO:[0m Registered KV cache for GPU ID 4357568573483430786 with 36 layers [3m(lmcache_driven_transfer.py:1011:lmcache.v1.multiprocess.modules.lmcache_driven_transfer)[0m
[32;20m[2026-09-03 13:02:22,222] LMCache INFO:[0m Initialized cuda stream on device cuda:1 [3m(cache_context.py:463:lmcache.v1.platform.cuda.cache_context)[0m
[32;20m[2026-09-03 13:02:23,264] LMCache INFO:[0m Engine KV Format: EngineKVFormat.NL_X_TWO_NB_BS_NH_HS NL x [2, NB, BS, NH, HS] [3m(detection.py:69:lmcache.v1.gpu_connector.kv_format.detection)[0m
[32;20m[2026-09-03 13:02:23,265] LMCache INFO:[0m Engine KV Format: EngineKVFormat.NL_X_TWO_NB_BS_NH_HS NL x [2, NB, BS, NH, HS] [3m(detection.py:69:lmcache.v1.gpu_connector.kv_format.detection)[0m
[32;20m[2026-09-03 13:02:23,266] LMCache INFO:[0m Group 0 first-layer tensor: layer_idx=0 shape=(2, 214444, 64, 1, 64) stride=(878362624, 4096, 64, 64, 1) is_contiguous=True dtype=torch.bfloat16 device=cuda:2 storage_offset=0 numel=1756725248 storage_nbytes=3513450496 padding_per_block=0 [3m(utils.py:608:lmcache.v1.gpu_connector.utils)[0m
[32;20m[2026-09-03 13:02:23,266] LMCache INFO:[0m KV layer groups: ---
KernelGroupInfo(layers=36, indices=0-35, shape_desc=(kv=2, nl=36, nb=214444, bs=64, nh=1, hs=64, element_size=2, block_stride_elems=0), dtype=torch.bfloat16, tokens_per_block=64, slots_per_block=64, engine_group_idx=0, sw_size_tokens=-1)
--- [3m(kv_layer_groups.py:474:lmcache.v1.kv_layer_groups)[0m
[32;20m[2026-09-03 13:02:23,272] LMCache INFO:[0m Registered KV cache for GPU ID 3123496414120383505 with 36 layers [3m(lmcache_driven_transfer.py:1011:lmcache.v1.multiprocess.modules.lmcache_driven_transfer)[0m
[32;20m[2026-09-03 13:02:23,273] LMCache INFO:[0m Initialized cuda stream on device cuda:2 [3m(cache_context.py:463:lmcache.v1.platform.cuda.cache_context)[0m
[32;20m[2026-09-03 13:03:13,254] LMCache INFO:[0m AffinityThreadPool: affinity_key=3905397163512018025 assigned to worker slot 0 of 8 (thread affinity-pool-0-0); 1 distinct key(s) now bound [3m(affinity_pool.py:108:lmcache.v1.multiprocess.affinity_pool)[0m
[32;20m[2026-09-03 13:03:13,278] LMCache INFO:[0m AffinityThreadPool: affinity_key=-1185978981885215511 assigned to worker slot 1 of 8 (thread affinity-pool-0-1); 2 distinct key(s) now bound [3m(affinity_pool.py:108:lmcache.v1.multiprocess.affinity_pool)[0m
[32;20m[2026-09-03 13:03:13,286] LMCache INFO:[0m AffinityThreadPool: affinity_key=9057313680574286130 assigned to worker slot 2 of 8 (thread affinity-pool-0-2); 3 distinct key(s) now bound [3m(affinity_pool.py:108:lmcache.v1.multiprocess.affinity_pool)[0m
[32;20m[2026-09-03 13:03:13,288] LMCache INFO:[0m AffinityThreadPool: affinity_key=-5678321832082181377 assigned to worker slot 3 of 8 (thread affinity-pool-0-3); 4 distinct key(s) now bound [3m(affinity_pool.py:108:lmcache.v1.multiprocess.affinity_pool)[0m
[32;20m[2026-09-03 13:03:13,290] LMCache INFO:[0m AffinityThreadPool: affinity_key=2193174705371471404 assigned to worker slot 4 of 8 (thread affinity-pool-0-4); 5 distinct key(s) now bound [3m(affinity_pool.py:108:lmcache.v1.multiprocess.affinity_pool)[0m
[32;20m[2026-09-03 13:03:13,295] LMCache INFO:[0m Stored 8192 tokens in 0.040 seconds [3m(lmcache_driven_transfer.py:1284:lmcache.v1.multiprocess.modules.lmcache_driven_transfer)[0m
[32;20m[2026-09-03 13:03:13,299] LMCache INFO:[0m AffinityThreadPool: affinity_key=-2792425426553002664 assigned to worker slot 5 of 8 (thread affinity-pool-0-5); 6 distinct key(s) now bound [3m(affinity_pool.py:108:lmcache.v1.multiprocess.affinity_pool)[0m
[32;20m[2026-09-03 13:03:13,301] LMCache INFO:[0m Stored 8192 tokens in 0.023 seconds [3m(lmcache_driven_transfer.py:1284:lmcache.v1.multiprocess.modules.lmcache_driven_transfer)[0m
[32;20m[2026-09-03 13:03:13,304] LMCache INFO:[0m AffinityThreadPool: affinity_key=-691155563520894479 assigned to worker slot 6 of 8 (thread affinity-pool-0-6); 7 distinct key(s) now bound [3m(affinity_pool.py:108:lmcache.v1.multiprocess.affinity_pool)[0m
[32;20m[2026-09-03 13:03:13,308] LMCache INFO:[0m AffinityThreadPool: affinity_key=7453920631414612196 assigned to worker slot 7 of 8 (thread affinity-pool-0-7); 8 distinct key(s) now bound [3m(affinity_pool.py:108:lmcache.v1.multiprocess.affinity_pool)[0m
[32;20m[2026-09-03 13:03:13,315] LMCache INFO:[0m Stored 8192 tokens in 0.029 seconds [3m(lmcache_driven_transfer.py:1284:lmcache.v1.multiprocess.modules.lmcache_driven_transfer)[0m
[32;20m[2026-09-03 13:03:13,316] LMCache INFO:[0m Stored 8192 tokens in 0.021 seconds [3m(lmcache_driven_transfer.py:1284:lmcache.v1.multiprocess.modules.lmcache_driven_transfer)[0m
[32;20m[2026-09-03 13:03:13,353] LMCache INFO:[0m Stored 8192 tokens in 0.004 seconds [3m(lmcache_driven_transfer.py:1284:lmcache.v1.multiprocess.modules.lmcache_driven_transfer)[0m
[32;20m[2026-09-03 13:03:13,396] LMCache INFO:[0m Stored 8192 tokens in 0.011 seconds [3m(lmcache_driven_transfer.py:1284:lmcache.v1.multiprocess.modules.lmcache_driven_transfer)[0m
[32;20m[2026-09-03 13:03:13,397] LMCache INFO:[0m Stored 8192 tokens in 0.022 seconds [3m(lmcache_driven_transfer.py:1284:lmcache.v1.multiprocess.modules.lmcache_driven_transfer)[0m
[32;20m[2026-09-03 13:03:13,397] LMCache INFO:[0m Stored 8192 tokens in 0.014 seconds [3m(lmcache_driven_transfer.py:1284:lmcache.v1.multiprocess.modules.lmcache_driven_transfer)[0m
[32;20m[2026-09-03 13:03:13,419] LMCache INFO:[0m Stored 8192 tokens in 0.003 seconds [3m(lmcache_driven_transfer.py:1284:lmcache.v1.multiprocess.modules.lmcache_driven_transfer)[0m
[32;20m[2026-09-03 13:03:13,445] LMCache INFO:[0m Stored 8192 tokens in 0.154 seconds [3m(lmcache_driven_transfer.py:1284:lmcache.v1.multiprocess.modules.lmcache_driven_transfer)[0m
[32;20m[2026-09-03 13:03:13,450] LMCache INFO:[0m Stored 8192 tokens in 0.136 seconds [3m(lmcache_driven_transfer.py:1284:lmcache.v1.multiprocess.modules.lmcache_driven_transfer)[0m
[32;20m[2026-09-03 13:03:13,452] LMCache INFO:[0m Stored 8192 tokens in 0.142 seconds [3m(lmcache_driven_transfer.py:1284:lmcache.v1.multiprocess.modules.lmcache_driven_transfer)[0m
[32;20m[2026-09-03 13:03:13,455] LMCache INFO:[0m Stored 8192 tokens in 0.146 seconds [3m(lmcache_driven_transfer.py:1284:lmcache.v1.multiprocess.modules.lmcache_driven_transfer)[0m
[32;20m[2026-09-03 13:03:13,457] LMCache INFO:[0m Stored 8192 tokens in 0.007 seconds [3m(lmcache_driven_transfer.py:1284:lmcache.v1.multiprocess.modules.lmcache_driven_transfer)[0m
[32;20m[2026-09-03 13:03:13,458] LMCache INFO:[0m Stored 8192 tokens in 0.012 seconds [3m(lmcache_driven_transfer.py:1284:lmcache.v1.multiprocess.modules.lmcache_driven_transfer)[0m
[32;20m[2026-09-03 13:03:13,471] LMCache INFO:[0m Stored 8192 tokens in 0.012 seconds [3m(lmcache_driven_transfer.py:1284:lmcache.v1.multiprocess.modules.lmcache_driven_transfer)[0m
[32;20m[2026-09-03 13:03:13,494] LMCache INFO:[0m Stored 8192 tokens in 0.034 seconds [3m(lmcache_driven_transfer.py:1284:lmcache.v1.multiprocess.modules.lmcache_driven_transfer)[0m
[32;20m[2026-09-03 13:03:13,496] LMCache INFO:[0m Stored 8192 tokens in 0.026 seconds [3m(lmcache_driven_transfer.py:1284:lmcache.v1.multiprocess.modules.lmcache_driven_transfer)[0m
[32;20m[2026-09-03 13:03:13,514] LMCache INFO:[0m Stored 8192 tokens in 0.026 seconds [3m(lmcache_driven_transfer.py:1284:lmcache.v1.multiprocess.modules.lmcache_driven_transfer)[0m
[32;20m[2026-09-03 13:03:13,517] LMCache INFO:[0m Stored 8192 tokens in 0.036 seconds [3m(lmcache_driven_transfer.py:1284:lmcache.v1.multiprocess.modules.lmcache_driven_transfer)[0m
[32;20m[2026-09-03 13:03:13,519] LMCache INFO:[0m Stored 8192 tokens in 0.024 seconds [3m(lmcache_driven_transfer.py:1284:lmcache.v1.multiprocess.modules.lmcache_driven_transfer)[0m
[32;20m[2026-09-03 13:03:13,519] LMCache INFO:[0m Stored 8192 tokens in 0.044 seconds [3m(lmcache_driven_transfer.py:1284:lmcache.v1.multiprocess.modules.lmcache_driven_transfer)[0m
[32;20m[2026-09-03 13:03:13,523] LMCache INFO:[0m Stored 8192 tokens in 0.016 seconds [3m(lmcache_driven_transfer.py:1284:lmcache.v1.multiprocess.modules.lmcache_driven_transfer)[0m
[32;20m[2026-09-03 13:03:13,524] LMCache INFO:[0m Stored 8192 tokens in 0.028 seconds [3m(lmcache_driven_transfer.py:1284:lmcache.v1.multiprocess.modules.lmcache_driven_transfer)[0m
[32;20m[2026-09-03 13:03:13,525] LMCache INFO:[0m Stored 8192 tokens in 0.032 seconds [3m(lmcache_driven_transfer.py:1284:lmcache.v1.multiprocess.modules.lmcache_driven_transfer)[0m
[32;20m[2026-09-03 13:03:13,550] LMCache INFO:[0m Stored 8192 tokens in 0.003 seconds [3m(lmcache_driven_transfer.py:1284:lmcache.v1.multiprocess.modules.lmcache_driven_transfer)[0m
[32;20m[2026-09-03 13:03:13,584] LMCache INFO:[0m Stored 8192 tokens in 0.029 seconds [3m(lmcache_driven_transfer.py:1284:lmcache.v1.multiprocess.modules.lmcache_driven_transfer)[0m
[32;20m[2026-09-03 13:03:13,591] LMCache INFO:[0m Stored 8192 tokens in 0.037 seconds [3m(lmcache_driven_transfer.py:1284:lmcache.v1.multiprocess.modules.lmcache_driven_transfer)[0m
[32;20m[2026-09-03 13:03:13,592] LMCache INFO:[0m Stored 8192 tokens in 0.027 seconds [3m(lmcache_driven_transfer.py:1284:lmcache.v1.multiprocess.modules.lmcache_driven_transfer)[0m
[32;20m[2026-09-03 13:03:13,594] LMCache INFO:[0m Stored 8192 tokens in 0.019 seconds [3m(lmcache_driven_transfer.py:1284:lmcache.v1.multiprocess.modules.lmcache_driven_transfer)[0m
[32;20m[2026-09-03 13:03:13,594] LMCache INFO:[0m Stored 8192 tokens in 0.024 seconds [3m(lmcache_driven_transfer.py:1284:lmcache.v1.multiprocess.modules.lmcache_driven_transfer)[0m
[32;20m[2026-09-03 13:03:13,595] LMCache INFO:[0m Stored 8192 tokens in 0.034 seconds [3m(lmcache_driven_transfer.py:1284:lmcache.v1.multiprocess.modules.lmcache_driven_transfer)[0m
[32;20m[2026-09-03 13:03:13,598] LMCache INFO:[0m Stored 8192 tokens in 0.036 seconds [3m(lmcache_driven_transfer.py:1284:lmcache.v1.multiprocess.modules.lmcache_driven_transfer)[0m
[32;20m[2026-09-03 13:03:13,668] LMCache INFO:[0m Stored 8192 tokens in 0.026 seconds [3m(lmcache_driven_transfer.py:1284:lmcache.v1.multiprocess.modules.lmcache_driven_transfer)[0m
[32;20m[2026-09-03 13:03:13,677] LMCache INFO:[0m Stored 8192 tokens in 0.026 seconds [3m(lmcache_driven_transfer.py:1284:lmcache.v1.multiprocess.modules.lmcache_driven_transfer)[0m
[32;20m[2026-09-03 13:03:13,679] LMCache INFO:[0m Stored 8192 tokens in 0.036 seconds [3m(lmcache_driven_transfer.py:1284:lmcache.v1.multiprocess.modules.lmcache_driven_transfer)[0m
[32;20m[2026-09-03 13:03:13,683] LMCache INFO:[0m Stored 8192 tokens in 0.046 seconds [3m(lmcache_driven_transfer.py:1284:lmcache.v1.multiprocess.modules.lmcache_driven_transfer)[0m
[32;20m[2026-09-03 13:03:13,684] LMCache INFO:[0m Stored 8192 tokens in 0.035 seconds [3m(lmcache_driven_transfer.py:1284:lmcache.v1.multiprocess.modules.lmcache_driven_transfer)[0m
[32;20m[2026-09-03 13:03:13,687] LMCache INFO:[0m Stored 8192 tokens in 0.016 seconds [3m(lmcache_driven_transfer.py:1284:lmcache.v1.multiprocess.modules.lmcache_driven_transfer)[0m
[32;20m[2026-09-03 13:03:13,687] LMCache INFO:[0m Stored 8192 tokens in 0.030 seconds [3m(lmcache_driven_transfer.py:1284:lmcache.v1.multiprocess.modules.lmcache_driven_transfer)[0m
[32;20m[2026-09-03 13:03:13,689] LMCache INFO:[0m Stored 8192 tokens in 0.021 seconds [3m(lmcache_driven_transfer.py:1284:lmcache.v1.multiprocess.modules.lmcache_driven_transfer)[0m
[32;20m[2026-09-03 13:03:13,744] LMCache INFO:[0m Stored 8192 tokens in 0.012 seconds [3m(lmcache_driven_transfer.py:1284:lmcache.v1.multiprocess.modules.lmcache_driven_transfer)[0m
[32;20m[2026-09-03 13:03:13,749] LMCache INFO:[0m Stored 8192 tokens in 0.013 seconds [3m(lmcache_driven_transfer.py:1284:lmcache.v1.multiprocess.modules.lmcache_driven_transfer)[0m
[32;20m[2026-09-03 13:03:13,754] LMCache INFO:[0m Stored 8192 tokens in 0.012 seconds [3m(lmcache_driven_transfer.py:1284:lmcache.v1.multiprocess.modules.lmcache_driven_transfer)[0m
[32;20m[2026-09-03 13:03:13,769] LMCache INFO:[0m Stored 8192 tokens in 0.018 seconds [3m(lmcache_driven_transfer.py:1284:lmcache.v1.multiprocess.modules.lmcache_driven_transfer)[0m
[32;20m[2026-09-03 13:03:13,772] LMCache INFO:[0m Stored 8192 tokens in 0.026 seconds [3m(lmcache_driven_transfer.py:1284:lmcache.v1.multiprocess.modules.lmcache_driven_transfer)[0m
[32;20m[2026-09-03 13:03:13,779] LMCache INFO:[0m Stored 8192 tokens in 0.049 seconds [3m(lmcache_driven_transfer.py:1284:lmcache.v1.multiprocess.modules.lmcache_driven_transfer)[0m
[32;20m[2026-09-03 13:03:13,783] LMCache INFO:[0m Stored 8192 tokens in 0.020 seconds [3m(lmcache_driven_transfer.py:1284:lmcache.v1.multiprocess.modules.lmcache_driven_transfer)[0m
[32;20m[2026-09-03 13:03:13,784] LMCache INFO:[0m Stored 8192 tokens in 0.019 seconds [3m(lmcache_driven_transfer.py:1284:lmcache.v1.multiprocess.modules.lmcache_driven_transfer)[0m
[32;20m[2026-09-03 13:03:13,820] LMCache INFO:[0m Stored 8192 tokens in 0.003 seconds [3m(lmcache_driven_transfer.py:1284:lmcache.v1.multiprocess.modules.lmcache_driven_transfer)[0m
[32;20m[2026-09-03 13:03:13,845] LMCache INFO:[0m Stored 8192 tokens in 0.023 seconds [3m(lmcache_driven_transfer.py:1284:lmcache.v1.multiprocess.modules.lmcache_driven_transfer)[0m
[32;20m[2026-09-03 13:03:13,846] LMCache INFO:[0m Stored 8192 tokens in 0.018 seconds [3m(lmcache_driven_transfer.py:1284:lmcache.v1.multiprocess.modules.lmcache_driven_transfer)[0m
[32;20m[2026-09-03 13:03:13,850] LMCache INFO:[0m Stored 8192 tokens in 0.014 seconds [3m(lmcache_driven_transfer.py:1284:lmcache.v1.multiprocess.modules.lmcache_driven_transfer)[0m
[32;20m[2026-09-03 13:03:13,850] LMCache INFO:[0m Stored 8192 tokens in 0.015 seconds [3m(lmcache_driven_transfer.py:1284:lmcache.v1.multiprocess.modules.lmcache_driven_transfer)[0m
[32;20m[2026-09-03 13:03:13,851] LMCache INFO:[0m Stored 8192 tokens in 0.022 seconds [3m(lmcache_driven_transfer.py:1284:lmcache.v1.multiprocess.modules.lmcache_driven_transfer)[0m
[32;20m[2026-09-03 13:03:13,851] LMCache INFO:[0m Stored 8192 tokens in 0.018 seconds [3m(lmcache_driven_transfer.py:1284:lmcache.v1.multiprocess.modules.lmcache_driven_transfer)[0m
[32;20m[2026-09-03 13:03:16,538] LMCache INFO:[0m Stored 8192 tokens in 0.004 seconds [3m(lmcache_driven_transfer.py:1284:lmcache.v1.multiprocess.modules.lmcache_driven_transfer)[0m
[32;20m[2026-09-03 13:03:16,570] LMCache INFO:[0m Stored 8192 tokens in 0.012 seconds [3m(lmcache_driven_transfer.py:1284:lmcache.v1.multiprocess.modules.lmcache_driven_transfer)[0m
[32;20m[2026-09-03 13:03:16,581] LMCache INFO:[0m Stored 8192 tokens in 0.020 seconds [3m(lmcache_driven_transfer.py:1284:lmcache.v1.multiprocess.modules.lmcache_driven_transfer)[0m
[32;20m[2026-09-03 13:03:16,589] LMCache INFO:[0m Stored 8192 tokens in 0.020 seconds [3m(lmcache_driven_transfer.py:1284:lmcache.v1.multiprocess.modules.lmcache_driven_transfer)[0m
[32;20m[2026-09-03 13:03:16,609] LMCache INFO:[0m Stored 8192 tokens in 0.043 seconds [3m(lmcache_driven_transfer.py:1284:lmcache.v1.multiprocess.modules.lmcache_driven_transfer)[0m
[32;20m[2026-09-03 13:03:16,610] LMCache INFO:[0m Stored 8192 tokens in 0.023 seconds [3m(lmcache_driven_transfer.py:1284:lmcache.v1.multiprocess.modules.lmcache_driven_transfer)[0m
[32;20m[2026-09-03 13:03:16,614] LMCache INFO:[0m Stored 8192 tokens in 0.015 seconds [3m(lmcache_driven_transfer.py:1284:lmcache.v1.multiprocess.modules.lmcache_driven_transfer)[0m
[32;20m[2026-09-03 13:03:16,615] LMCache INFO:[0m Stored 8192 tokens in 0.039 seconds [3m(lmcache_driven_transfer.py:1284:lmcache.v1.multiprocess.modules.lmcache_driven_transfer)[0m
[32;20m[2026-09-03 13:03:16,615] LMCache INFO:[0m Stored 8192 tokens in 0.035 seconds [3m(lmcache_driven_transfer.py:1284:lmcache.v1.multiprocess.modules.lmcache_driven_transfer)[0m
[32;20m[2026-09-03 13:03:16,676] LMCache INFO:[0m Stored 8192 tokens in 0.027 seconds [3m(lmcache_driven_transfer.py:1284:lmcache.v1.multiprocess.modules.lmcache_driven_transfer)[0m
[32;20m[2026-09-03 13:03:16,681] LMCache INFO:[0m Stored 8192 tokens in 0.023 seconds [3m(lmcache_driven_transfer.py:1284:lmcache.v1.multiprocess.modules.lmcache_driven_transfer)[0m
[32;20m[2026-09-03 13:03:16,690] LMCache INFO:[0m Stored 8192 tokens in 0.039 seconds [3m(lmcache_driven_transfer.py:1284:lmcache.v1.multiprocess.modules.lmcache_driven_transfer)[0m
[32;20m[2026-09-03 13:03:16,691] LMCache INFO:[0m Stored 8192 tokens in 0.027 seconds [3m(lmcache_driven_transfer.py:1284:lmcache.v1.multiprocess.modules.lmcache_driven_transfer)[0m
[32;20m[2026-09-03 13:03:16,698] LMCache INFO:[0m Stored 8192 tokens in 0.036 seconds [3m(lmcache_driven_transfer.py:1284:lmcache.v1.multiprocess.modules.lmcache_driven_transfer)[0m
[32;20m[2026-09-03 13:03:16,698] LMCache INFO:[0m Stored 8192 tokens in 0.024 seconds [3m(lmcache_driven_transfer.py:1284:lmcache.v1.multiprocess.modules.lmcache_driven_transfer)[0m
[32;20m[2026-09-03 13:03:16,701] LMCache INFO:[0m Stored 8192 tokens in 0.055 seconds [3m(lmcache_driven_transfer.py:1284:lmcache.v1.multiprocess.modules.lmcache_driven_transfer)[0m
[32;20m[2026-09-03 13:03:16,702] LMCache INFO:[0m Stored 8192 tokens in 0.036 seconds [3m(lmcache_driven_transfer.py:1284:lmcache.v1.multiprocess.modules.lmcache_driven_transfer)[0m
[32;20m[2026-09-03 13:03:16,731] LMCache INFO:[0m Stored 8192 tokens in 0.003 seconds [3m(lmcache_driven_transfer.py:1284:lmcache.v1.multiprocess.modules.lmcache_driven_transfer)[0m
[32;20m[2026-09-03 13:03:16,755] LMCache INFO:[0m Stored 8192 tokens in 0.020 seconds [3m(lmcache_driven_transfer.py:1284:lmcache.v1.multiprocess.modules.lmcache_driven_transfer)[0m
[32;20m[2026-09-03 13:03:16,765] LMCache INFO:[0m Stored 8192 tokens in 0.015 seconds [3m(lmcache_driven_transfer.py:1284:lmcache.v1.multiprocess.modules.lmcache_driven_transfer)[0m
[32;20m[2026-09-03 13:03:16,767] LMCache INFO:[0m Stored 8192 tokens in 0.030 seconds [3m(lmcache_driven_transfer.py:1284:lmcache.v1.multiprocess.modules.lmcache_driven_transfer)[0m
[32;20m[2026-09-03 13:03:16,769] LMCache INFO:[0m Stored 8192 tokens in 0.029 seconds [3m(lmcache_driven_transfer.py:1284:lmcache.v1.multiprocess.modules.lmcache_driven_transfer)[0m
[32;20m[2026-09-03 13:03:16,774] LMCache INFO:[0m Stored 8192 tokens in 0.025 seconds [3m(lmcache_driven_transfer.py:1284:lmcache.v1.multiprocess.modules.lmcache_driven_transfer)[0m
[32;20m[2026-09-03 13:03:16,775] LMCache INFO:[0m Stored 8192 tokens in 0.022 seconds [3m(lmcache_driven_transfer.py:1284:lmcache.v1.multiprocess.modules.lmcache_driven_transfer)[0m
[32;20m[2026-09-03 13:03:16,776] LMCache INFO:[0m Stored 8192 tokens in 0.029 seconds [3m(lmcache_driven_transfer.py:1284:lmcache.v1.multiprocess.modules.lmcache_driven_transfer)[0m
[32;20m[2026-09-03 13:03:16,820] LMCache INFO:[0m Stored 8192 tokens in 0.003 seconds [3m(lmcache_driven_transfer.py:1284:lmcache.v1.multiprocess.modules.lmcache_driven_transfer)[0m
[32;20m[2026-09-03 13:03:16,830] LMCache INFO:[0m Stored 8192 tokens in 0.005 seconds [3m(lmcache_driven_transfer.py:1284:lmcache.v1.multiprocess.modules.lmcache_driven_transfer)[0m
[32;20m[2026-09-03 13:03:16,836] LMCache INFO:[0m Stored 8192 tokens in 0.009 seconds [3m(lmcache_driven_transfer.py:1284:lmcache.v1.multiprocess.modules.lmcache_driven_transfer)[0m
[32;20m[2026-09-03 13:03:16,855] LMCache INFO:[0m Stored 8192 tokens in 0.009 seconds [3m(lmcache_driven_transfer.py:1284:lmcache.v1.multiprocess.modules.lmcache_driven_transfer)[0m
[32;20m[2026-09-03 13:03:16,856] LMCache INFO:[0m Stored 8192 tokens in 0.017 seconds [3m(lmcache_driven_transfer.py:1284:lmcache.v1.multiprocess.modules.lmcache_driven_transfer)[0m
[32;20m[2026-09-03 13:03:16,864] LMCache INFO:[0m Stored 8192 tokens in 0.026 seconds [3m(lmcache_driven_transfer.py:1284:lmcache.v1.multiprocess.modules.lmcache_driven_transfer)[0m
[32;20m[2026-09-03 13:03:16,865] LMCache INFO:[0m Stored 8192 tokens in 0.033 seconds [3m(lmcache_driven_transfer.py:1284:lmcache.v1.multiprocess.modules.lmcache_driven_transfer)[0m
[32;20m[2026-09-03 13:03:16,867] LMCache INFO:[0m Stored 8192 tokens in 0.015 seconds [3m(lmcache_driven_transfer.py:1284:lmcache.v1.multiprocess.modules.lmcache_driven_transfer)[0m
[32;20m[2026-09-03 13:03:16,944] LMCache INFO:[0m Stored 8192 tokens in 0.029 seconds [3m(lmcache_driven_transfer.py:1284:lmcache.v1.multiprocess.modules.lmcache_driven_transfer)[0m
[32;20m[2026-09-03 13:03:16,947] LMCache INFO:[0m Stored 8192 tokens in 0.034 seconds [3m(lmcache_driven_transfer.py:1284:lmcache.v1.multiprocess.modules.lmcache_driven_transfer)[0m
[32;20m[2026-09-03 13:03:16,950] LMCache INFO:[0m Stored 8192 tokens in 0.039 seconds [3m(lmcache_driven_transfer.py:1284:lmcache.v1.multiprocess.modules.lmcache_driven_transfer)[0m
[32;20m[2026-09-03 13:03:16,956] LMCache INFO:[0m Stored 8192 tokens in 0.029 seconds [3m(lmcache_driven_transfer.py:1284:lmcache.v1.multiprocess.modules.lmcache_driven_transfer)[0m
[32;20m[2026-09-03 13:03:16,957] LMCache INFO:[0m Stored 8192 tokens in 0.034 seconds [3m(lmcache_driven_transfer.py:1284:lmcache.v1.multiprocess.modules.lmcache_driven_transfer)[0m
[32;20m[2026-09-03 13:03:16,958] LMCache INFO:[0m Stored 8192 tokens in 0.031 seconds [3m(lmcache_driven_transfer.py:1284:lmcache.v1.multiprocess.modules.lmcache_driven_transfer)[0m
[32;20m[2026-09-03 13:03:16,960] LMCache INFO:[0m Stored 8192 tokens in 0.026 seconds [3m(lmcache_driven_transfer.py:1284:lmcache.v1.multiprocess.modules.lmcache_driven_transfer)[0m
[32;20m[2026-09-03 13:03:16,963] LMCache INFO:[0m Stored 8192 tokens in 0.028 seconds [3m(lmcache_driven_transfer.py:1284:lmcache.v1.multiprocess.modules.lmcache_driven_transfer)[0m
[32;20m[2026-09-03 13:03:17,016] LMCache INFO:[0m Stored 8192 tokens in 0.012 seconds [3m(lmcache_driven_transfer.py:1284:lmcache.v1.multiprocess.modules.lmcache_driven_transfer)[0m
[32;20m[2026-09-03 13:03:17,035] LMCache INFO:[0m Stored 8192 tokens in 0.021 seconds [3m(lmcache_driven_transfer.py:1284:lmcache.v1.multiprocess.modules.lmcache_driven_transfer)[0m
[32;20m[2026-09-03 13:03:17,039] LMCache INFO:[0m Stored 8192 tokens in 0.036 seconds [3m(lmcache_driven_transfer.py:1284:lmcache.v1.multiprocess.modules.lmcache_driven_transfer)[0m
[32;20m[2026-09-03 13:03:17,054] LMCache INFO:[0m Stored 8192 tokens in 0.032 seconds [3m(lmcache_driven_transfer.py:1284:lmcache.v1.multiprocess.modules.lmcache_driven_transfer)[0m
[32;20m[2026-09-03 13:03:17,055] LMCache INFO:[0m Stored 8192 tokens in 0.040 seconds [3m(lmcache_driven_transfer.py:1284:lmcache.v1.multiprocess.modules.lmcache_driven_transfer)[0m
[32;20m[2026-09-03 13:03:17,060] LMCache INFO:[0m Stored 8192 tokens in 0.045 seconds [3m(lmcache_driven_transfer.py:1284:lmcache.v1.multiprocess.modules.lmcache_driven_transfer)[0m
[32;20m[2026-09-03 13:03:17,078] LMCache INFO:[0m Stored 8192 tokens in 0.069 seconds [3m(lmcache_driven_transfer.py:1284:lmcache.v1.multiprocess.modules.lmcache_driven_transfer)[0m
[32;20m[2026-09-03 13:03:17,081] LMCache INFO:[0m Stored 8192 tokens in 0.060 seconds [3m(lmcache_driven_transfer.py:1284:lmcache.v1.multiprocess.modules.lmcache_driven_transfer)[0m
[32;20m[2026-09-03 13:03:17,097] LMCache INFO:[0m Stored 8192 tokens in 0.005 seconds [3m(lmcache_driven_transfer.py:1284:lmcache.v1.multiprocess.modules.lmcache_driven_transfer)[0m
[32;20m[2026-09-03 13:03:17,114] LMCache INFO:[0m Stored 8192 tokens in 0.018 seconds [3m(lmcache_driven_transfer.py:1284:lmcache.v1.multiprocess.modules.lmcache_driven_transfer)[0m
[32;20m[2026-09-03 13:03:17,122] LMCache INFO:[0m Stored 8192 tokens in 0.016 seconds [3m(lmcache_driven_transfer.py:1284:lmcache.v1.multiprocess.modules.lmcache_driven_transfer)[0m
[32;20m[2026-09-03 13:03:17,124] LMCache INFO:[0m Stored 8192 tokens in 0.015 seconds [3m(lmcache_driven_transfer.py:1284:lmcache.v1.multiprocess.modules.lmcache_driven_transfer)[0m
[32;20m[2026-09-03 13:03:17,125] LMCache INFO:[0m Stored 8192 tokens in 0.022 seconds [3m(lmcache_driven_transfer.py:1284:lmcache.v1.multiprocess.modules.lmcache_driven_transfer)[0m
[32;20m[2026-09-03 13:03:17,127] LMCache INFO:[0m Stored 8192 tokens in 0.016 seconds [3m(lmcache_driven_transfer.py:1284:lmcache.v1.multiprocess.modules.lmcache_driven_transfer)[0m
[32;20m[2026-09-03 13:03:17,128] LMCache INFO:[0m Stored 8192 tokens in 0.012 seconds [3m(lmcache_driven_transfer.py:1284:lmcache.v1.multiprocess.modules.lmcache_driven_transfer)[0m
[32;20m[2026-09-03 13:03:17,203] LMCache INFO:[0m Stored 8192 tokens in 0.003 seconds [3m(lmcache_driven_transfer.py:1284:lmcache.v1.multiprocess.modules.lmcache_driven_transfer)[0m
[32;20m[2026-09-03 13:03:17,243] LMCache INFO:[0m Stored 8192 tokens in 0.002 seconds [3m(lmcache_driven_transfer.py:1284:lmcache.v1.multiprocess.modules.lmcache_driven_transfer)[0m
[32;20m[2026-09-03 13:03:17,307] LMCache INFO:[0m Stored 8192 tokens in 0.013 seconds [3m(lmcache_driven_transfer.py:1284:lmcache.v1.multiprocess.modules.lmcache_driven_transfer)[0m
[32;20m[2026-09-03 13:03:17,320] LMCache INFO:[0m Stored 8192 tokens in 0.012 seconds [3m(lmcache_driven_transfer.py:1284:lmcache.v1.multiprocess.modules.lmcache_driven_transfer)[0m
[32;20m[2026-09-03 13:03:17,321] LMCache INFO:[0m Stored 8192 tokens in 0.031 seconds [3m(lmcache_driven_transfer.py:1284:lmcache.v1.multiprocess.modules.lmcache_driven_transfer)[0m
[32;20m[2026-09-03 13:03:17,323] LMCache INFO:[0m Stored 8192 tokens in 0.024 seconds [3m(lmcache_driven_transfer.py:1284:lmcache.v1.multiprocess.modules.lmcache_driven_transfer)[0m
[32;20m[2026-09-03 13:03:17,325] LMCache INFO:[0m Stored 8192 tokens in 0.041 seconds [3m(lmcache_driven_transfer.py:1284:lmcache.v1.multiprocess.modules.lmcache_driven_transfer)[0m
[32;20m[2026-09-03 13:03:17,328] LMCache INFO:[0m Stored 8192 tokens in 0.047 seconds [3m(lmcache_driven_transfer.py:1284:lmcache.v1.multiprocess.modules.lmcache_driven_transfer)[0m
[32;20m[2026-09-03 13:03:17,329] LMCache INFO:[0m Stored 8192 tokens in 0.029 seconds [3m(lmcache_driven_transfer.py:1284:lmcache.v1.multiprocess.modules.lmcache_driven_transfer)[0m
[32;20m[2026-09-03 13:03:17,330] LMCache INFO:[0m Stored 8192 tokens in 0.043 seconds [3m(lmcache_driven_transfer.py:1284:lmcache.v1.multiprocess.modules.lmcache_driven_transfer)[0m
[32;20m[2026-09-03 13:03:17,388] LMCache INFO:[0m Stored 8192 tokens in 0.018 seconds [3m(lmcache_driven_transfer.py:1284:lmcache.v1.multiprocess.modules.lmcache_driven_transfer)[0m
[32;20m[2026-09-03 13:03:17,396] LMCache INFO:[0m Stored 8192 tokens in 0.024 seconds [3m(lmcache_driven_transfer.py:1284:lmcache.v1.multiprocess.modules.lmcache_driven_transfer)[0m
[32;20m[2026-09-03 13:03:17,399] LMCache INFO:[0m Stored 8192 tokens in 0.019 seconds [3m(lmcache_driven_transfer.py:1284:lmcache.v1.multiprocess.modules.lmcache_driven_transfer)[0m
[32;20m[2026-09-03 13:03:17,408] LMCache INFO:[0m Stored 8192 tokens in 0.028 seconds [3m(lmcache_driven_transfer.py:1284:lmcache.v1.multiprocess.modules.lmcache_driven_transfer)[0m
[32;20m[2026-09-03 13:03:17,409] LMCache INFO:[0m Stored 8192 tokens in 0.017 seconds [3m(lmcache_driven_transfer.py:1284:lmcache.v1.multiprocess.modules.lmcache_driven_transfer)[0m
[32;20m[2026-09-03 13:03:17,413] LMCache INFO:[0m Stored 8192 tokens in 0.028 seconds [3m(lmcache_driven_transfer.py:1284:lmcache.v1.multiprocess.modules.lmcache_driven_transfer)[0m
[32;20m[2026-09-03 13:03:17,413] LMCache INFO:[0m Stored 8192 tokens in 0.036 seconds [3m(lmcache_driven_transfer.py:1284:lmcache.v1.multiprocess.modules.lmcache_driven_transfer)[0m
[32;20m[2026-09-03 13:03:17,415] LMCache INFO:[0m Stored 8192 tokens in 0.014 seconds [3m(lmcache_driven_transfer.py:1284:lmcache.v1.multiprocess.modules.lmcache_driven_transfer)[0m
[32;20m[2026-09-03 13:03:17,460] LMCache INFO:[0m Stored 8192 tokens in 0.003 seconds [3m(lmcache_driven_transfer.py:1284:lmcache.v1.multiprocess.modules.lmcache_driven_transfer)[0m
[32;20m[2026-09-03 13:03:17,471] LMCache INFO:[0m Stored 8192 tokens in 0.011 seconds [3m(lmcache_driven_transfer.py:1284:lmcache.v1.multiprocess.modules.lmcache_driven_transfer)[0m
[32;20m[2026-09-03 13:03:17,477] LMCache INFO:[0m Stored 8192 tokens in 0.014 seconds [3m(lmcache_driven_transfer.py:1284:lmcache.v1.multiprocess.modules.lmcache_driven_transfer)[0m
[32;20m[2026-09-03 13:03:17,488] LMCache INFO:[0m Stored 8192 tokens in 0.020 seconds [3m(lmcache_driven_transfer.py:1284:lmcache.v1.multiprocess.modules.lmcache_driven_transfer)[0m
[32;20m[2026-09-03 13:03:17,494] LMCache INFO:[0m Stored 8192 tokens in 0.021 seconds [3m(lmcache_driven_transfer.py:1284:lmcache.v1.multiprocess.modules.lmcache_driven_transfer)[0m
[32;20m[2026-09-03 13:03:17,495] LMCache INFO:[0m Stored 8192 tokens in 0.016 seconds [3m(lmcache_driven_transfer.py:1284:lmcache.v1.multiprocess.modules.lmcache_driven_transfer)[0m
[32;20m[2026-09-03 13:03:17,496] LMCache INFO:[0m Stored 8192 tokens in 0.015 seconds [3m(lmcache_driven_transfer.py:1284:lmcache.v1.multiprocess.modules.lmcache_driven_transfer)[0m
[32;20m[2026-09-03 13:03:17,497] LMCache INFO:[0m Stored 8192 tokens in 0.028 seconds [3m(lmcache_driven_transfer.py:1284:lmcache.v1.multiprocess.modules.lmcache_driven_transfer)[0m
[32;20m[2026-09-03 13:03:17,549] LMCache INFO:[0m Stored 8192 tokens in 0.002 seconds [3m(lmcache_driven_transfer.py:1284:lmcache.v1.multiprocess.modules.lmcache_driven_transfer)[0m
[32;20m[2026-09-03 13:03:17,554] LMCache INFO:[0m Stored 8192 tokens in 0.002 seconds [3m(lmcache_driven_transfer.py:1284:lmcache.v1.multiprocess.modules.lmcache_driven_transfer)[0m
[32;20m[2026-09-03 13:03:17,573] LMCache INFO:[0m Stored 8192 tokens in 0.015 seconds [3m(lmcache_driven_transfer.py:1284:lmcache.v1.multiprocess.modules.lmcache_driven_transfer)[0m
[32;20m[2026-09-03 13:03:17,574] LMCache INFO:[0m Stored 8192 tokens in 0.011 seconds [3m(lmcache_driven_transfer.py:1284:lmcache.v1.multiprocess.modules.lmcache_driven_transfer)[0m
[32;20m[2026-09-03 13:03:17,576] LMCache INFO:[0m Stored 8192 tokens in 0.019 seconds [3m(lmcache_driven_transfer.py:1284:lmcache.v1.multiprocess.modules.lmcache_driven_transfer)[0m
[32;20m[2026-09-03 13:03:17,578] LMCache INFO:[0m Stored 8192 tokens in 0.011 seconds [3m(lmcache_driven_transfer.py:1284:lmcache.v1.multiprocess.modules.lmcache_driven_transfer)[0m
[32;20m[2026-09-03 13:03:17,581] LMCache INFO:[0m Stored 8192 tokens in 0.015 seconds [3m(lmcache_driven_transfer.py:1284:lmcache.v1.multiprocess.modules.lmcache_driven_transfer)[0m
[32;20m[2026-09-03 13:03:17,582] LMCache INFO:[0m Stored 8192 tokens in 0.022 seconds [3m(lmcache_driven_transfer.py:1284:lmcache.v1.multiprocess.modules.lmcache_driven_transfer)[0m
[32;20m[2026-09-03 13:03:17,630] LMCache INFO:[0m Stored 8192 tokens in 0.002 seconds [3m(lmcache_driven_transfer.py:1284:lmcache.v1.multiprocess.modules.lmcache_driven_transfer)[0m
[32;20m[2026-09-03 13:03:17,637] LMCache INFO:[0m Stored 8192 tokens in 0.002 seconds [3m(lmcache_driven_transfer.py:1284:lmcache.v1.multiprocess.modules.lmcache_driven_transfer)[0m
[32;20m[2026-09-03 13:03:17,642] LMCache INFO:[0m Stored 8192 tokens in 0.002 seconds [3m(lmcache_driven_transfer.py:1284:lmcache.v1.multiprocess.modules.lmcache_driven_transfer)[0m
[32;20m[2026-09-03 13:03:17,649] LMCache INFO:[0m Stored 8192 tokens in 0.002 seconds [3m(lmcache_driven_transfer.py:1284:lmcache.v1.multiprocess.modules.lmcache_driven_transfer)[0m
[32;20m[2026-09-03 13:03:17,662] LMCache INFO:[0m Stored 8192 tokens in 0.011 seconds [3m(lmcache_driven_transfer.py:1284:lmcache.v1.multiprocess.modules.lmcache_driven_transfer)[0m
[32;20m[2026-09-03 13:03:17,683] LMCache INFO:[0m Stored 8192 tokens in 0.029 seconds [3m(lmcache_driven_transfer.py:1284:lmcache.v1.multiprocess.modules.lmcache_driven_transfer)[0m
[32;20m[2026-09-03 13:03:17,688] LMCache INFO:[0m Stored 8192 tokens in 0.033 seconds [3m(lmcache_driven_transfer.py:1284:lmcache.v1.multiprocess.modules.lmcache_driven_transfer)[0m
[32;20m[2026-09-03 13:03:17,692] LMCache INFO:[0m Stored 8192 tokens in 0.036 seconds [3m(lmcache_driven_transfer.py:1284:lmcache.v1.multiprocess.modules.lmcache_driven_transfer)[0m
[32;20m[2026-09-03 13:03:17,703] LMCache INFO:[0m Stored 8192 tokens in 0.005 seconds [3m(lmcache_driven_transfer.py:1284:lmcache.v1.multiprocess.modules.lmcache_driven_transfer)[0m
[32;20m[2026-09-03 13:03:17,710] LMCache INFO:[0m Stored 8192 tokens in 0.002 seconds [3m(lmcache_driven_transfer.py:1284:lmcache.v1.multiprocess.modules.lmcache_driven_transfer)[0m
[32;20m[2026-09-03 13:03:17,731] LMCache INFO:[0m Stored 8192 tokens in 0.002 seconds [3m(lmcache_driven_transfer.py:1284:lmcache.v1.multiprocess.modules.lmcache_driven_transfer)[0m
[32;20m[2026-09-03 13:03:17,737] LMCache INFO:[0m Stored 8192 tokens in 0.002 seconds [3m(lmcache_driven_transfer.py:1284:lmcache.v1.multiprocess.modules.lmcache_driven_transfer)[0m
[32;20m[2026-09-03 13:03:17,753] LMCache INFO:[0m Stored 8192 tokens in 0.011 seconds [3m(lmcache_driven_transfer.py:1284:lmcache.v1.multiprocess.modules.lmcache_driven_transfer)[0m
[32;20m[2026-09-03 13:03:17,754] LMCache INFO:[0m Stored 8192 tokens in 0.010 seconds [3m(lmcache_driven_transfer.py:1284:lmcache.v1.multiprocess.modules.lmcache_driven_transfer)[0m
[32;20m[2026-09-03 13:03:17,774] LMCache INFO:[0m Stored 8192 tokens in 0.009 seconds [3m(lmcache_driven_transfer.py:1284:lmcache.v1.multiprocess.modules.lmcache_driven_transfer)[0m
[32;20m[2026-09-03 13:03:17,775] LMCache INFO:[0m Stored 8192 tokens in 0.006 seconds [3m(lmcache_driven_transfer.py:1284:lmcache.v1.multiprocess.modules.lmcache_driven_transfer)[0m
[32;20m[2026-09-03 13:03:17,778] LMCache INFO:[0m Stored 8192 tokens in 0.010 seconds [3m(lmcache_driven_transfer.py:1284:lmcache.v1.multiprocess.modules.lmcache_driven_transfer)[0m
[32;20m[2026-09-03 13:03:17,782] LMCache INFO:[0m Stored 8192 tokens in 0.006 seconds [3m(lmcache_driven_transfer.py:1284:lmcache.v1.multiprocess.modules.lmcache_driven_transfer)[0m
[32;20m[2026-09-03 13:03:17,823] LMCache INFO:[0m Stored 8192 tokens in 0.002 seconds [3m(lmcache_driven_transfer.py:1284:lmcache.v1.multiprocess.modules.lmcache_driven_transfer)[0m
[32;20m[2026-09-03 13:03:17,831] LMCache INFO:[0m Stored 8192 tokens in 0.002 seconds [3m(lmcache_driven_transfer.py:1284:lmcache.v1.multiprocess.modules.lmcache_driven_transfer)[0m
[32;20m[2026-09-03 13:03:17,841] LMCache INFO:[0m Stored 8192 tokens in 0.004 seconds [3m(lmcache_driven_transfer.py:1284:lmcache.v1.multiprocess.modules.lmcache_driven_transfer)[0m
[32;20m[2026-09-03 13:03:17,841] LMCache INFO:[0m Stored 8192 tokens in 0.003 seconds [3m(lmcache_driven_transfer.py:1284:lmcache.v1.multiprocess.modules.lmcache_driven_transfer)[0m
[32;20m[2026-09-03 13:03:17,863] LMCache INFO:[0m Stored 8192 tokens in 0.010 seconds [3m(lmcache_driven_transfer.py:1284:lmcache.v1.multiprocess.modules.lmcache_driven_transfer)[0m
[32;20m[2026-09-03 13:03:17,863] LMCache INFO:[0m Stored 8192 tokens in 0.015 seconds [3m(lmcache_driven_transfer.py:1284:lmcache.v1.multiprocess.modules.lmcache_driven_transfer)[0m
[32;20m[2026-09-03 13:03:17,864] LMCache INFO:[0m Stored 8192 tokens in 0.014 seconds [3m(lmcache_driven_transfer.py:1284:lmcache.v1.multiprocess.modules.lmcache_driven_transfer)[0m
[32;20m[2026-09-03 13:03:17,865] LMCache INFO:[0m Stored 8192 tokens in 0.011 seconds [3m(lmcache_driven_transfer.py:1284:lmcache.v1.multiprocess.modules.lmcache_driven_transfer)[0m
[32;20m[2026-09-03 13:03:17,912] LMCache INFO:[0m Stored 8192 tokens in 0.002 seconds [3m(lmcache_driven_transfer.py:1284:lmcache.v1.multiprocess.modules.lmcache_driven_transfer)[0m
[32;20m[2026-09-03 13:03:17,919] LMCache INFO:[0m Stored 8192 tokens in 0.002 seconds [3m(lmcache_driven_transfer.py:1284:lmcache.v1.multiprocess.modules.lmcache_driven_transfer)[0m
[32;20m[2026-09-03 13:03:17,927] LMCache INFO:[0m Stored 8192 tokens in 0.002 seconds [3m(lmcache_driven_transfer.py:1284:lmcache.v1.multiprocess.modules.lmcache_driven_transfer)[0m
[32;20m[2026-09-03 13:03:17,931] LMCache INFO:[0m Stored 8192 tokens in 0.002 seconds [3m(lmcache_driven_transfer.py:1284:lmcache.v1.multiprocess.modules.lmcache_driven_transfer)[0m
[32;20m[2026-09-03 13:03:17,950] LMCache INFO:[0m Stored 8192 tokens in 0.013 seconds [3m(lmcache_driven_transfer.py:1284:lmcache.v1.multiprocess.modules.lmcache_driven_transfer)[0m
[32;20m[2026-09-03 13:03:17,950] LMCache INFO:[0m Stored 8192 tokens in 0.015 seconds [3m(lmcache_driven_transfer.py:1284:lmcache.v1.multiprocess.modules.lmcache_driven_transfer)[0m
[32;20m[2026-09-03 13:03:17,951] LMCache INFO:[0m Stored 8192 tokens in 0.010 seconds [3m(lmcache_driven_transfer.py:1284:lmcache.v1.multiprocess.modules.lmcache_driven_transfer)[0m
[32;20m[2026-09-03 13:03:17,951] LMCache INFO:[0m Stored 8192 tokens in 0.018 seconds [3m(lmcache_driven_transfer.py:1284:lmcache.v1.multiprocess.modules.lmcache_driven_transfer)[0m
[32;20m[2026-09-03 13:03:18,001] LMCache INFO:[0m Stored 8192 tokens in 0.002 seconds [3m(lmcache_driven_transfer.py:1284:lmcache.v1.multiprocess.modules.lmcache_driven_transfer)[0m
[32;20m[2026-09-03 13:03:18,025] LMCache INFO:[0m Stored 8192 tokens in 0.021 seconds [3m(lmcache_driven_transfer.py:1284:lmcache.v1.multiprocess.modules.lmcache_driven_transfer)[0m
[32;20m[2026-09-03 13:03:18,027] LMCache INFO:[0m Stored 8192 tokens in 0.021 seconds [3m(lmcache_driven_transfer.py:1284:lmcache.v1.multiprocess.modules.lmcache_driven_transfer)[0m
[32;20m[2026-09-03 13:03:18,028] LMCache INFO:[0m Stored 8192 tokens in 0.021 seconds [3m(lmcache_driven_transfer.py:1284:lmcache.v1.multiprocess.modules.lmcache_driven_transfer)[0m
[32;20m[2026-09-03 13:03:18,030] LMCache INFO:[0m Stored 8192 tokens in 0.017 seconds [3m(lmcache_driven_transfer.py:1284:lmcache.v1.multiprocess.modules.lmcache_driven_transfer)[0m
[32;20m[2026-09-03 13:03:18,032] LMCache INFO:[0m Stored 8192 tokens in 0.011 seconds [3m(lmcache_driven_transfer.py:1284:lmcache.v1.multiprocess.modules.lmcache_driven_transfer)[0m
[32;20m[2026-09-03 13:03:18,032] LMCache INFO:[0m Stored 8192 tokens in 0.022 seconds [3m(lmcache_driven_transfer.py:1284:lmcache.v1.multiprocess.modules.lmcache_driven_transfer)[0m
[32;20m[2026-09-03 13:03:18,033] LMCache INFO:[0m Stored 8192 tokens in 0.015 seconds [3m(lmcache_driven_transfer.py:1284:lmcache.v1.multiprocess.modules.lmcache_driven_transfer)[0m
[32;20m[2026-09-03 13:03:18,092] LMCache INFO:[0m Stored 8192 tokens in 0.002 seconds [3m(lmcache_driven_transfer.py:1284:lmcache.v1.multiprocess.modules.lmcache_driven_transfer)[0m
[32;20m[2026-09-03 13:03:18,098] LMCache INFO:[0m Stored 8192 tokens in 0.002 seconds [3m(lmcache_driven_transfer.py:1284:lmcache.v1.multiprocess.modules.lmcache_driven_transfer)[0m
[32;20m[2026-09-03 13:03:18,114] LMCache INFO:[0m Stored 8192 tokens in 0.014 seconds [3m(lmcache_driven_transfer.py:1284:lmcache.v1.multiprocess.modules.lmcache_driven_transfer)[0m
[32;20m[2026-09-03 13:03:18,115] LMCache INFO:[0m Stored 8192 tokens in 0.013 seconds [3m(lmcache_driven_transfer.py:1284:lmcache.v1.multiprocess.modules.lmcache_driven_transfer)[0m
[32;20m[2026-09-03 13:03:18,115] LMCache INFO:[0m Stored 8192 tokens in 0.016 seconds [3m(lmcache_driven_transfer.py:1284:lmcache.v1.multiprocess.modules.lmcache_driven_transfer)[0m
[32;20m[2026-09-03 13:03:18,116] LMCache INFO:[0m Stored 8192 tokens in 0.011 seconds [3m(lmcache_driven_transfer.py:1284:lmcache.v1.multiprocess.modules.lmcache_driven_transfer)[0m
[32;20m[2026-09-03 13:03:18,119] LMCache INFO:[0m Stored 8192 tokens in 0.010 seconds [3m(lmcache_driven_transfer.py:1284:lmcache.v1.multiprocess.modules.lmcache_driven_transfer)[0m
[32;20m[2026-09-03 13:03:18,123] LMCache INFO:[0m Stored 8192 tokens in 0.006 seconds [3m(lmcache_driven_transfer.py:1284:lmcache.v1.multiprocess.modules.lmcache_driven_transfer)[0m
[32;20m[2026-09-03 13:03:18,180] LMCache INFO:[0m Stored 8192 tokens in 0.002 seconds [3m(lmcache_driven_transfer.py:1284:lmcache.v1.multiprocess.modules.lmcache_driven_transfer)[0m
[32;20m[2026-09-03 13:03:18,186] LMCache INFO:[0m Stored 8192 tokens in 0.002 seconds [3m(lmcache_driven_transfer.py:1284:lmcache.v1.multiprocess.modules.lmcache_driven_transfer)[0m
[32;20m[2026-09-03 13:03:18,211] LMCache INFO:[0m Stored 8192 tokens in 0.017 seconds [3m(lmcache_driven_transfer.py:1284:lmcache.v1.multiprocess.modules.lmcache_driven_transfer)[0m
[32;20m[2026-09-03 13:03:18,214] LMCache INFO:[0m Stored 8192 tokens in 0.012 seconds [3m(lmcache_driven_transfer.py:1284:lmcache.v1.multiprocess.modules.lmcache_driven_transfer)[0m
[32;20m[2026-09-03 13:03:18,214] LMCache INFO:[0m Stored 8192 tokens in 0.018 seconds [3m(lmcache_driven_transfer.py:1284:lmcache.v1.multiprocess.modules.lmcache_driven_transfer)[0m
[32;20m[2026-09-03 13:03:18,215] LMCache INFO:[0m Stored 8192 tokens in 0.015 seconds [3m(lmcache_driven_transfer.py:1284:lmcache.v1.multiprocess.modules.lmcache_driven_transfer)[0m
[32;20m[2026-09-03 13:03:18,217] LMCache INFO:[0m Stored 8192 tokens in 0.021 seconds [3m(lmcache_driven_transfer.py:1284:lmcache.v1.multiprocess.modules.lmcache_driven_transfer)[0m
[32;20m[2026-09-03 13:03:18,219] LMCache INFO:[0m Stored 8192 tokens in 0.009 seconds [3m(lmcache_driven_transfer.py:1284:lmcache.v1.multiprocess.modules.lmcache_driven_transfer)[0m
[32;20m[2026-09-03 13:03:18,269] LMCache INFO:[0m Stored 8192 tokens in 0.002 seconds [3m(lmcache_driven_transfer.py:1284:lmcache.v1.multiprocess.modules.lmcache_driven_transfer)[0m
[32;20m[2026-09-03 13:03:18,274] LMCache INFO:[0m Stored 8192 tokens in 0.002 seconds [3m(lmcache_driven_transfer.py:1284:lmcache.v1.multiprocess.modules.lmcache_driven_transfer)[0m
[32;20m[2026-09-03 13:03:18,287] LMCache INFO:[0m Stored 8192 tokens in 0.002 seconds [3m(lmcache_driven_transfer.py:1284:lmcache.v1.multiprocess.modules.lmcache_driven_transfer)[0m
[32;20m[2026-09-03 13:03:18,300] LMCache INFO:[0m Stored 8192 tokens in 0.006 seconds [3m(lmcache_driven_transfer.py:1284:lmcache.v1.multiprocess.modules.lmcache_driven_transfer)[0m
[32;20m[2026-09-03 13:03:18,301] LMCache INFO:[0m Stored 8192 tokens in 0.010 seconds [3m(lmcache_driven_transfer.py:1284:lmcache.v1.multiprocess.modules.lmcache_driven_transfer)[0m
[32;20m[2026-09-03 13:03:18,302] LMCache INFO:[0m Stored 8192 tokens in 0.009 seconds [3m(lmcache_driven_transfer.py:1284:lmcache.v1.multiprocess.modules.lmcache_driven_transfer)[0m
[32;20m[2026-09-03 13:03:18,303] LMCache INFO:[0m Stored 8192 tokens in 0.014 seconds [3m(lmcache_driven_transfer.py:1284:lmcache.v1.multiprocess.modules.lmcache_driven_transfer)[0m
[32;20m[2026-09-03 13:03:18,306] LMCache INFO:[0m Stored 8192 tokens in 0.002 seconds [3m(lmcache_driven_transfer.py:1284:lmcache.v1.multiprocess.modules.lmcache_driven_transfer)[0m
[32;20m[2026-09-03 13:03:18,358] LMCache INFO:[0m Stored 8192 tokens in 0.002 seconds [3m(lmcache_driven_transfer.py:1284:lmcache.v1.multiprocess.modules.lmcache_driven_transfer)[0m
[32;20m[2026-09-03 13:03:18,364] LMCache INFO:[0m Stored 8192 tokens in 0.002 seconds [3m(lmcache_driven_transfer.py:1284:lmcache.v1.multiprocess.modules.lmcache_driven_transfer)[0m
[32;20m[2026-09-03 13:03:18,381] LMCache INFO:[0m Stored 8192 tokens in 0.002 seconds [3m(lmcache_driven_transfer.py:1284:lmcache.v1.multiprocess.modules.lmcache_driven_transfer)[0m
[32;20m[2026-09-03 13:03:18,409] LMCache INFO:[0m Stored 8192 tokens in 0.009 seconds [3m(lmcache_driven_transfer.py:1284:lmcache.v1.multiprocess.modules.lmcache_driven_transfer)[0m
[32;20m[2026-09-03 13:03:18,410] LMCache INFO:[0m Stored 8192 tokens in 0.012 seconds [3m(lmcache_driven_transfer.py:1284:lmcache.v1.multiprocess.modules.lmcache_driven_transfer)[0m
[32;20m[2026-09-03 13:03:18,412] LMCache INFO:[0m Stored 8192 tokens in 0.016 seconds [3m(lmcache_driven_transfer.py:1284:lmcache.v1.multiprocess.modules.lmcache_driven_transfer)[0m
[32;20m[2026-09-03 13:03:18,413] LMCache INFO:[0m Stored 8192 tokens in 0.020 seconds [3m(lmcache_driven_transfer.py:1284:lmcache.v1.multiprocess.modules.lmcache_driven_transfer)[0m
[32;20m[2026-09-03 13:03:18,414] LMCache INFO:[0m Stored 8192 tokens in 0.012 seconds [3m(lmcache_driven_transfer.py:1284:lmcache.v1.multiprocess.modules.lmcache_driven_transfer)[0m
[32;20m[2026-09-03 13:03:18,450] LMCache INFO:[0m Stored 8192 tokens in 0.002 seconds [3m(lmcache_driven_transfer.py:1284:lmcache.v1.multiprocess.modules.lmcache_driven_transfer)[0m
[32;20m[2026-09-03 13:03:18,456] LMCache INFO:[0m Stored 8192 tokens in 0.002 seconds [3m(lmcache_driven_transfer.py:1284:lmcache.v1.multiprocess.modules.lmcache_driven_transfer)[0m
[32;20m[2026-09-03 13:03:18,475] LMCache INFO:[0m Stored 8192 tokens in 0.002 seconds [3m(lmcache_driven_transfer.py:1284:lmcache.v1.multiprocess.modules.lmcache_driven_transfer)[0m
[32;20m[2026-09-03 13:03:18,493] LMCache INFO:[0m Stored 8192 tokens in 0.002 seconds [3m(lmcache_driven_transfer.py:1284:lmcache.v1.multiprocess.modules.lmcache_driven_transfer)[0m
[32;20m[2026-09-03 13:03:18,510] LMCache INFO:[0m Stored 8192 tokens in 0.009 seconds [3m(lmcache_driven_transfer.py:1284:lmcache.v1.multiprocess.modules.lmcache_driven_transfer)[0m
[32;20m[2026-09-03 13:03:18,510] LMCache INFO:[0m Stored 8192 tokens in 0.016 seconds [3m(lmcache_driven_transfer.py:1284:lmcache.v1.multiprocess.modules.lmcache_driven_transfer)[0m
[32;20m[2026-09-03 13:03:18,511] LMCache INFO:[0m Stored 8192 tokens in 0.009 seconds [3m(lmcache_driven_transfer.py:1284:lmcache.v1.multiprocess.modules.lmcache_driven_transfer)[0m
[32;20m[2026-09-03 13:03:18,512] LMCache INFO:[0m Stored 8192 tokens in 0.006 seconds [3m(lmcache_driven_transfer.py:1284:lmcache.v1.multiprocess.modules.lmcache_driven_transfer)[0m
[32;20m[2026-09-03 13:03:18,540] LMCache INFO:[0m Stored 8192 tokens in 0.002 seconds [3m(lmcache_driven_transfer.py:1284:lmcache.v1.multiprocess.modules.lmcache_driven_transfer)[0m
[32;20m[2026-09-03 13:03:18,548] LMCache INFO:[0m Stored 8192 tokens in 0.002 seconds [3m(lmcache_driven_transfer.py:1284:lmcache.v1.multiprocess.modules.lmcache_driven_transfer)[0m
[32;20m[2026-09-03 13:03:18,563] LMCache INFO:[0m Stored 8192 tokens in 0.002 seconds [3m(lmcache_driven_transfer.py:1284:lmcache.v1.multiprocess.modules.lmcache_driven_transfer)[0m
[32;20m[2026-09-03 13:03:18,597] LMCache INFO:[0m Stored 8192 tokens in 0.016 seconds [3m(lmcache_driven_transfer.py:1284:lmcache.v1.multiprocess.modules.lmcache_driven_transfer)[0m
[32;20m[2026-09-03 13:03:18,599] LMCache INFO:[0m Stored 8192 tokens in 0.010 seconds [3m(lmcache_driven_transfer.py:1284:lmcache.v1.multiprocess.modules.lmcache_driven_transfer)[0m
[32;20m[2026-09-03 13:03:18,600] LMCache INFO:[0m Stored 8192 tokens in 0.017 seconds [3m(lmcache_driven_transfer.py:1284:lmcache.v1.multiprocess.modules.lmcache_driven_transfer)[0m
[32;20m[2026-09-03 13:03:18,600] LMCache INFO:[0m Stored 8192 tokens in 0.015 seconds [3m(lmcache_driven_transfer.py:1284:lmcache.v1.multiprocess.modules.lmcache_driven_transfer)[0m
[32;20m[2026-09-03 13:03:18,602] LMCache INFO:[0m Stored 8192 tokens in 0.009 seconds [3m(lmcache_driven_transfer.py:1284:lmcache.v1.multiprocess.modules.lmcache_driven_transfer)[0m
[32;20m[2026-09-03 13:03:18,630] LMCache INFO:[0m Stored 8192 tokens in 0.002 seconds [3m(lmcache_driven_transfer.py:1284:lmcache.v1.multiprocess.modules.lmcache_driven_transfer)[0m
[32;20m[2026-09-03 13:03:18,639] LMCache INFO:[0m Stored 8192 tokens in 0.002 seconds [3m(lmcache_driven_transfer.py:1284:lmcache.v1.multiprocess.modules.lmcache_driven_transfer)[0m
[32;20m[2026-09-03 13:03:18,654] LMCache INFO:[0m Stored 8192 tokens in 0.002 seconds [3m(lmcache_driven_transfer.py:1284:lmcache.v1.multiprocess.modules.lmcache_driven_transfer)[0m
[32;20m[2026-09-03 13:03:18,674] LMCache INFO:[0m Stored 8192 tokens in 0.010 seconds [3m(lmcache_driven_transfer.py:1284:lmcache.v1.multiprocess.modules.lmcache_driven_transfer)[0m
[32;20m[2026-09-03 13:03:18,676] LMCache INFO:[0m Stored 8192 tokens in 0.009 seconds [3m(lmcache_driven_transfer.py:1284:lmcache.v1.multiprocess.modules.lmcache_driven_transfer)[0m
[32;20m[2026-09-03 13:03:18,677] LMCache INFO:[0m Stored 8192 tokens in 0.008 seconds [3m(lmcache_driven_transfer.py:1284:lmcache.v1.multiprocess.modules.lmcache_driven_transfer)[0m
[32;20m[2026-09-03 13:03:18,678] LMCache INFO:[0m Stored 8192 tokens in 0.012 seconds [3m(lmcache_driven_transfer.py:1284:lmcache.v1.multiprocess.modules.lmcache_driven_transfer)[0m
[32;20m[2026-09-03 13:03:18,682] LMCache INFO:[0m Stored 8192 tokens in 0.002 seconds [3m(lmcache_driven_transfer.py:1284:lmcache.v1.multiprocess.modules.lmcache_driven_transfer)[0m
[32;20m[2026-09-03 13:03:18,721] LMCache INFO:[0m Stored 8192 tokens in 0.004 seconds [3m(lmcache_driven_transfer.py:1284:lmcache.v1.multiprocess.modules.lmcache_driven_transfer)[0m
[32;20m[2026-09-03 13:03:18,728] LMCache INFO:[0m Stored 8192 tokens in 0.002 seconds [3m(lmcache_driven_transfer.py:1284:lmcache.v1.multiprocess.modules.lmcache_driven_transfer)[0m
[32;20m[2026-09-03 13:03:18,743] LMCache INFO:[0m Stored 8192 tokens in 0.002 seconds [3m(lmcache_driven_transfer.py:1284:lmcache.v1.multiprocess.modules.lmcache_driven_transfer)[0m
[32;20m[2026-09-03 13:03:18,768] LMCache INFO:[0m Stored 8192 tokens in 0.010 seconds [3m(lmcache_driven_transfer.py:1284:lmcache.v1.multiprocess.modules.lmcache_driven_transfer)[0m
[32;20m[2026-09-03 13:03:18,768] LMCache INFO:[0m Stored 8192 tokens in 0.012 seconds [3m(lmcache_driven_transfer.py:1284:lmcache.v1.multiprocess.modules.lmcache_driven_transfer)[0m
[32;20m[2026-09-03 13:03:18,769] LMCache INFO:[0m Stored 8192 tokens in 0.008 seconds [3m(lmcache_driven_transfer.py:1284:lmcache.v1.multiprocess.modules.lmcache_driven_transfer)[0m
[32;20m[2026-09-03 13:03:18,769] LMCache INFO:[0m Stored 8192 tokens in 0.006 seconds [3m(lmcache_driven_transfer.py:1284:lmcache.v1.multiprocess.modules.lmcache_driven_transfer)[0m
[32;20m[2026-09-03 13:03:18,776] LMCache INFO:[0m Stored 8192 tokens in 0.003 seconds [3m(lmcache_driven_transfer.py:1284:lmcache.v1.multiprocess.modules.lmcache_driven_transfer)[0m
[32;20m[2026-09-03 13:03:18,809] LMCache INFO:[0m Stored 8192 tokens in 0.002 seconds [3m(lmcache_driven_transfer.py:1284:lmcache.v1.multiprocess.modules.lmcache_driven_transfer)[0m
[32;20m[2026-09-03 13:03:18,818] LMCache INFO:[0m Stored 8192 tokens in 0.002 seconds [3m(lmcache_driven_transfer.py:1284:lmcache.v1.multiprocess.modules.lmcache_driven_transfer)[0m
[32;20m[2026-09-03 13:03:18,833] LMCache INFO:[0m Stored 8192 tokens in 0.002 seconds [3m(lmcache_driven_transfer.py:1284:lmcache.v1.multiprocess.modules.lmcache_driven_transfer)[0m
[32;20m[2026-09-03 13:03:18,860] LMCache INFO:[0m Stored 8192 tokens in 0.011 seconds [3m(lmcache_driven_transfer.py:1284:lmcache.v1.multiprocess.modules.lmcache_driven_transfer)[0m
[32;20m[2026-09-03 13:03:18,861] LMCache INFO:[0m Stored 8192 tokens in 0.010 seconds [3m(lmcache_driven_transfer.py:1284:lmcache.v1.multiprocess.modules.lmcache_driven_transfer)[0m
[32;20m[2026-09-03 13:03:18,862] LMCache INFO:[0m Stored 8192 tokens in 0.008 seconds [3m(lmcache_driven_transfer.py:1284:lmcache.v1.multiprocess.modules.lmcache_driven_transfer)[0m
[32;20m[2026-09-03 13:03:18,862] LMCache INFO:[0m Stored 8192 tokens in 0.009 seconds [3m(lmcache_driven_transfer.py:1284:lmcache.v1.multiprocess.modules.lmcache_driven_transfer)[0m
[32;20m[2026-09-03 13:03:18,868] LMCache INFO:[0m Stored 8192 tokens in 0.002 seconds [3m(lmcache_driven_transfer.py:1284:lmcache.v1.multiprocess.modules.lmcache_driven_transfer)[0m
[32;20m[2026-09-03 13:03:18,899] LMCache INFO:[0m Stored 8192 tokens in 0.002 seconds [3m(lmcache_driven_transfer.py:1284:lmcache.v1.multiprocess.modules.lmcache_driven_transfer)[0m
[32;20m[2026-09-03 13:03:18,908] LMCache INFO:[0m Stored 8192 tokens in 0.002 seconds [3m(lmcache_driven_transfer.py:1284:lmcache.v1.multiprocess.modules.lmcache_driven_transfer)[0m
[32;20m[2026-09-03 13:03:18,922] LMCache INFO:[0m Stored 8192 tokens in 0.002 seconds [3m(lmcache_driven_transfer.py:1284:lmcache.v1.multiprocess.modules.lmcache_driven_transfer)[0m
[32;20m[2026-09-03 13:03:18,955] LMCache INFO:[0m Stored 8192 tokens in 0.007 seconds [3m(lmcache_driven_transfer.py:1284:lmcache.v1.multiprocess.modules.lmcache_driven_transfer)[0m
[32;20m[2026-09-03 13:03:18,956] LMCache INFO:[0m Stored 8192 tokens in 0.013 seconds [3m(lmcache_driven_transfer.py:1284:lmcache.v1.multiprocess.modules.lmcache_driven_transfer)[0m
[32;20m[2026-09-03 13:03:18,956] LMCache INFO:[0m Stored 8192 tokens in 0.012 seconds [3m(lmcache_driven_transfer.py:1284:lmcache.v1.multiprocess.modules.lmcache_driven_transfer)[0m
[32;20m[2026-09-03 13:03:18,958] LMCache INFO:[0m Stored 8192 tokens in 0.009 seconds [3m(lmcache_driven_transfer.py:1284:lmcache.v1.multiprocess.modules.lmcache_driven_transfer)[0m
[32;20m[2026-09-03 13:03:18,961] LMCache INFO:[0m Stored 8192 tokens in 0.004 seconds [3m(lmcache_driven_transfer.py:1284:lmcache.v1.multiprocess.modules.lmcache_driven_transfer)[0m
[32;20m[2026-09-03 13:03:18,993] LMCache INFO:[0m Stored 8192 tokens in 0.002 seconds [3m(lmcache_driven_transfer.py:1284:lmcache.v1.multiprocess.modules.lmcache_driven_transfer)[0m
[32;20m[2026-09-03 13:03:19,000] LMCache INFO:[0m Stored 8192 tokens in 0.002 seconds [3m(lmcache_driven_transfer.py:1284:lmcache.v1.multiprocess.modules.lmcache_driven_transfer)[0m
[32;20m[2026-09-03 13:03:19,013] LMCache INFO:[0m Stored 8192 tokens in 0.002 seconds [3m(lmcache_driven_transfer.py:1284:lmcache.v1.multiprocess.modules.lmcache_driven_transfer)[0m
[32;20m[2026-09-03 13:03:19,053] LMCache INFO:[0m Stored 8192 tokens in 0.014 seconds [3m(lmcache_driven_transfer.py:1284:lmcache.v1.multiprocess.modules.lmcache_driven_transfer)[0m
[32;20m[2026-09-03 13:03:19,054] LMCache INFO:[0m Stored 8192 tokens in 0.011 seconds [3m(lmcache_driven_transfer.py:1284:lmcache.v1.multiprocess.modules.lmcache_driven_transfer)[0m
[32;20m[2026-09-03 13:03:19,055] LMCache INFO:[0m Stored 8192 tokens in 0.015 seconds [3m(lmcache_driven_transfer.py:1284:lmcache.v1.multiprocess.modules.lmcache_driven_transfer)[0m
[32;20m[2026-09-03 13:03:19,056] LMCache INFO:[0m Stored 8192 tokens in 0.008 seconds [3m(lmcache_driven_transfer.py:1284:lmcache.v1.multiprocess.modules.lmcache_driven_transfer)[0m
[32;20m[2026-09-03 13:03:19,057] LMCache INFO:[0m Stored 8192 tokens in 0.013 seconds [3m(lmcache_driven_transfer.py:1284:lmcache.v1.multiprocess.modules.lmcache_driven_transfer)[0m
[32;20m[2026-09-03 13:03:19,081] LMCache INFO:[0m Stored 8192 tokens in 0.002 seconds [3m(lmcache_driven_transfer.py:1284:lmcache.v1.multiprocess.modules.lmcache_driven_transfer)[0m
[32;20m[2026-09-03 13:03:19,093] LMCache INFO:[0m Stored 8192 tokens in 0.002 seconds [3m(lmcache_driven_transfer.py:1284:lmcache.v1.multiprocess.modules.lmcache_driven_transfer)[0m
[32;20m[2026-09-03 13:03:19,104] LMCache INFO:[0m Stored 8192 tokens in 0.002 seconds [3m(lmcache_driven_transfer.py:1284:lmcache.v1.multiprocess.modules.lmcache_driven_transfer)[0m
[32;20m[2026-09-03 13:03:19,144] LMCache INFO:[0m Stored 8192 tokens in 0.002 seconds [3m(lmcache_driven_transfer.py:1284:lmcache.v1.multiprocess.modules.lmcache_driven_transfer)[0m
[32;20m[2026-09-03 13:03:19,238] LMCache INFO:[0m Stored 8192 tokens in 0.012 seconds [3m(lmcache_driven_transfer.py:1284:lmcache.v1.multiprocess.modules.lmcache_driven_transfer)[0m
[32;20m[2026-09-03 13:03:19,239] LMCache INFO:[0m Stored 8192 tokens in 0.007 seconds [3m(lmcache_driven_transfer.py:1284:lmcache.v1.multiprocess.modules.lmcache_driven_transfer)[0m
[32;20m[2026-09-03 13:03:19,240] LMCache INFO:[0m Stored 8192 tokens in 0.011 seconds [3m(lmcache_driven_transfer.py:1284:lmcache.v1.multiprocess.modules.lmcache_driven_transfer)[0m
[32;20m[2026-09-03 13:03:19,241] LMCache INFO:[0m Stored 8192 tokens in 0.007 seconds [3m(lmcache_driven_transfer.py:1284:lmcache.v1.multiprocess.modules.lmcache_driven_transfer)[0m
[32;20m[2026-09-03 13:03:19,265] LMCache INFO:[0m Stored 8192 tokens in 0.002 seconds [3m(lmcache_driven_transfer.py:1284:lmcache.v1.multiprocess.modules.lmcache_driven_transfer)[0m
[32;20m[2026-09-03 13:03:19,279] LMCache INFO:[0m Stored 8192 tokens in 0.002 seconds [3m(lmcache_driven_transfer.py:1284:lmcache.v1.multiprocess.modules.lmcache_driven_transfer)[0m
[32;20m[2026-09-03 13:03:19,287] LMCache INFO:[0m Stored 8192 tokens in 0.002 seconds [3m(lmcache_driven_transfer.py:1284:lmcache.v1.multiprocess.modules.lmcache_driven_transfer)[0m
[32;20m[2026-09-03 13:03:19,320] LMCache INFO:[0m Stored 8192 tokens in 0.009 seconds [3m(lmcache_driven_transfer.py:1284:lmcache.v1.multiprocess.modules.lmcache_driven_transfer)[0m
[32;20m[2026-09-03 13:03:19,321] LMCache INFO:[0m Stored 8192 tokens in 0.012 seconds [3m(lmcache_driven_transfer.py:1284:lmcache.v1.multiprocess.modules.lmcache_driven_transfer)[0m
[32;20m[2026-09-03 13:03:19,322] LMCache INFO:[0m Stored 8192 tokens in 0.009 seconds [3m(lmcache_driven_transfer.py:1284:lmcache.v1.multiprocess.modules.lmcache_driven_transfer)[0m
[32;20m[2026-09-03 13:03:19,322] LMCache INFO:[0m Stored 8192 tokens in 0.011 seconds [3m(lmcache_driven_transfer.py:1284:lmcache.v1.multiprocess.modules.lmcache_driven_transfer)[0m
[32;20m[2026-09-03 13:03:19,328] LMCache INFO:[0m Stored 8192 tokens in 0.002 seconds [3m(lmcache_driven_transfer.py:1284:lmcache.v1.multiprocess.modules.lmcache_driven_transfer)[0m
[32;20m[2026-09-03 13:03:19,350] LMCache INFO:[0m Stored 8192 tokens in 0.002 seconds [3m(lmcache_driven_transfer.py:1284:lmcache.v1.multiprocess.modules.lmcache_driven_transfer)[0m
[32;20m[2026-09-03 13:03:19,371] LMCache INFO:[0m Stored 8192 tokens in 0.002 seconds [3m(lmcache_driven_transfer.py:1284:lmcache.v1.multiprocess.modules.lmcache_driven_transfer)[0m
[32;20m[2026-09-03 13:03:19,377] LMCache INFO:[0m Stored 8192 tokens in 0.002 seconds [3m(lmcache_driven_transfer.py:1284:lmcache.v1.multiprocess.modules.lmcache_driven_transfer)[0m
[32;20m[2026-09-03 13:03:19,411] LMCache INFO:[0m Stored 8192 tokens in 0.010 seconds [3m(lmcache_driven_transfer.py:1284:lmcache.v1.multiprocess.modules.lmcache_driven_transfer)[0m
[32;20m[2026-09-03 13:03:19,412] LMCache INFO:[0m Stored 8192 tokens in 0.007 seconds [3m(lmcache_driven_transfer.py:1284:lmcache.v1.multiprocess.modules.lmcache_driven_transfer)[0m
[32;20m[2026-09-03 13:03:19,413] LMCache INFO:[0m Stored 8192 tokens in 0.011 seconds [3m(lmcache_driven_transfer.py:1284:lmcache.v1.multiprocess.modules.lmcache_driven_transfer)[0m
[32;20m[2026-09-03 13:03:19,414] LMCache INFO:[0m Stored 8192 tokens in 0.008 seconds [3m(lmcache_driven_transfer.py:1284:lmcache.v1.multiprocess.modules.lmcache_driven_transfer)[0m
[32;20m[2026-09-03 13:03:19,420] LMCache INFO:[0m Stored 8192 tokens in 0.003 seconds [3m(lmcache_driven_transfer.py:1284:lmcache.v1.multiprocess.modules.lmcache_driven_transfer)[0m
[32;20m[2026-09-03 13:03:19,440] LMCache INFO:[0m Stored 8192 tokens in 0.002 seconds [3m(lmcache_driven_transfer.py:1284:lmcache.v1.multiprocess.modules.lmcache_driven_transfer)[0m
[32;20m[2026-09-03 13:03:19,462] LMCache INFO:[0m Stored 8192 tokens in 0.002 seconds [3m(lmcache_driven_transfer.py:1284:lmcache.v1.multiprocess.modules.lmcache_driven_transfer)[0m
[32;20m[2026-09-03 13:03:19,467] LMCache INFO:[0m Stored 8192 tokens in 0.002 seconds [3m(lmcache_driven_transfer.py:1284:lmcache.v1.multiprocess.modules.lmcache_driven_transfer)[0m
[32;20m[2026-09-03 13:03:19,503] LMCache INFO:[0m Stored 8192 tokens in 0.011 seconds [3m(lmcache_driven_transfer.py:1284:lmcache.v1.multiprocess.modules.lmcache_driven_transfer)[0m
[32;20m[2026-09-03 13:03:19,505] LMCache INFO:[0m Stored 8192 tokens in 0.010 seconds [3m(lmcache_driven_transfer.py:1284:lmcache.v1.multiprocess.modules.lmcache_driven_transfer)[0m
[32;20m[2026-09-03 13:03:19,505] LMCache INFO:[0m Stored 8192 tokens in 0.010 seconds [3m(lmcache_driven_transfer.py:1284:lmcache.v1.multiprocess.modules.lmcache_driven_transfer)[0m
[32;20m[2026-09-03 13:03:19,506] LMCache INFO:[0m Stored 8192 tokens in 0.009 seconds [3m(lmcache_driven_transfer.py:1284:lmcache.v1.multiprocess.modules.lmcache_driven_transfer)[0m
[32;20m[2026-09-03 13:03:19,511] LMCache INFO:[0m Stored 8192 tokens in 0.002 seconds [3m(lmcache_driven_transfer.py:1284:lmcache.v1.multiprocess.modules.lmcache_driven_transfer)[0m
[32;20m[2026-09-03 13:03:19,529] LMCache INFO:[0m Stored 8192 tokens in 0.002 seconds [3m(lmcache_driven_transfer.py:1284:lmcache.v1.multiprocess.modules.lmcache_driven_transfer)[0m
[32;20m[2026-09-03 13:03:19,556] LMCache INFO:[0m Stored 8192 tokens in 0.004 seconds [3m(lmcache_driven_transfer.py:1284:lmcache.v1.multiprocess.modules.lmcache_driven_transfer)[0m
[32;20m[2026-09-03 13:03:19,558] LMCache INFO:[0m Stored 8192 tokens in 0.003 seconds [3m(lmcache_driven_transfer.py:1284:lmcache.v1.multiprocess.modules.lmcache_driven_transfer)[0m
[32;20m[2026-09-03 13:03:19,598] LMCache INFO:[0m Stored 8192 tokens in 0.008 seconds [3m(lmcache_driven_transfer.py:1284:lmcache.v1.multiprocess.modules.lmcache_driven_transfer)[0m
[32;20m[2026-09-03 13:03:19,598] LMCache INFO:[0m Stored 8192 tokens in 0.010 seconds [3m(lmcache_driven_transfer.py:1284:lmcache.v1.multiprocess.modules.lmcache_driven_transfer)[0m
[32;20m[2026-09-03 13:03:19,598] LMCache INFO:[0m Stored 8192 tokens in 0.013 seconds [3m(lmcache_driven_transfer.py:1284:lmcache.v1.multiprocess.modules.lmcache_driven_transfer)[0m
[32;20m[2026-09-03 13:03:19,600] LMCache INFO:[0m Stored 8192 tokens in 0.007 seconds [3m(lmcache_driven_transfer.py:1284:lmcache.v1.multiprocess.modules.lmcache_driven_transfer)[0m
[32;20m[2026-09-03 13:03:19,604] LMCache INFO:[0m Stored 8192 tokens in 0.002 seconds [3m(lmcache_driven_transfer.py:1284:lmcache.v1.multiprocess.modules.lmcache_driven_transfer)[0m
[32;20m[2026-09-03 13:03:19,618] LMCache INFO:[0m Stored 8192 tokens in 0.002 seconds [3m(lmcache_driven_transfer.py:1284:lmcache.v1.multiprocess.modules.lmcache_driven_transfer)[0m
[32;20m[2026-09-03 13:03:19,643] LMCache INFO:[0m Stored 8192 tokens in 0.004 seconds [3m(lmcache_driven_transfer.py:1284:lmcache.v1.multiprocess.modules.lmcache_driven_transfer)[0m
[32;20m[2026-09-03 13:03:19,645] LMCache INFO:[0m Stored 8192 tokens in 0.003 seconds [3m(lmcache_driven_transfer.py:1284:lmcache.v1.multiprocess.modules.lmcache_driven_transfer)[0m
[32;20m[2026-09-03 13:03:19,702] LMCache INFO:[0m Stored 8192 tokens in 0.018 seconds [3m(lmcache_driven_transfer.py:1284:lmcache.v1.multiprocess.modules.lmcache_driven_transfer)[0m
[32;20m[2026-09-03 13:03:19,703] LMCache INFO:[0m Stored 8192 tokens in 0.008 seconds [3m(lmcache_driven_transfer.py:1284:lmcache.v1.multiprocess.modules.lmcache_driven_transfer)[0m
[32;20m[2026-09-03 13:03:19,704] LMCache INFO:[0m Stored 8192 tokens in 0.015 seconds [3m(lmcache_driven_transfer.py:1284:lmcache.v1.multiprocess.modules.lmcache_driven_transfer)[0m
[32;20m[2026-09-03 13:03:19,704] LMCache INFO:[0m Stored 8192 tokens in 0.018 seconds [3m(lmcache_driven_transfer.py:1284:lmcache.v1.multiprocess.modules.lmcache_driven_transfer)[0m
[32;20m[2026-09-03 13:03:19,706] LMCache INFO:[0m Stored 8192 tokens in 0.014 seconds [3m(lmcache_driven_transfer.py:1284:lmcache.v1.multiprocess.modules.lmcache_driven_transfer)[0m
[32;20m[2026-09-03 13:03:19,707] LMCache INFO:[0m Stored 8192 tokens in 0.017 seconds [3m(lmcache_driven_transfer.py:1284:lmcache.v1.multiprocess.modules.lmcache_driven_transfer)[0m
[32;20m[2026-09-03 13:03:19,720] LMCache INFO:[0m Stored 8192 tokens in 0.012 seconds [3m(lmcache_driven_transfer.py:1284:lmcache.v1.multiprocess.modules.lmcache_driven_transfer)[0m
[32;20m[2026-09-03 13:03:19,734] LMCache INFO:[0m Stored 8192 tokens in 0.002 seconds [3m(lmcache_driven_transfer.py:1284:lmcache.v1.multiprocess.modules.lmcache_driven_transfer)[0m
[32;20m[2026-09-03 13:03:19,789] LMCache INFO:[0m Stored 8192 tokens in 0.002 seconds [3m(lmcache_driven_transfer.py:1284:lmcache.v1.multiprocess.modules.lmcache_driven_transfer)[0m
[32;20m[2026-09-03 13:03:19,817] LMCache INFO:[0m Stored 8192 tokens in 0.010 seconds [3m(lmcache_driven_transfer.py:1284:lmcache.v1.multiprocess.modules.lmcache_driven_transfer)[0m
[32;20m[2026-09-03 13:03:19,817] LMCache INFO:[0m Stored 8192 tokens in 0.024 seconds [3m(lmcache_driven_transfer.py:1284:lmcache.v1.multiprocess.modules.lmcache_driven_transfer)[0m
[32;20m[2026-09-03 13:03:19,819] LMCache INFO:[0m Stored 8192 tokens in 0.020 seconds [3m(lmcache_driven_transfer.py:1284:lmcache.v1.multiprocess.modules.lmcache_driven_transfer)[0m
[32;20m[2026-09-03 13:03:19,820] LMCache INFO:[0m Stored 8192 tokens in 0.023 seconds [3m(lmcache_driven_transfer.py:1284:lmcache.v1.multiprocess.modules.lmcache_driven_transfer)[0m
[32;20m[2026-09-03 13:03:19,820] LMCache INFO:[0m Stored 8192 tokens in 0.026 seconds [3m(lmcache_driven_transfer.py:1284:lmcache.v1.multiprocess.modules.lmcache_driven_transfer)[0m
[32;20m[2026-09-03 13:03:19,821] LMCache INFO:[0m Stored 8192 tokens in 0.016 seconds [3m(lmcache_driven_transfer.py:1284:lmcache.v1.multiprocess.modules.lmcache_driven_transfer)[0m
[32;20m[2026-09-03 13:03:19,827] LMCache INFO:[0m Stored 8192 tokens in 0.002 seconds [3m(lmcache_driven_transfer.py:1284:lmcache.v1.multiprocess.modules.lmcache_driven_transfer)[0m
[32;20m[2026-09-03 13:03:19,906] LMCache INFO:[0m Stored 8192 tokens in 0.026 seconds [3m(lmcache_driven_transfer.py:1284:lmcache.v1.multiprocess.modules.lmcache_driven_transfer)[0m
[32;20m[2026-09-03 13:03:19,907] LMCache INFO:[0m Stored 8192 tokens in 0.021 seconds [3m(lmcache_driven_transfer.py:1284:lmcache.v1.multiprocess.modules.lmcache_driven_transfer)[0m
[32;20m[2026-09-03 13:03:19,908] LMCache INFO:[0m Stored 8192 tokens in 0.025 seconds [3m(lmcache_driven_transfer.py:1284:lmcache.v1.multiprocess.modules.lmcache_driven_transfer)[0m
[32;20m[2026-09-03 13:03:19,909] LMCache INFO:[0m Stored 8192 tokens in 0.025 seconds [3m(lmcache_driven_transfer.py:1284:lmcache.v1.multiprocess.modules.lmcache_driven_transfer)[0m
[32;20m[2026-09-03 13:03:19,911] LMCache INFO:[0m Stored 8192 tokens in 0.022 seconds [3m(lmcache_driven_transfer.py:1284:lmcache.v1.multiprocess.modules.lmcache_driven_transfer)[0m
[32;20m[2026-09-03 13:03:19,914] LMCache INFO:[0m Stored 8192 tokens in 0.016 seconds [3m(lmcache_driven_transfer.py:1284:lmcache.v1.multiprocess.modules.lmcache_driven_transfer)[0m
[32;20m[2026-09-03 13:03:19,915] LMCache INFO:[0m Stored 8192 tokens in 0.025 seconds [3m(lmcache_driven_transfer.py:1284:lmcache.v1.multiprocess.modules.lmcache_driven_transfer)[0m
[32;20m[2026-09-03 13:03:19,918] LMCache INFO:[0m Stored 8192 tokens in 0.002 seconds [3m(lmcache_driven_transfer.py:1284:lmcache.v1.multiprocess.modules.lmcache_driven_transfer)[0m
[32;20m[2026-09-03 13:03:19,989] LMCache INFO:[0m Stored 8192 tokens in 0.021 seconds [3m(lmcache_driven_transfer.py:1284:lmcache.v1.multiprocess.modules.lmcache_driven_transfer)[0m
[32;20m[2026-09-03 13:03:19,991] LMCache INFO:[0m Stored 8192 tokens in 0.021 seconds [3m(lmcache_driven_transfer.py:1284:lmcache.v1.multiprocess.modules.lmcache_driven_transfer)[0m
[32;20m[2026-09-03 13:03:19,993] LMCache INFO:[0m Stored 8192 tokens in 0.017 seconds [3m(lmcache_driven_transfer.py:1284:lmcache.v1.multiprocess.modules.lmcache_driven_transfer)[0m
[32;20m[2026-09-03 13:03:19,994] LMCache INFO:[0m Stored 8192 tokens in 0.021 seconds [3m(lmcache_driven_transfer.py:1284:lmcache.v1.multiprocess.modules.lmcache_driven_transfer)[0m
[32;20m[2026-09-03 13:03:19,994] LMCache INFO:[0m Stored 8192 tokens in 0.017 seconds [3m(lmcache_driven_transfer.py:1284:lmcache.v1.multiprocess.modules.lmcache_driven_transfer)[0m
[32;20m[2026-09-03 13:03:19,995] LMCache INFO:[0m Stored 8192 tokens in 0.013 seconds [3m(lmcache_driven_transfer.py:1284:lmcache.v1.multiprocess.modules.lmcache_driven_transfer)[0m
[32;20m[2026-09-03 13:03:19,999] LMCache INFO:[0m Stored 8192 tokens in 0.002 seconds [3m(lmcache_driven_transfer.py:1284:lmcache.v1.multiprocess.modules.lmcache_driven_transfer)[0m
[32;20m[2026-09-03 13:03:20,006] LMCache INFO:[0m Stored 8192 tokens in 0.002 seconds [3m(lmcache_driven_transfer.py:1284:lmcache.v1.multiprocess.modules.lmcache_driven_transfer)[0m
[32;20m[2026-09-03 13:03:20,063] LMCache INFO:[0m Stored 8192 tokens in 0.014 seconds [3m(lmcache_driven_transfer.py:1284:lmcache.v1.multiprocess.modules.lmcache_driven_transfer)[0m
[32;20m[2026-09-03 13:03:20,064] LMCache INFO:[0m Stored 8192 tokens in 0.012 seconds [3m(lmcache_driven_transfer.py:1284:lmcache.v1.multiprocess.modules.lmcache_driven_transfer)[0m
[32;20m[2026-09-03 13:03:20,066] LMCache INFO:[0m Stored 8192 tokens in 0.012 seconds [3m(lmcache_driven_transfer.py:1284:lmcache.v1.multiprocess.modules.lmcache_driven_transfer)[0m
[32;20m[2026-09-03 13:03:20,070] LMCache INFO:[0m Stored 8192 tokens in 0.011 seconds [3m(lmcache_driven_transfer.py:1284:lmcache.v1.multiprocess.modules.lmcache_driven_transfer)[0m
[32;20m[2026-09-03 13:03:20,074] LMCache INFO:[0m Stored 8192 tokens in 0.017 seconds [3m(lmcache_driven_transfer.py:1284:lmcache.v1.multiprocess.modules.lmcache_driven_transfer)[0m
[32;20m[2026-09-03 13:03:20,075] LMCache INFO:[0m Stored 8192 tokens in 0.007 seconds [3m(lmcache_driven_transfer.py:1284:lmcache.v1.multiprocess.modules.lmcache_driven_transfer)[0m
[32;20m[2026-09-03 13:03:20,088] LMCache INFO:[0m Stored 8192 tokens in 0.002 seconds [3m(lmcache_driven_transfer.py:1284:lmcache.v1.multiprocess.modules.lmcache_driven_transfer)[0m
[32;20m[2026-09-03 13:03:20,096] LMCache INFO:[0m Stored 8192 tokens in 0.002 seconds [3m(lmcache_driven_transfer.py:1284:lmcache.v1.multiprocess.modules.lmcache_driven_transfer)[0m
[32;20m[2026-09-03 13:03:20,157] LMCache INFO:[0m Stored 8192 tokens in 0.013 seconds [3m(lmcache_driven_transfer.py:1284:lmcache.v1.multiprocess.modules.lmcache_driven_transfer)[0m
[32;20m[2026-09-03 13:03:20,159] LMCache INFO:[0m Stored 8192 tokens in 0.018 seconds [3m(lmcache_driven_transfer.py:1284:lmcache.v1.multiprocess.modules.lmcache_driven_transfer)[0m
[32;20m[2026-09-03 13:03:20,162] LMCache INFO:[0m Stored 8192 tokens in 0.012 seconds [3m(lmcache_driven_transfer.py:1284:lmcache.v1.multiprocess.modules.lmcache_driven_transfer)[0m
[32;20m[2026-09-03 13:03:20,163] LMCache INFO:[0m Stored 8192 tokens in 0.015 seconds [3m(lmcache_driven_transfer.py:1284:lmcache.v1.multiprocess.modules.lmcache_driven_transfer)[0m
[32;20m[2026-09-03 13:03:20,166] LMCache INFO:[0m Stored 8192 tokens in 0.020 seconds [3m(lmcache_driven_transfer.py:1284:lmcache.v1.multiprocess.modules.lmcache_driven_transfer)[0m
[32;20m[2026-09-03 13:03:20,167] LMCache INFO:[0m Stored 8192 tokens in 0.009 seconds [3m(lmcache_driven_transfer.py:1284:lmcache.v1.multiprocess.modules.lmcache_driven_transfer)[0m
[32;20m[2026-09-03 13:03:20,178] LMCache INFO:[0m Stored 8192 tokens in 0.002 seconds [3m(lmcache_driven_transfer.py:1284:lmcache.v1.multiprocess.modules.lmcache_driven_transfer)[0m
[32;20m[2026-09-03 13:03:20,186] LMCache INFO:[0m Stored 8192 tokens in 0.002 seconds [3m(lmcache_driven_transfer.py:1284:lmcache.v1.multiprocess.modules.lmcache_driven_transfer)[0m
[32;20m[2026-09-03 13:03:20,249] LMCache INFO:[0m Stored 8192 tokens in 0.012 seconds [3m(lmcache_driven_transfer.py:1284:lmcache.v1.multiprocess.modules.lmcache_driven_transfer)[0m
[32;20m[2026-09-03 13:03:20,250] LMCache INFO:[0m Stored 8192 tokens in 0.012 seconds [3m(lmcache_driven_transfer.py:1284:lmcache.v1.multiprocess.modules.lmcache_driven_transfer)[0m
[32;20m[2026-09-03 13:03:20,251] LMCache INFO:[0m Stored 8192 tokens in 0.017 seconds [3m(lmcache_driven_transfer.py:1284:lmcache.v1.multiprocess.modules.lmcache_driven_transfer)[0m
[32;20m[2026-09-03 13:03:20,253] LMCache INFO:[0m Stored 8192 tokens in 0.012 seconds [3m(lmcache_driven_transfer.py:1284:lmcache.v1.multiprocess.modules.lmcache_driven_transfer)[0m
[32;20m[2026-09-03 13:03:20,256] LMCache INFO:[0m Stored 8192 tokens in 0.012 seconds [3m(lmcache_driven_transfer.py:1284:lmcache.v1.multiprocess.modules.lmcache_driven_transfer)[0m
[32;20m[2026-09-03 13:03:20,263] LMCache INFO:[0m Stored 8192 tokens in 0.008 seconds [3m(lmcache_driven_transfer.py:1284:lmcache.v1.multiprocess.modules.lmcache_driven_transfer)[0m
[32;20m[2026-09-03 13:03:20,263] LMCache INFO:[0m L1 memory usage 0.82 above watermark 0.80; triggering eviction. [3m(eviction_controller.py:179:lmcache.v1.distributed.storage_controllers.eviction_controller)[0m
[32;20m[2026-09-03 13:03:20,271] LMCache INFO:[0m Stored 8192 tokens in 0.003 seconds [3m(lmcache_driven_transfer.py:1284:lmcache.v1.multiprocess.modules.lmcache_driven_transfer)[0m
[32;20m[2026-09-03 13:03:20,278] LMCache INFO:[0m Stored 8192 tokens in 0.002 seconds [3m(lmcache_driven_transfer.py:1284:lmcache.v1.multiprocess.modules.lmcache_driven_transfer)[0m
[32;20m[2026-09-03 13:03:20,348] LMCache INFO:[0m Stored 8192 tokens in 0.016 seconds [3m(lmcache_driven_transfer.py:1284:lmcache.v1.multiprocess.modules.lmcache_driven_transfer)[0m
[32;20m[2026-09-03 13:03:20,350] LMCache INFO:[0m Stored 8192 tokens in 0.014 seconds [3m(lmcache_driven_transfer.py:1284:lmcache.v1.multiprocess.modules.lmcache_driven_transfer)[0m
[32;20m[2026-09-03 13:03:20,352] LMCache INFO:[0m Stored 8192 tokens in 0.018 seconds [3m(lmcache_driven_transfer.py:1284:lmcache.v1.multiprocess.modules.lmcache_driven_transfer)[0m
[32;20m[2026-09-03 13:03:20,353] LMCache INFO:[0m Stored 8192 tokens in 0.018 seconds [3m(lmcache_driven_transfer.py:1284:lmcache.v1.multiprocess.modules.lmcache_driven_transfer)[0m
[32;20m[2026-09-03 13:03:20,353] LMCache INFO:[0m Stored 8192 tokens in 0.008 seconds [3m(lmcache_driven_transfer.py:1284:lmcache.v1.multiprocess.modules.lmcache_driven_transfer)[0m
[32;20m[2026-09-03 13:03:20,364] LMCache INFO:[0m Stored 8192 tokens in 0.025 seconds [3m(lmcache_driven_transfer.py:1284:lmcache.v1.multiprocess.modules.lmcache_driven_transfer)[0m
[32;20m[2026-09-03 13:03:20,373] LMCache INFO:[0m Stored 8192 tokens in 0.011 seconds [3m(lmcache_driven_transfer.py:1284:lmcache.v1.multiprocess.modules.lmcache_driven_transfer)[0m
[32;20m[2026-09-03 13:03:20,374] LMCache INFO:[0m Stored 8192 tokens in 0.004 seconds [3m(lmcache_driven_transfer.py:1284:lmcache.v1.multiprocess.modules.lmcache_driven_transfer)[0m
[32;20m[2026-09-03 13:03:20,436] LMCache INFO:[0m Stored 8192 tokens in 0.002 seconds [3m(lmcache_driven_transfer.py:1284:lmcache.v1.multiprocess.modules.lmcache_driven_transfer)[0m
[32;20m[2026-09-03 13:03:20,461] LMCache INFO:[0m Stored 8192 tokens in 0.018 seconds [3m(lmcache_driven_transfer.py:1284:lmcache.v1.multiprocess.modules.lmcache_driven_transfer)[0m
[32;20m[2026-09-03 13:03:20,463] LMCache INFO:[0m Stored 8192 tokens in 0.017 seconds [3m(lmcache_driven_transfer.py:1284:lmcache.v1.multiprocess.modules.lmcache_driven_transfer)[0m
[32;20m[2026-09-03 13:03:20,463] LMCache INFO:[0m Stored 8192 tokens in 0.014 seconds [3m(lmcache_driven_transfer.py:1284:lmcache.v1.multiprocess.modules.lmcache_driven_transfer)[0m
[32;20m[2026-09-03 13:03:20,463] LMCache INFO:[0m Stored 8192 tokens in 0.012 seconds [3m(lmcache_driven_transfer.py:1284:lmcache.v1.multiprocess.modules.lmcache_driven_transfer)[0m
[32;20m[2026-09-03 13:03:20,464] LMCache INFO:[0m Stored 8192 tokens in 0.017 seconds [3m(lmcache_driven_transfer.py:1284:lmcache.v1.multiprocess.modules.lmcache_driven_transfer)[0m
[32;20m[2026-09-03 13:03:20,473] LMCache INFO:[0m Stored 8192 tokens in 0.005 seconds [3m(lmcache_driven_transfer.py:1284:lmcache.v1.multiprocess.modules.lmcache_driven_transfer)[0m
[32;20m[2026-09-03 13:03:20,474] LMCache INFO:[0m Stored 8192 tokens in 0.003 seconds [3m(lmcache_driven_transfer.py:1284:lmcache.v1.multiprocess.modules.lmcache_driven_transfer)[0m
[32;20m[2026-09-03 13:03:20,529] LMCache INFO:[0m Stored 8192 tokens in 0.002 seconds [3m(lmcache_driven_transfer.py:1284:lmcache.v1.multiprocess.modules.lmcache_driven_transfer)[0m
[32;20m[2026-09-03 13:03:20,556] LMCache INFO:[0m Stored 8192 tokens in 0.017 seconds [3m(lmcache_driven_transfer.py:1284:lmcache.v1.multiprocess.modules.lmcache_driven_transfer)[0m
[32;20m[2026-09-03 13:03:20,558] LMCache INFO:[0m Stored 8192 tokens in 0.023 seconds [3m(lmcache_driven_transfer.py:1284:lmcache.v1.multiprocess.modules.lmcache_driven_transfer)[0m
[32;20m[2026-09-03 13:03:20,566] LMCache INFO:[0m Stored 8192 tokens in 0.029 seconds [3m(lmcache_driven_transfer.py:1284:lmcache.v1.multiprocess.modules.lmcache_driven_transfer)[0m
[32;20m[2026-09-03 13:03:20,569] LMCache INFO:[0m Stored 8192 tokens in 0.027 seconds [3m(lmcache_driven_transfer.py:1284:lmcache.v1.multiprocess.modules.lmcache_driven_transfer)[0m
[32;20m[2026-09-03 13:03:20,571] LMCache INFO:[0m Stored 8192 tokens in 0.029 seconds [3m(lmcache_driven_transfer.py:1284:lmcache.v1.multiprocess.modules.lmcache_driven_transfer)[0m
[32;20m[2026-09-03 13:03:20,573] LMCache INFO:[0m Stored 8192 tokens in 0.016 seconds [3m(lmcache_driven_transfer.py:1284:lmcache.v1.multiprocess.modules.lmcache_driven_transfer)[0m
[32;20m[2026-09-03 13:03:20,574] LMCache INFO:[0m Stored 8192 tokens in 0.005 seconds [3m(lmcache_driven_transfer.py:1284:lmcache.v1.multiprocess.modules.lmcache_driven_transfer)[0m
[32;20m[2026-09-03 13:03:20,619] LMCache INFO:[0m Stored 8192 tokens in 0.002 seconds [3m(lmcache_driven_transfer.py:1284:lmcache.v1.multiprocess.modules.lmcache_driven_transfer)[0m
[32;20m[2026-09-03 13:03:20,640] LMCache INFO:[0m Stored 8192 tokens in 0.014 seconds [3m(lmcache_driven_transfer.py:1284:lmcache.v1.multiprocess.modules.lmcache_driven_transfer)[0m
[32;20m[2026-09-03 13:03:20,642] LMCache INFO:[0m Stored 8192 tokens in 0.018 seconds [3m(lmcache_driven_transfer.py:1284:lmcache.v1.multiprocess.modules.lmcache_driven_transfer)[0m
[32;20m[2026-09-03 13:03:20,643] LMCache INFO:[0m Stored 8192 tokens in 0.012 seconds [3m(lmcache_driven_transfer.py:1284:lmcache.v1.multiprocess.modules.lmcache_driven_transfer)[0m
[32;20m[2026-09-03 13:03:20,643] LMCache INFO:[0m Stored 8192 tokens in 0.010 seconds [3m(lmcache_driven_transfer.py:1284:lmcache.v1.multiprocess.modules.lmcache_driven_transfer)[0m
[32;20m[2026-09-03 13:03:20,644] LMCache INFO:[0m Stored 8192 tokens in 0.006 seconds [3m(lmcache_driven_transfer.py:1284:lmcache.v1.multiprocess.modules.lmcache_driven_transfer)[0m
[32;20m[2026-09-03 13:03:20,649] LMCache INFO:[0m Stored 8192 tokens in 0.002 seconds [3m(lmcache_driven_transfer.py:1284:lmcache.v1.multiprocess.modules.lmcache_driven_transfer)[0m
[32;20m[2026-09-03 13:03:20,660] LMCache INFO:[0m Stored 8192 tokens in 0.002 seconds [3m(lmcache_driven_transfer.py:1284:lmcache.v1.multiprocess.modules.lmcache_driven_transfer)[0m
[32;20m[2026-09-03 13:03:20,706] LMCache INFO:[0m Stored 8192 tokens in 0.009 seconds [3m(lmcache_driven_transfer.py:1284:lmcache.v1.multiprocess.modules.lmcache_driven_transfer)[0m
[32;20m[2026-09-03 13:03:20,708] LMCache INFO:[0m Stored 8192 tokens in 0.017 seconds [3m(lmcache_driven_transfer.py:1284:lmcache.v1.multiprocess.modules.lmcache_driven_transfer)[0m
[32;20m[2026-09-03 13:03:20,710] LMCache INFO:[0m Stored 8192 tokens in 0.015 seconds [3m(lmcache_driven_transfer.py:1284:lmcache.v1.multiprocess.modules.lmcache_driven_transfer)[0m
[32;20m[2026-09-03 13:03:20,710] LMCache INFO:[0m Stored 8192 tokens in 0.016 seconds [3m(lmcache_driven_transfer.py:1284:lmcache.v1.multiprocess.modules.lmcache_driven_transfer)[0m
[32;20m[2026-09-03 13:03:20,713] LMCache INFO:[0m Stored 8192 tokens in 0.011 seconds [3m(lmcache_driven_transfer.py:1284:lmcache.v1.multiprocess.modules.lmcache_driven_transfer)[0m
[32;20m[2026-09-03 13:03:20,714] LMCache INFO:[0m Stored 8192 tokens in 0.006 seconds [3m(lmcache_driven_transfer.py:1284:lmcache.v1.multiprocess.modules.lmcache_driven_transfer)[0m
[32;20m[2026-09-03 13:03:20,739] LMCache INFO:[0m Stored 8192 tokens in 0.002 seconds [3m(lmcache_driven_transfer.py:1284:lmcache.v1.multiprocess.modules.lmcache_driven_transfer)[0m
[32;20m[2026-09-03 13:03:20,749] LMCache INFO:[0m Stored 8192 tokens in 0.002 seconds [3m(lmcache_driven_transfer.py:1284:lmcache.v1.multiprocess.modules.lmcache_driven_transfer)[0m
[32;20m[2026-09-03 13:03:20,807] LMCache INFO:[0m Stored 8192 tokens in 0.020 seconds [3m(lmcache_driven_transfer.py:1284:lmcache.v1.multiprocess.modules.lmcache_driven_transfer)[0m
[32;20m[2026-09-03 13:03:20,808] LMCache INFO:[0m Stored 8192 tokens in 0.026 seconds [3m(lmcache_driven_transfer.py:1284:lmcache.v1.multiprocess.modules.lmcache_driven_transfer)[0m
[32;20m[2026-09-03 13:03:20,809] LMCache INFO:[0m Stored 8192 tokens in 0.018 seconds [3m(lmcache_driven_transfer.py:1284:lmcache.v1.multiprocess.modules.lmcache_driven_transfer)[0m
[32;20m[2026-09-03 13:03:20,809] LMCache INFO:[0m Stored 8192 tokens in 0.024 seconds [3m(lmcache_driven_transfer.py:1284:lmcache.v1.multiprocess.modules.lmcache_driven_transfer)[0m
[32;20m[2026-09-03 13:03:20,809] LMCache INFO:[0m Stored 8192 tokens in 0.024 seconds [3m(lmcache_driven_transfer.py:1284:lmcache.v1.multiprocess.modules.lmcache_driven_transfer)[0m
[32;20m[2026-09-03 13:03:20,811] LMCache INFO:[0m Stored 8192 tokens in 0.012 seconds [3m(lmcache_driven_transfer.py:1284:lmcache.v1.multiprocess.modules.lmcache_driven_transfer)[0m
[32;20m[2026-09-03 13:03:20,828] LMCache INFO:[0m Stored 8192 tokens in 0.002 seconds [3m(lmcache_driven_transfer.py:1284:lmcache.v1.multiprocess.modules.lmcache_driven_transfer)[0m
[32;20m[2026-09-03 13:03:20,838] LMCache INFO:[0m Stored 8192 tokens in 0.002 seconds [3m(lmcache_driven_transfer.py:1284:lmcache.v1.multiprocess.modules.lmcache_driven_transfer)[0m
[32;20m[2026-09-03 13:03:20,888] LMCache INFO:[0m Stored 8192 tokens in 0.008 seconds [3m(lmcache_driven_transfer.py:1284:lmcache.v1.multiprocess.modules.lmcache_driven_transfer)[0m
[32;20m[2026-09-03 13:03:20,888] LMCache INFO:[0m Stored 8192 tokens in 0.015 seconds [3m(lmcache_driven_transfer.py:1284:lmcache.v1.multiprocess.modules.lmcache_driven_transfer)[0m
[32;20m[2026-09-03 13:03:20,891] LMCache INFO:[0m Stored 8192 tokens in 0.016 seconds [3m(lmcache_driven_transfer.py:1284:lmcache.v1.multiprocess.modules.lmcache_driven_transfer)[0m
[32;20m[2026-09-03 13:03:20,891] LMCache INFO:[0m Stored 8192 tokens in 0.015 seconds [3m(lmcache_driven_transfer.py:1284:lmcache.v1.multiprocess.modules.lmcache_driven_transfer)[0m
[32;20m[2026-09-03 13:03:20,896] LMCache INFO:[0m Stored 8192 tokens in 0.014 seconds [3m(lmcache_driven_transfer.py:1284:lmcache.v1.multiprocess.modules.lmcache_driven_transfer)[0m
[32;20m[2026-09-03 13:03:20,897] LMCache INFO:[0m Stored 8192 tokens in 0.007 seconds [3m(lmcache_driven_transfer.py:1284:lmcache.v1.multiprocess.modules.lmcache_driven_transfer)[0m
[32;20m[2026-09-03 13:03:20,916] LMCache INFO:[0m Stored 8192 tokens in 0.002 seconds [3m(lmcache_driven_transfer.py:1284:lmcache.v1.multiprocess.modules.lmcache_driven_transfer)[0m
[32;20m[2026-09-03 13:03:20,927] LMCache INFO:[0m Stored 8192 tokens in 0.002 seconds [3m(lmcache_driven_transfer.py:1284:lmcache.v1.multiprocess.modules.lmcache_driven_transfer)[0m
[32;20m[2026-09-03 13:03:20,979] LMCache INFO:[0m Stored 8192 tokens in 0.012 seconds [3m(lmcache_driven_transfer.py:1284:lmcache.v1.multiprocess.modules.lmcache_driven_transfer)[0m
[32;20m[2026-09-03 13:03:20,981] LMCache INFO:[0m Stored 8192 tokens in 0.009 seconds [3m(lmcache_driven_transfer.py:1284:lmcache.v1.multiprocess.modules.lmcache_driven_transfer)[0m
[32;20m[2026-09-03 13:03:20,982] LMCache INFO:[0m Stored 8192 tokens in 0.006 seconds [3m(lmcache_driven_transfer.py:1284:lmcache.v1.multiprocess.modules.lmcache_driven_transfer)[0m
[32;20m[2026-09-03 13:03:20,982] LMCache INFO:[0m Stored 8192 tokens in 0.013 seconds [3m(lmcache_driven_transfer.py:1284:lmcache.v1.multiprocess.modules.lmcache_driven_transfer)[0m
[32;20m[2026-09-03 13:03:20,983] LMCache INFO:[0m Stored 8192 tokens in 0.012 seconds [3m(lmcache_driven_transfer.py:1284:lmcache.v1.multiprocess.modules.lmcache_driven_transfer)[0m
[32;20m[2026-09-03 13:03:20,990] LMCache INFO:[0m Stored 8192 tokens in 0.005 seconds [3m(lmcache_driven_transfer.py:1284:lmcache.v1.multiprocess.modules.lmcache_driven_transfer)[0m
[32;20m[2026-09-03 13:03:21,006] LMCache INFO:[0m Stored 8192 tokens in 0.002 seconds [3m(lmcache_driven_transfer.py:1284:lmcache.v1.multiprocess.modules.lmcache_driven_transfer)[0m
[32;20m[2026-09-03 13:03:21,016] LMCache INFO:[0m Stored 8192 tokens in 0.002 seconds [3m(lmcache_driven_transfer.py:1284:lmcache.v1.multiprocess.modules.lmcache_driven_transfer)[0m
[32;20m[2026-09-03 13:03:21,082] LMCache INFO:[0m Stored 8192 tokens in 0.017 seconds [3m(lmcache_driven_transfer.py:1284:lmcache.v1.multiprocess.modules.lmcache_driven_transfer)[0m
[32;20m[2026-09-03 13:03:21,085] LMCache INFO:[0m Stored 8192 tokens in 0.010 seconds [3m(lmcache_driven_transfer.py:1284:lmcache.v1.multiprocess.modules.lmcache_driven_transfer)[0m
[32;20m[2026-09-03 13:03:21,086] LMCache INFO:[0m Stored 8192 tokens in 0.019 seconds [3m(lmcache_driven_transfer.py:1284:lmcache.v1.multiprocess.modules.lmcache_driven_transfer)[0m
[32;20m[2026-09-03 13:03:21,092] LMCache INFO:[0m Stored 8192 tokens in 0.021 seconds [3m(lmcache_driven_transfer.py:1284:lmcache.v1.multiprocess.modules.lmcache_driven_transfer)[0m
[32;20m[2026-09-03 13:03:21,096] LMCache INFO:[0m Stored 8192 tokens in 0.017 seconds [3m(lmcache_driven_transfer.py:1284:lmcache.v1.multiprocess.modules.lmcache_driven_transfer)[0m
[32;20m[2026-09-03 13:03:21,103] LMCache INFO:[0m Stored 8192 tokens in 0.023 seconds [3m(lmcache_driven_transfer.py:1284:lmcache.v1.multiprocess.modules.lmcache_driven_transfer)[0m
[32;20m[2026-09-03 13:03:21,107] LMCache INFO:[0m Stored 8192 tokens in 0.009 seconds [3m(lmcache_driven_transfer.py:1284:lmcache.v1.multiprocess.modules.lmcache_driven_transfer)[0m
[32;20m[2026-09-03 13:03:21,110] LMCache INFO:[0m Stored 8192 tokens in 0.006 seconds [3m(lmcache_driven_transfer.py:1284:lmcache.v1.multiprocess.modules.lmcache_driven_transfer)[0m
[32;20m[2026-09-03 13:03:21,166] LMCache INFO:[0m Stored 8192 tokens in 0.002 seconds [3m(lmcache_driven_transfer.py:1284:lmcache.v1.multiprocess.modules.lmcache_driven_transfer)[0m
[32;20m[2026-09-03 13:03:21,272] LMCache INFO:[0m L1 memory usage 0.83 above watermark 0.80; triggering eviction. [3m(eviction_controller.py:179:lmcache.v1.distributed.storage_controllers.eviction_controller)[0m
[32;20m[2026-09-03 13:03:21,277] LMCache INFO:[0m Stored 8192 tokens in 0.020 seconds [3m(lmcache_driven_transfer.py:1284:lmcache.v1.multiprocess.modules.lmcache_driven_transfer)[0m
[32;20m[2026-09-03 13:03:21,279] LMCache INFO:[0m Stored 8192 tokens in 0.015 seconds [3m(lmcache_driven_transfer.py:1284:lmcache.v1.multiprocess.modules.lmcache_driven_transfer)[0m
[32;20m[2026-09-03 13:03:21,279] LMCache INFO:[0m Stored 8192 tokens in 0.024 seconds [3m(lmcache_driven_transfer.py:1284:lmcache.v1.multiprocess.modules.lmcache_driven_transfer)[0m
[32;20m[2026-09-03 13:03:21,280] LMCache INFO:[0m Stored 8192 tokens in 0.020 seconds [3m(lmcache_driven_transfer.py:1284:lmcache.v1.multiprocess.modules.lmcache_driven_transfer)[0m
[32;20m[2026-09-03 13:03:21,282] LMCache INFO:[0m Stored 8192 tokens in 0.021 seconds [3m(lmcache_driven_transfer.py:1284:lmcache.v1.multiprocess.modules.lmcache_driven_transfer)[0m
[32;20m[2026-09-03 13:03:21,294] LMCache INFO:[0m Stored 8192 tokens in 0.003 seconds [3m(lmcache_driven_transfer.py:1284:lmcache.v1.multiprocess.modules.lmcache_driven_transfer)[0m
[32;20m[2026-09-03 13:03:21,294] LMCache INFO:[0m Stored 8192 tokens in 0.005 seconds [3m(lmcache_driven_transfer.py:1284:lmcache.v1.multiprocess.modules.lmcache_driven_transfer)[0m
[32;20m[2026-09-03 13:03:21,347] LMCache INFO:[0m Stored 8192 tokens in 0.014 seconds [3m(lmcache_driven_transfer.py:1284:lmcache.v1.multiprocess.modules.lmcache_driven_transfer)[0m
[32;20m[2026-09-03 13:03:21,347] LMCache INFO:[0m Stored 8192 tokens in 0.011 seconds [3m(lmcache_driven_transfer.py:1284:lmcache.v1.multiprocess.modules.lmcache_driven_transfer)[0m
[32;20m[2026-09-03 13:03:21,350] LMCache INFO:[0m Stored 8192 tokens in 0.015 seconds [3m(lmcache_driven_transfer.py:1284:lmcache.v1.multiprocess.modules.lmcache_driven_transfer)[0m
[32;20m[2026-09-03 13:03:21,351] LMCache INFO:[0m Stored 8192 tokens in 0.013 seconds [3m(lmcache_driven_transfer.py:1284:lmcache.v1.multiprocess.modules.lmcache_driven_transfer)[0m
[32;20m[2026-09-03 13:03:21,354] LMCache INFO:[0m Stored 8192 tokens in 0.013 seconds [3m(lmcache_driven_transfer.py:1284:lmcache.v1.multiprocess.modules.lmcache_driven_transfer)[0m
[32;20m[2026-09-03 13:03:21,358] LMCache INFO:[0m Stored 8192 tokens in 0.009 seconds [3m(lmcache_driven_transfer.py:1284:lmcache.v1.multiprocess.modules.lmcache_driven_transfer)[0m
[32;20m[2026-09-03 13:03:21,381] LMCache INFO:[0m Stored 8192 tokens in 0.003 seconds [3m(lmcache_driven_transfer.py:1284:lmcache.v1.multiprocess.modules.lmcache_driven_transfer)[0m
[32;20m[2026-09-03 13:03:21,384] LMCache INFO:[0m Stored 8192 tokens in 0.002 seconds [3m(lmcache_driven_transfer.py:1284:lmcache.v1.multiprocess.modules.lmcache_driven_transfer)[0m
[32;20m[2026-09-03 13:03:21,436] LMCache INFO:[0m Stored 8192 tokens in 0.014 seconds [3m(lmcache_driven_transfer.py:1284:lmcache.v1.multiprocess.modules.lmcache_driven_transfer)[0m
[32;20m[2026-09-03 13:03:21,436] LMCache INFO:[0m Stored 8192 tokens in 0.012 seconds [3m(lmcache_driven_transfer.py:1284:lmcache.v1.multiprocess.modules.lmcache_driven_transfer)[0m
[32;20m[2026-09-03 13:03:21,437] LMCache INFO:[0m Stored 8192 tokens in 0.012 seconds [3m(lmcache_driven_transfer.py:1284:lmcache.v1.multiprocess.modules.lmcache_driven_transfer)[0m
[32;20m[2026-09-03 13:03:21,438] LMCache INFO:[0m Stored 8192 tokens in 0.008 seconds [3m(lmcache_driven_transfer.py:1284:lmcache.v1.multiprocess.modules.lmcache_driven_transfer)[0m
[32;20m[2026-09-03 13:03:21,441] LMCache INFO:[0m Stored 8192 tokens in 0.013 seconds [3m(lmcache_driven_transfer.py:1284:lmcache.v1.multiprocess.modules.lmcache_driven_transfer)[0m
[32;20m[2026-09-03 13:03:21,445] LMCache INFO:[0m Stored 8192 tokens in 0.006 seconds [3m(lmcache_driven_transfer.py:1284:lmcache.v1.multiprocess.modules.lmcache_driven_transfer)[0m
[32;20m[2026-09-03 13:03:21,475] LMCache INFO:[0m Stored 8192 tokens in 0.005 seconds [3m(lmcache_driven_transfer.py:1284:lmcache.v1.multiprocess.modules.lmcache_driven_transfer)[0m
[32;20m[2026-09-03 13:03:21,475] LMCache INFO:[0m Stored 8192 tokens in 0.004 seconds [3m(lmcache_driven_transfer.py:1284:lmcache.v1.multiprocess.modules.lmcache_driven_transfer)[0m
[32;20m[2026-09-03 13:03:21,538] LMCache INFO:[0m Stored 8192 tokens in 0.019 seconds [3m(lmcache_driven_transfer.py:1284:lmcache.v1.multiprocess.modules.lmcache_driven_transfer)[0m
[32;20m[2026-09-03 13:03:21,540] LMCache INFO:[0m Stored 8192 tokens in 0.022 seconds [3m(lmcache_driven_transfer.py:1284:lmcache.v1.multiprocess.modules.lmcache_driven_transfer)[0m
[32;20m[2026-09-03 13:03:21,541] LMCache INFO:[0m Stored 8192 tokens in 0.019 seconds [3m(lmcache_driven_transfer.py:1284:lmcache.v1.multiprocess.modules.lmcache_driven_transfer)[0m
[32;20m[2026-09-03 13:03:21,541] LMCache INFO:[0m Stored 8192 tokens in 0.026 seconds [3m(lmcache_driven_transfer.py:1284:lmcache.v1.multiprocess.modules.lmcache_driven_transfer)[0m
[32;20m[2026-09-03 13:03:21,543] LMCache INFO:[0m Stored 8192 tokens in 0.019 seconds [3m(lmcache_driven_transfer.py:1284:lmcache.v1.multiprocess.modules.lmcache_driven_transfer)[0m
[32;20m[2026-09-03 13:03:21,544] LMCache INFO:[0m Stored 8192 tokens in 0.010 seconds [3m(lmcache_driven_transfer.py:1284:lmcache.v1.multiprocess.modules.lmcache_driven_transfer)[0m
[32;20m[2026-09-03 13:03:21,563] LMCache INFO:[0m Stored 8192 tokens in 0.005 seconds [3m(lmcache_driven_transfer.py:1284:lmcache.v1.multiprocess.modules.lmcache_driven_transfer)[0m
[32;20m[2026-09-03 13:03:21,563] LMCache INFO:[0m Stored 8192 tokens in 0.004 seconds [3m(lmcache_driven_transfer.py:1284:lmcache.v1.multiprocess.modules.lmcache_driven_transfer)[0m
[32;20m[2026-09-03 13:03:21,619] LMCache INFO:[0m Stored 8192 tokens in 0.012 seconds [3m(lmcache_driven_transfer.py:1284:lmcache.v1.multiprocess.modules.lmcache_driven_transfer)[0m
[32;20m[2026-09-03 13:03:21,623] LMCache INFO:[0m Stored 8192 tokens in 0.014 seconds [3m(lmcache_driven_transfer.py:1284:lmcache.v1.multiprocess.modules.lmcache_driven_transfer)[0m
[32;20m[2026-09-03 13:03:21,626] LMCache INFO:[0m Stored 8192 tokens in 0.015 seconds [3m(lmcache_driven_transfer.py:1284:lmcache.v1.multiprocess.modules.lmcache_driven_transfer)[0m
[32;20m[2026-09-03 13:03:21,628] LMCache INFO:[0m Stored 8192 tokens in 0.017 seconds [3m(lmcache_driven_transfer.py:1284:lmcache.v1.multiprocess.modules.lmcache_driven_transfer)[0m
[32;20m[2026-09-03 13:03:21,630] LMCache INFO:[0m Stored 8192 tokens in 0.020 seconds [3m(lmcache_driven_transfer.py:1284:lmcache.v1.multiprocess.modules.lmcache_driven_transfer)[0m
[32;20m[2026-09-03 13:03:21,630] LMCache INFO:[0m Stored 8192 tokens in 0.008 seconds [3m(lmcache_driven_transfer.py:1284:lmcache.v1.multiprocess.modules.lmcache_driven_transfer)[0m
[32;20m[2026-09-03 13:03:21,647] LMCache INFO:[0m Stored 8192 tokens in 0.002 seconds [3m(lmcache_driven_transfer.py:1284:lmcache.v1.multiprocess.modules.lmcache_driven_transfer)[0m
[32;20m[2026-09-03 13:03:21,650] LMCache INFO:[0m Stored 8192 tokens in 0.002 seconds [3m(lmcache_driven_transfer.py:1284:lmcache.v1.multiprocess.modules.lmcache_driven_transfer)[0m
[32;20m[2026-09-03 13:03:21,716] LMCache INFO:[0m Stored 8192 tokens in 0.014 seconds [3m(lmcache_driven_transfer.py:1284:lmcache.v1.multiprocess.modules.lmcache_driven_transfer)[0m
[32;20m[2026-09-03 13:03:21,720] LMCache INFO:[0m Stored 8192 tokens in 0.010 seconds [3m(lmcache_driven_transfer.py:1284:lmcache.v1.multiprocess.modules.lmcache_driven_transfer)[0m
[32;20m[2026-09-03 13:03:21,721] LMCache INFO:[0m Stored 8192 tokens in 0.015 seconds [3m(lmcache_driven_transfer.py:1284:lmcache.v1.multiprocess.modules.lmcache_driven_transfer)[0m
[32;20m[2026-09-03 13:03:21,721] LMCache INFO:[0m Stored 8192 tokens in 0.018 seconds [3m(lmcache_driven_transfer.py:1284:lmcache.v1.multiprocess.modules.lmcache_driven_transfer)[0m
[32;20m[2026-09-03 13:03:21,729] LMCache INFO:[0m Stored 8192 tokens in 0.021 seconds [3m(lmcache_driven_transfer.py:1284:lmcache.v1.multiprocess.modules.lmcache_driven_transfer)[0m
[32;20m[2026-09-03 13:03:21,737] LMCache INFO:[0m Stored 8192 tokens in 0.022 seconds [3m(lmcache_driven_transfer.py:1284:lmcache.v1.multiprocess.modules.lmcache_driven_transfer)[0m
[32;20m[2026-09-03 13:03:21,743] LMCache INFO:[0m Stored 8192 tokens in 0.007 seconds [3m(lmcache_driven_transfer.py:1284:lmcache.v1.multiprocess.modules.lmcache_driven_transfer)[0m
[32;20m[2026-09-03 13:03:21,744] LMCache INFO:[0m Stored 8192 tokens in 0.004 seconds [3m(lmcache_driven_transfer.py:1284:lmcache.v1.multiprocess.modules.lmcache_driven_transfer)[0m
[32;20m[2026-09-03 13:03:21,803] LMCache INFO:[0m Stored 8192 tokens in 0.002 seconds [3m(lmcache_driven_transfer.py:1284:lmcache.v1.multiprocess.modules.lmcache_driven_transfer)[0m
[32;20m[2026-09-03 13:03:21,832] LMCache INFO:[0m Stored 8192 tokens in 0.014 seconds [3m(lmcache_driven_transfer.py:1284:lmcache.v1.multiprocess.modules.lmcache_driven_transfer)[0m
[32;20m[2026-09-03 13:03:21,834] LMCache INFO:[0m Stored 8192 tokens in 0.022 seconds [3m(lmcache_driven_transfer.py:1284:lmcache.v1.multiprocess.modules.lmcache_driven_transfer)[0m
[32;20m[2026-09-03 13:03:21,835] LMCache INFO:[0m Stored 8192 tokens in 0.024 seconds [3m(lmcache_driven_transfer.py:1284:lmcache.v1.multiprocess.modules.lmcache_driven_transfer)[0m
[32;20m[2026-09-03 13:03:21,836] LMCache INFO:[0m Stored 8192 tokens in 0.022 seconds [3m(lmcache_driven_transfer.py:1284:lmcache.v1.multiprocess.modules.lmcache_driven_transfer)[0m
[32;20m[2026-09-03 13:03:21,837] LMCache INFO:[0m Stored 8192 tokens in 0.021 seconds [3m(lmcache_driven_transfer.py:1284:lmcache.v1.multiprocess.modules.lmcache_driven_transfer)[0m
[32;20m[2026-09-03 13:03:21,842] LMCache INFO:[0m Stored 8192 tokens in 0.008 seconds [3m(lmcache_driven_transfer.py:1284:lmcache.v1.multiprocess.modules.lmcache_driven_transfer)[0m
[32;20m[2026-09-03 13:03:21,843] LMCache INFO:[0m Stored 8192 tokens in 0.004 seconds [3m(lmcache_driven_transfer.py:1284:lmcache.v1.multiprocess.modules.lmcache_driven_transfer)[0m
[32;20m[2026-09-03 13:03:21,895] LMCache INFO:[0m Stored 8192 tokens in 0.002 seconds [3m(lmcache_driven_transfer.py:1284:lmcache.v1.multiprocess.modules.lmcache_driven_transfer)[0m
[32;20m[2026-09-03 13:03:21,912] LMCache INFO:[0m Stored 8192 tokens in 0.015 seconds [3m(lmcache_driven_transfer.py:1284:lmcache.v1.multiprocess.modules.lmcache_driven_transfer)[0m
[32;20m[2026-09-03 13:03:21,913] LMCache INFO:[0m Stored 8192 tokens in 0.010 seconds [3m(lmcache_driven_transfer.py:1284:lmcache.v1.multiprocess.modules.lmcache_driven_transfer)[0m
[32;20m[2026-09-03 13:03:21,914] LMCache INFO:[0m Stored 8192 tokens in 0.009 seconds [3m(lmcache_driven_transfer.py:1284:lmcache.v1.multiprocess.modules.lmcache_driven_transfer)[0m
[32;20m[2026-09-03 13:03:21,914] LMCache INFO:[0m Stored 8192 tokens in 0.012 seconds [3m(lmcache_driven_transfer.py:1284:lmcache.v1.multiprocess.modules.lmcache_driven_transfer)[0m
[32;20m[2026-09-03 13:03:21,915] LMCache INFO:[0m Stored 8192 tokens in 0.013 seconds [3m(lmcache_driven_transfer.py:1284:lmcache.v1.multiprocess.modules.lmcache_driven_transfer)[0m
[32;20m[2026-09-03 13:03:21,928] LMCache INFO:[0m Stored 8192 tokens in 0.005 seconds [3m(lmcache_driven_transfer.py:1284:lmcache.v1.multiprocess.modules.lmcache_driven_transfer)[0m
[32;20m[2026-09-03 13:03:21,929] LMCache INFO:[0m Stored 8192 tokens in 0.004 seconds [3m(lmcache_driven_transfer.py:1284:lmcache.v1.multiprocess.modules.lmcache_driven_transfer)[0m
[32;20m[2026-09-03 13:03:22,004] LMCache INFO:[0m Stored 8192 tokens in 0.021 seconds [3m(lmcache_driven_transfer.py:1284:lmcache.v1.multiprocess.modules.lmcache_driven_transfer)[0m
[32;20m[2026-09-03 13:03:22,005] LMCache INFO:[0m Stored 8192 tokens in 0.024 seconds [3m(lmcache_driven_transfer.py:1284:lmcache.v1.multiprocess.modules.lmcache_driven_transfer)[0m
[32;20m[2026-09-03 13:03:22,006] LMCache INFO:[0m Stored 8192 tokens in 0.018 seconds [3m(lmcache_driven_transfer.py:1284:lmcache.v1.multiprocess.modules.lmcache_driven_transfer)[0m
[32;20m[2026-09-03 13:03:22,007] LMCache INFO:[0m Stored 8192 tokens in 0.015 seconds [3m(lmcache_driven_transfer.py:1284:lmcache.v1.multiprocess.modules.lmcache_driven_transfer)[0m
[32;20m[2026-09-03 13:03:22,007] LMCache INFO:[0m Stored 8192 tokens in 0.013 seconds [3m(lmcache_driven_transfer.py:1284:lmcache.v1.multiprocess.modules.lmcache_driven_transfer)[0m
[32;20m[2026-09-03 13:03:22,008] LMCache INFO:[0m Stored 8192 tokens in 0.022 seconds [3m(lmcache_driven_transfer.py:1284:lmcache.v1.multiprocess.modules.lmcache_driven_transfer)[0m
[32;20m[2026-09-03 13:03:22,012] LMCache INFO:[0m Stored 8192 tokens in 0.002 seconds [3m(lmcache_driven_transfer.py:1284:lmcache.v1.multiprocess.modules.lmcache_driven_transfer)[0m
[32;20m[2026-09-03 13:03:22,016] LMCache INFO:[0m Stored 8192 tokens in 0.002 seconds [3m(lmcache_driven_transfer.py:1284:lmcache.v1.multiprocess.modules.lmcache_driven_transfer)[0m
[32;20m[2026-09-03 13:03:22,071] LMCache INFO:[0m Stored 8192 tokens in 0.013 seconds [3m(lmcache_driven_transfer.py:1284:lmcache.v1.multiprocess.modules.lmcache_driven_transfer)[0m
[32;20m[2026-09-03 13:03:22,074] LMCache INFO:[0m Stored 8192 tokens in 0.012 seconds [3m(lmcache_driven_transfer.py:1284:lmcache.v1.multiprocess.modules.lmcache_driven_transfer)[0m
[32;20m[2026-09-03 13:03:22,074] LMCache INFO:[0m Stored 8192 tokens in 0.018 seconds [3m(lmcache_driven_transfer.py:1284:lmcache.v1.multiprocess.modules.lmcache_driven_transfer)[0m
[32;20m[2026-09-03 13:03:22,076] LMCache INFO:[0m Stored 8192 tokens in 0.017 seconds [3m(lmcache_driven_transfer.py:1284:lmcache.v1.multiprocess.modules.lmcache_driven_transfer)[0m
[32;20m[2026-09-03 13:03:22,078] LMCache INFO:[0m Stored 8192 tokens in 0.020 seconds [3m(lmcache_driven_transfer.py:1284:lmcache.v1.multiprocess.modules.lmcache_driven_transfer)[0m
[32;20m[2026-09-03 13:03:22,081] LMCache INFO:[0m Stored 8192 tokens in 0.008 seconds [3m(lmcache_driven_transfer.py:1284:lmcache.v1.multiprocess.modules.lmcache_driven_transfer)[0m
[32;20m[2026-09-03 13:03:22,099] LMCache INFO:[0m Stored 8192 tokens in 0.002 seconds [3m(lmcache_driven_transfer.py:1284:lmcache.v1.multiprocess.modules.lmcache_driven_transfer)[0m
[32;20m[2026-09-03 13:03:22,108] LMCache INFO:[0m Stored 8192 tokens in 0.002 seconds [3m(lmcache_driven_transfer.py:1284:lmcache.v1.multiprocess.modules.lmcache_driven_transfer)[0m
[32;20m[2026-09-03 13:03:22,161] LMCache INFO:[0m Stored 8192 tokens in 0.012 seconds [3m(lmcache_driven_transfer.py:1284:lmcache.v1.multiprocess.modules.lmcache_driven_transfer)[0m
[32;20m[2026-09-03 13:03:22,161] LMCache INFO:[0m Stored 8192 tokens in 0.009 seconds [3m(lmcache_driven_transfer.py:1284:lmcache.v1.multiprocess.modules.lmcache_driven_transfer)[0m
[32;20m[2026-09-03 13:03:22,162] LMCache INFO:[0m Stored 8192 tokens in 0.016 seconds [3m(lmcache_driven_transfer.py:1284:lmcache.v1.multiprocess.modules.lmcache_driven_transfer)[0m
[32;20m[2026-09-03 13:03:22,166] LMCache INFO:[0m Stored 8192 tokens in 0.015 seconds [3m(lmcache_driven_transfer.py:1284:lmcache.v1.multiprocess.modules.lmcache_driven_transfer)[0m
[32;20m[2026-09-03 13:03:22,166] LMCache INFO:[0m Stored 8192 tokens in 0.011 seconds [3m(lmcache_driven_transfer.py:1284:lmcache.v1.multiprocess.modules.lmcache_driven_transfer)[0m
[32;20m[2026-09-03 13:03:22,170] LMCache INFO:[0m Stored 8192 tokens in 0.008 seconds [3m(lmcache_driven_transfer.py:1284:lmcache.v1.multiprocess.modules.lmcache_driven_transfer)[0m
[32;20m[2026-09-03 13:03:22,187] LMCache INFO:[0m Stored 8192 tokens in 0.002 seconds [3m(lmcache_driven_transfer.py:1284:lmcache.v1.multiprocess.modules.lmcache_driven_transfer)[0m
[32;20m[2026-09-03 13:03:22,196] LMCache INFO:[0m Stored 8192 tokens in 0.002 seconds [3m(lmcache_driven_transfer.py:1284:lmcache.v1.multiprocess.modules.lmcache_driven_transfer)[0m
[32;20m[2026-09-03 13:03:22,246] LMCache INFO:[0m Stored 8192 tokens in 0.011 seconds [3m(lmcache_driven_transfer.py:1284:lmcache.v1.multiprocess.modules.lmcache_driven_transfer)[0m
[32;20m[2026-09-03 13:03:22,249] LMCache INFO:[0m Stored 8192 tokens in 0.008 seconds [3m(lmcache_driven_transfer.py:1284:lmcache.v1.multiprocess.modules.lmcache_driven_transfer)[0m
[32;20m[2026-09-03 13:03:22,250] LMCache INFO:[0m Stored 8192 tokens in 0.008 seconds [3m(lmcache_driven_transfer.py:1284:lmcache.v1.multiprocess.modules.lmcache_driven_transfer)[0m
[32;20m[2026-09-03 13:03:22,250] LMCache INFO:[0m Stored 8192 tokens in 0.014 seconds [3m(lmcache_driven_transfer.py:1284:lmcache.v1.multiprocess.modules.lmcache_driven_transfer)[0m
[32;20m[2026-09-03 13:03:22,253] LMCache INFO:[0m Stored 8192 tokens in 0.010 seconds [3m(lmcache_driven_transfer.py:1284:lmcache.v1.multiprocess.modules.lmcache_driven_transfer)[0m
[32;20m[2026-09-03 13:03:22,259] LMCache INFO:[0m Stored 8192 tokens in 0.008 seconds [3m(lmcache_driven_transfer.py:1284:lmcache.v1.multiprocess.modules.lmcache_driven_transfer)[0m
[32;20m[2026-09-03 13:03:22,275] LMCache INFO:[0m Stored 8192 tokens in 0.002 seconds [3m(lmcache_driven_transfer.py:1284:lmcache.v1.multiprocess.modules.lmcache_driven_transfer)[0m
[32;20m[2026-09-03 13:03:22,281] LMCache INFO:[0m L1 memory usage 0.87 above watermark 0.80; triggering eviction. [3m(eviction_controller.py:179:lmcache.v1.distributed.storage_controllers.eviction_controller)[0m
[32;20m[2026-09-03 13:03:22,287] LMCache INFO:[0m Stored 8192 tokens in 0.002 seconds [3m(lmcache_driven_transfer.py:1284:lmcache.v1.multiprocess.modules.lmcache_driven_transfer)[0m
[32;20m[2026-09-03 13:03:22,346] LMCache INFO:[0m Stored 8192 tokens in 0.016 seconds [3m(lmcache_driven_transfer.py:1284:lmcache.v1.multiprocess.modules.lmcache_driven_transfer)[0m
[32;20m[2026-09-03 13:03:22,347] LMCache INFO:[0m Stored 8192 tokens in 0.011 seconds [3m(lmcache_driven_transfer.py:1284:lmcache.v1.multiprocess.modules.lmcache_driven_transfer)[0m
[32;20m[2026-09-03 13:03:22,348] LMCache INFO:[0m Stored 8192 tokens in 0.016 seconds [3m(lmcache_driven_transfer.py:1284:lmcache.v1.multiprocess.modules.lmcache_driven_transfer)[0m
[32;20m[2026-09-03 13:03:22,349] LMCache INFO:[0m Stored 8192 tokens in 0.012 seconds [3m(lmcache_driven_transfer.py:1284:lmcache.v1.multiprocess.modules.lmcache_driven_transfer)[0m
[32;20m[2026-09-03 13:03:22,350] LMCache INFO:[0m Stored 8192 tokens in 0.015 seconds [3m(lmcache_driven_transfer.py:1284:lmcache.v1.multiprocess.modules.lmcache_driven_transfer)[0m
[32;20m[2026-09-03 13:03:22,358] LMCache INFO:[0m Stored 8192 tokens in 0.016 seconds [3m(lmcache_driven_transfer.py:1284:lmcache.v1.multiprocess.modules.lmcache_driven_transfer)[0m
[32;20m[2026-09-03 13:03:22,367] LMCache INFO:[0m Stored 8192 tokens in 0.002 seconds [3m(lmcache_driven_transfer.py:1284:lmcache.v1.multiprocess.modules.lmcache_driven_transfer)[0m
[32;20m[2026-09-03 13:03:22,374] LMCache INFO:[0m Stored 8192 tokens in 0.002 seconds [3m(lmcache_driven_transfer.py:1284:lmcache.v1.multiprocess.modules.lmcache_driven_transfer)[0m
[32;20m[2026-09-03 13:03:22,433] LMCache INFO:[0m Stored 8192 tokens in 0.002 seconds [3m(lmcache_driven_transfer.py:1284:lmcache.v1.multiprocess.modules.lmcache_driven_transfer)[0m
[32;20m[2026-09-03 13:03:22,447] LMCache INFO:[0m Stored 8192 tokens in 0.013 seconds [3m(lmcache_driven_transfer.py:1284:lmcache.v1.multiprocess.modules.lmcache_driven_transfer)[0m
[32;20m[2026-09-03 13:03:22,448] LMCache INFO:[0m Stored 8192 tokens in 0.011 seconds [3m(lmcache_driven_transfer.py:1284:lmcache.v1.multiprocess.modules.lmcache_driven_transfer)[0m
[32;20m[2026-09-03 13:03:22,450] LMCache INFO:[0m Stored 8192 tokens in 0.010 seconds [3m(lmcache_driven_transfer.py:1284:lmcache.v1.multiprocess.modules.lmcache_driven_transfer)[0m
[32;20m[2026-09-03 13:03:22,455] LMCache INFO:[0m Stored 8192 tokens in 0.016 seconds [3m(lmcache_driven_transfer.py:1284:lmcache.v1.multiprocess.modules.lmcache_driven_transfer)[0m
[32;20m[2026-09-03 13:03:22,455] LMCache INFO:[0m Stored 8192 tokens in 0.010 seconds [3m(lmcache_driven_transfer.py:1284:lmcache.v1.multiprocess.modules.lmcache_driven_transfer)[0m
[32;20m[2026-09-03 13:03:22,460] LMCache INFO:[0m Stored 8192 tokens in 0.002 seconds [3m(lmcache_driven_transfer.py:1284:lmcache.v1.multiprocess.modules.lmcache_driven_transfer)[0m
[32;20m[2026-09-03 13:03:22,466] LMCache INFO:[0m Stored 8192 tokens in 0.002 seconds [3m(lmcache_driven_transfer.py:1284:lmcache.v1.multiprocess.modules.lmcache_driven_transfer)[0m
[32;20m[2026-09-03 13:03:22,527] LMCache INFO:[0m Stored 8192 tokens in 0.002 seconds [3m(lmcache_driven_transfer.py:1284:lmcache.v1.multiprocess.modules.lmcache_driven_transfer)[0m
[32;20m[2026-09-03 13:03:22,554] LMCache INFO:[0m Stored 8192 tokens in 0.019 seconds [3m(lmcache_driven_transfer.py:1284:lmcache.v1.multiprocess.modules.lmcache_driven_transfer)[0m
[32;20m[2026-09-03 13:03:22,564] LMCache INFO:[0m Stored 8192 tokens in 0.022 seconds [3m(lmcache_driven_transfer.py:1284:lmcache.v1.multiprocess.modules.lmcache_driven_transfer)[0m
[32;20m[2026-09-03 13:03:22,565] LMCache INFO:[0m Stored 8192 tokens in 0.025 seconds [3m(lmcache_driven_transfer.py:1284:lmcache.v1.multiprocess.modules.lmcache_driven_transfer)[0m
[32;20m[2026-09-03 13:03:22,566] LMCache INFO:[0m Stored 8192 tokens in 0.027 seconds [3m(lmcache_driven_transfer.py:1284:lmcache.v1.multiprocess.modules.lmcache_driven_transfer)[0m
[32;20m[2026-09-03 13:03:22,567] LMCache INFO:[0m Stored 8192 tokens in 0.029 seconds [3m(lmcache_driven_transfer.py:1284:lmcache.v1.multiprocess.modules.lmcache_driven_transfer)[0m
[32;20m[2026-09-03 13:03:22,568] LMCache INFO:[0m Stored 8192 tokens in 0.013 seconds [3m(lmcache_driven_transfer.py:1284:lmcache.v1.multiprocess.modules.lmcache_driven_transfer)[0m
[32;20m[2026-09-03 13:03:22,569] LMCache INFO:[0m Stored 8192 tokens in 0.021 seconds [3m(lmcache_driven_transfer.py:1284:lmcache.v1.multiprocess.modules.lmcache_driven_transfer)[0m
[32;20m[2026-09-03 13:03:22,617] LMCache INFO:[0m Stored 8192 tokens in 0.002 seconds [3m(lmcache_driven_transfer.py:1284:lmcache.v1.multiprocess.modules.lmcache_driven_transfer)[0m
[32;20m[2026-09-03 13:03:22,639] LMCache INFO:[0m Stored 8192 tokens in 0.017 seconds [3m(lmcache_driven_transfer.py:1284:lmcache.v1.multiprocess.modules.lmcache_driven_transfer)[0m
[32;20m[2026-09-03 13:03:22,639] LMCache INFO:[0m Stored 8192 tokens in 0.014 seconds [3m(lmcache_driven_transfer.py:1284:lmcache.v1.multiprocess.modules.lmcache_driven_transfer)[0m
[32;20m[2026-09-03 13:03:22,641] LMCache INFO:[0m Stored 8192 tokens in 0.008 seconds [3m(lmcache_driven_transfer.py:1284:lmcache.v1.multiprocess.modules.lmcache_driven_transfer)[0m
[32;20m[2026-09-03 13:03:22,642] LMCache INFO:[0m Stored 8192 tokens in 0.013 seconds [3m(lmcache_driven_transfer.py:1284:lmcache.v1.multiprocess.modules.lmcache_driven_transfer)[0m
[32;20m[2026-09-03 13:03:22,642] LMCache INFO:[0m Stored 8192 tokens in 0.008 seconds [3m(lmcache_driven_transfer.py:1284:lmcache.v1.multiprocess.modules.lmcache_driven_transfer)[0m
[32;20m[2026-09-03 13:03:22,648] LMCache INFO:[0m Stored 8192 tokens in 0.005 seconds [3m(lmcache_driven_transfer.py:1284:lmcache.v1.multiprocess.modules.lmcache_driven_transfer)[0m
[32;20m[2026-09-03 13:03:22,649] LMCache INFO:[0m Stored 8192 tokens in 0.003 seconds [3m(lmcache_driven_transfer.py:1284:lmcache.v1.multiprocess.modules.lmcache_driven_transfer)[0m
[32;20m[2026-09-03 13:03:22,702] LMCache INFO:[0m Stored 8192 tokens in 0.012 seconds [3m(lmcache_driven_transfer.py:1284:lmcache.v1.multiprocess.modules.lmcache_driven_transfer)[0m
[32;20m[2026-09-03 13:03:22,703] LMCache INFO:[0m Stored 8192 tokens in 0.012 seconds [3m(lmcache_driven_transfer.py:1284:lmcache.v1.multiprocess.modules.lmcache_driven_transfer)[0m
[32;20m[2026-09-03 13:03:22,705] LMCache INFO:[0m Stored 8192 tokens in 0.011 seconds [3m(lmcache_driven_transfer.py:1284:lmcache.v1.multiprocess.modules.lmcache_driven_transfer)[0m
[32;20m[2026-09-03 13:03:22,706] LMCache INFO:[0m Stored 8192 tokens in 0.009 seconds [3m(lmcache_driven_transfer.py:1284:lmcache.v1.multiprocess.modules.lmcache_driven_transfer)[0m
[32;20m[2026-09-03 13:03:22,711] LMCache INFO:[0m Stored 8192 tokens in 0.023 seconds [3m(lmcache_driven_transfer.py:1284:lmcache.v1.multiprocess.modules.lmcache_driven_transfer)[0m
[32;20m[2026-09-03 13:03:22,712] LMCache INFO:[0m Stored 8192 tokens in 0.008 seconds [3m(lmcache_driven_transfer.py:1284:lmcache.v1.multiprocess.modules.lmcache_driven_transfer)[0m
[32;20m[2026-09-03 13:03:22,735] LMCache INFO:[0m Stored 8192 tokens in 0.005 seconds [3m(lmcache_driven_transfer.py:1284:lmcache.v1.multiprocess.modules.lmcache_driven_transfer)[0m
[32;20m[2026-09-03 13:03:22,735] LMCache INFO:[0m Stored 8192 tokens in 0.003 seconds [3m(lmcache_driven_transfer.py:1284:lmcache.v1.multiprocess.modules.lmcache_driven_transfer)[0m
[32;20m[2026-09-03 13:03:22,793] LMCache INFO:[0m Stored 8192 tokens in 0.015 seconds [3m(lmcache_driven_transfer.py:1284:lmcache.v1.multiprocess.modules.lmcache_driven_transfer)[0m
[32;20m[2026-09-03 13:03:22,795] LMCache INFO:[0m Stored 8192 tokens in 0.010 seconds [3m(lmcache_driven_transfer.py:1284:lmcache.v1.multiprocess.modules.lmcache_driven_transfer)[0m
[32;20m[2026-09-03 13:03:22,796] LMCache INFO:[0m Stored 8192 tokens in 0.014 seconds [3m(lmcache_driven_transfer.py:1284:lmcache.v1.multiprocess.modules.lmcache_driven_transfer)[0m
[32;20m[2026-09-03 13:03:22,798] LMCache INFO:[0m Stored 8192 tokens in 0.018 seconds [3m(lmcache_driven_transfer.py:1284:lmcache.v1.multiprocess.modules.lmcache_driven_transfer)[0m
[32;20m[2026-09-03 13:03:22,799] LMCache INFO:[0m Stored 8192 tokens in 0.013 seconds [3m(lmcache_driven_transfer.py:1284:lmcache.v1.multiprocess.modules.lmcache_driven_transfer)[0m
[32;20m[2026-09-03 13:03:22,804] LMCache INFO:[0m Stored 8192 tokens in 0.007 seconds [3m(lmcache_driven_transfer.py:1284:lmcache.v1.multiprocess.modules.lmcache_driven_transfer)[0m
[32;20m[2026-09-03 13:03:22,819] LMCache INFO:[0m Stored 8192 tokens in 0.002 seconds [3m(lmcache_driven_transfer.py:1284:lmcache.v1.multiprocess.modules.lmcache_driven_transfer)[0m
[32;20m[2026-09-03 13:03:22,823] LMCache INFO:[0m Stored 8192 tokens in 0.002 seconds [3m(lmcache_driven_transfer.py:1284:lmcache.v1.multiprocess.modules.lmcache_driven_transfer)[0m
[32;20m[2026-09-03 13:03:22,884] LMCache INFO:[0m Stored 8192 tokens in 0.011 seconds [3m(lmcache_driven_transfer.py:1284:lmcache.v1.multiprocess.modules.lmcache_driven_transfer)[0m
[32;20m[2026-09-03 13:03:22,885] LMCache INFO:[0m Stored 8192 tokens in 0.015 seconds [3m(lmcache_driven_transfer.py:1284:lmcache.v1.multiprocess.modules.lmcache_driven_transfer)[0m
[32;20m[2026-09-03 13:03:22,886] LMCache INFO:[0m Stored 8192 tokens in 0.010 seconds [3m(lmcache_driven_transfer.py:1284:lmcache.v1.multiprocess.modules.lmcache_driven_transfer)[0m
[32;20m[2026-09-03 13:03:22,888] LMCache INFO:[0m Stored 8192 tokens in 0.010 seconds [3m(lmcache_driven_transfer.py:1284:lmcache.v1.multiprocess.modules.lmcache_driven_transfer)[0m
[32;20m[2026-09-03 13:03:22,890] LMCache INFO:[0m Stored 8192 tokens in 0.013 seconds [3m(lmcache_driven_transfer.py:1284:lmcache.v1.multiprocess.modules.lmcache_driven_transfer)[0m
[32;20m[2026-09-03 13:03:22,895] LMCache INFO:[0m Stored 8192 tokens in 0.006 seconds [3m(lmcache_driven_transfer.py:1284:lmcache.v1.multiprocess.modules.lmcache_driven_transfer)[0m
[32;20m[2026-09-03 13:03:22,907] LMCache INFO:[0m Stored 8192 tokens in 0.002 seconds [3m(lmcache_driven_transfer.py:1284:lmcache.v1.multiprocess.modules.lmcache_driven_transfer)[0m
[32;20m[2026-09-03 13:03:22,911] LMCache INFO:[0m Stored 8192 tokens in 0.002 seconds [3m(lmcache_driven_transfer.py:1284:lmcache.v1.multiprocess.modules.lmcache_driven_transfer)[0m
[32;20m[2026-09-03 13:03:22,979] LMCache INFO:[0m Stored 8192 tokens in 0.011 seconds [3m(lmcache_driven_transfer.py:1284:lmcache.v1.multiprocess.modules.lmcache_driven_transfer)[0m
[32;20m[2026-09-03 13:03:22,980] LMCache INFO:[0m Stored 8192 tokens in 0.014 seconds [3m(lmcache_driven_transfer.py:1284:lmcache.v1.multiprocess.modules.lmcache_driven_transfer)[0m
[32;20m[2026-09-03 13:03:22,981] LMCache INFO:[0m Stored 8192 tokens in 0.006 seconds [3m(lmcache_driven_transfer.py:1284:lmcache.v1.multiprocess.modules.lmcache_driven_transfer)[0m
[32;20m[2026-09-03 13:03:22,982] LMCache INFO:[0m Stored 8192 tokens in 0.010 seconds [3m(lmcache_driven_transfer.py:1284:lmcache.v1.multiprocess.modules.lmcache_driven_transfer)[0m
[32;20m[2026-09-03 13:03:22,985] LMCache INFO:[0m Stored 8192 tokens in 0.015 seconds [3m(lmcache_driven_transfer.py:1284:lmcache.v1.multiprocess.modules.lmcache_driven_transfer)[0m
[32;20m[2026-09-03 13:03:22,990] LMCache INFO:[0m Stored 8192 tokens in 0.007 seconds [3m(lmcache_driven_transfer.py:1284:lmcache.v1.multiprocess.modules.lmcache_driven_transfer)[0m
[32;20m[2026-09-03 13:03:22,994] LMCache INFO:[0m Stored 8192 tokens in 0.002 seconds [3m(lmcache_driven_transfer.py:1284:lmcache.v1.multiprocess.modules.lmcache_driven_transfer)[0m
[32;20m[2026-09-03 13:03:22,998] LMCache INFO:[0m Stored 8192 tokens in 0.002 seconds [3m(lmcache_driven_transfer.py:1284:lmcache.v1.multiprocess.modules.lmcache_driven_transfer)[0m
[32;20m[2026-09-03 13:03:23,096] LMCache INFO:[0m Stored 8192 tokens in 0.028 seconds [3m(lmcache_driven_transfer.py:1284:lmcache.v1.multiprocess.modules.lmcache_driven_transfer)[0m
[32;20m[2026-09-03 13:03:23,098] LMCache INFO:[0m Stored 8192 tokens in 0.023 seconds [3m(lmcache_driven_transfer.py:1284:lmcache.v1.multiprocess.modules.lmcache_driven_transfer)[0m
[32;20m[2026-09-03 13:03:23,101] LMCache INFO:[0m Stored 8192 tokens in 0.027 seconds [3m(lmcache_driven_transfer.py:1284:lmcache.v1.multiprocess.modules.lmcache_driven_transfer)[0m
[32;20m[2026-09-03 13:03:23,103] LMCache INFO:[0m Stored 8192 tokens in 0.033 seconds [3m(lmcache_driven_transfer.py:1284:lmcache.v1.multiprocess.modules.lmcache_driven_transfer)[0m
[32;20m[2026-09-03 13:03:23,109] LMCache INFO:[0m Stored 8192 tokens in 0.028 seconds [3m(lmcache_driven_transfer.py:1284:lmcache.v1.multiprocess.modules.lmcache_driven_transfer)[0m
[32;20m[2026-09-03 13:03:23,112] LMCache INFO:[0m Stored 8192 tokens in 0.024 seconds [3m(lmcache_driven_transfer.py:1284:lmcache.v1.multiprocess.modules.lmcache_driven_transfer)[0m
[32;20m[2026-09-03 13:03:23,113] LMCache INFO:[0m Stored 8192 tokens in 0.027 seconds [3m(lmcache_driven_transfer.py:1284:lmcache.v1.multiprocess.modules.lmcache_driven_transfer)[0m
[32;20m[2026-09-03 13:03:23,114] LMCache INFO:[0m Stored 8192 tokens in 0.032 seconds [3m(lmcache_driven_transfer.py:1284:lmcache.v1.multiprocess.modules.lmcache_driven_transfer)[0m
[32;20m[2026-09-03 13:03:23,173] LMCache INFO:[0m Stored 8192 tokens in 0.003 seconds [3m(lmcache_driven_transfer.py:1284:lmcache.v1.multiprocess.modules.lmcache_driven_transfer)[0m
[32;20m[2026-09-03 13:03:23,275] LMCache INFO:[0m Stored 8192 tokens in 0.012 seconds [3m(lmcache_driven_transfer.py:1284:lmcache.v1.multiprocess.modules.lmcache_driven_transfer)[0m
[32;20m[2026-09-03 13:03:23,279] LMCache INFO:[0m Stored 8192 tokens in 0.012 seconds [3m(lmcache_driven_transfer.py:1284:lmcache.v1.multiprocess.modules.lmcache_driven_transfer)[0m
[32;20m[2026-09-03 13:03:23,279] LMCache INFO:[0m Stored 8192 tokens in 0.015 seconds [3m(lmcache_driven_transfer.py:1284:lmcache.v1.multiprocess.modules.lmcache_driven_transfer)[0m
[32;20m[2026-09-03 13:03:23,280] LMCache INFO:[0m Stored 8192 tokens in 0.020 seconds [3m(lmcache_driven_transfer.py:1284:lmcache.v1.multiprocess.modules.lmcache_driven_transfer)[0m
[32;20m[2026-09-03 13:03:23,286] LMCache INFO:[0m L1 memory usage 0.87 above watermark 0.80; triggering eviction. [3m(eviction_controller.py:179:lmcache.v1.distributed.storage_controllers.eviction_controller)[0m
[32;20m[2026-09-03 13:03:23,300] LMCache INFO:[0m Stored 8192 tokens in 0.004 seconds [3m(lmcache_driven_transfer.py:1284:lmcache.v1.multiprocess.modules.lmcache_driven_transfer)[0m
[32;20m[2026-09-03 13:03:23,300] LMCache INFO:[0m Stored 8192 tokens in 0.003 seconds [3m(lmcache_driven_transfer.py:1284:lmcache.v1.multiprocess.modules.lmcache_driven_transfer)[0m
[32;20m[2026-09-03 13:03:23,304] LMCache INFO:[0m Stored 8192 tokens in 0.002 seconds [3m(lmcache_driven_transfer.py:1284:lmcache.v1.multiprocess.modules.lmcache_driven_transfer)[0m
[32;20m[2026-09-03 13:03:23,352] LMCache INFO:[0m Stored 8192 tokens in 0.011 seconds [3m(lmcache_driven_transfer.py:1284:lmcache.v1.multiprocess.modules.lmcache_driven_transfer)[0m
[32;20m[2026-09-03 13:03:23,353] LMCache INFO:[0m Stored 8192 tokens in 0.007 seconds [3m(lmcache_driven_transfer.py:1284:lmcache.v1.multiprocess.modules.lmcache_driven_transfer)[0m
[32;20m[2026-09-03 13:03:23,353] LMCache INFO:[0m Stored 8192 tokens in 0.011 seconds [3m(lmcache_driven_transfer.py:1284:lmcache.v1.multiprocess.modules.lmcache_driven_transfer)[0m
[32;20m[2026-09-03 13:03:23,354] LMCache INFO:[0m Stored 8192 tokens in 0.008 seconds [3m(lmcache_driven_transfer.py:1284:lmcache.v1.multiprocess.modules.lmcache_driven_transfer)[0m
[32;20m[2026-09-03 13:03:23,361] LMCache INFO:[0m Stored 8192 tokens in 0.002 seconds [3m(lmcache_driven_transfer.py:1284:lmcache.v1.multiprocess.modules.lmcache_driven_transfer)[0m
[32;20m[2026-09-03 13:03:23,385] LMCache INFO:[0m Stored 8192 tokens in 0.002 seconds [3m(lmcache_driven_transfer.py:1284:lmcache.v1.multiprocess.modules.lmcache_driven_transfer)[0m
[32;20m[2026-09-03 13:03:23,389] LMCache INFO:[0m Stored 8192 tokens in 0.002 seconds [3m(lmcache_driven_transfer.py:1284:lmcache.v1.multiprocess.modules.lmcache_driven_transfer)[0m
[32;20m[2026-09-03 13:03:23,395] LMCache INFO:[0m Stored 8192 tokens in 0.002 seconds [3m(lmcache_driven_transfer.py:1284:lmcache.v1.multiprocess.modules.lmcache_driven_transfer)[0m
[32;20m[2026-09-03 13:03:23,447] LMCache INFO:[0m Stored 8192 tokens in 0.009 seconds [3m(lmcache_driven_transfer.py:1284:lmcache.v1.multiprocess.modules.lmcache_driven_transfer)[0m
[32;20m[2026-09-03 13:03:23,447] LMCache INFO:[0m Stored 8192 tokens in 0.012 seconds [3m(lmcache_driven_transfer.py:1284:lmcache.v1.multiprocess.modules.lmcache_driven_transfer)[0m
[32;20m[2026-09-03 13:03:23,449] LMCache INFO:[0m Stored 8192 tokens in 0.007 seconds [3m(lmcache_driven_transfer.py:1284:lmcache.v1.multiprocess.modules.lmcache_driven_transfer)[0m
[32;20m[2026-09-03 13:03:23,449] LMCache INFO:[0m Stored 8192 tokens in 0.010 seconds [3m(lmcache_driven_transfer.py:1284:lmcache.v1.multiprocess.modules.lmcache_driven_transfer)[0m
[32;20m[2026-09-03 13:03:23,454] LMCache INFO:[0m Stored 8192 tokens in 0.002 seconds [3m(lmcache_driven_transfer.py:1284:lmcache.v1.multiprocess.modules.lmcache_driven_transfer)[0m
[32;20m[2026-09-03 13:03:23,475] LMCache INFO:[0m Stored 8192 tokens in 0.004 seconds [3m(lmcache_driven_transfer.py:1284:lmcache.v1.multiprocess.modules.lmcache_driven_transfer)[0m
[32;20m[2026-09-03 13:03:23,477] LMCache INFO:[0m Stored 8192 tokens in 0.003 seconds [3m(lmcache_driven_transfer.py:1284:lmcache.v1.multiprocess.modules.lmcache_driven_transfer)[0m
[32;20m[2026-09-03 13:03:23,486] LMCache INFO:[0m Stored 8192 tokens in 0.002 seconds [3m(lmcache_driven_transfer.py:1284:lmcache.v1.multiprocess.modules.lmcache_driven_transfer)[0m
[32;20m[2026-09-03 13:03:23,541] LMCache INFO:[0m Stored 8192 tokens in 0.008 seconds [3m(lmcache_driven_transfer.py:1284:lmcache.v1.multiprocess.modules.lmcache_driven_transfer)[0m
[32;20m[2026-09-03 13:03:23,542] LMCache INFO:[0m Stored 8192 tokens in 0.013 seconds [3m(lmcache_driven_transfer.py:1284:lmcache.v1.multiprocess.modules.lmcache_driven_transfer)[0m
[32;20m[2026-09-03 13:03:23,542] LMCache INFO:[0m Stored 8192 tokens in 0.009 seconds [3m(lmcache_driven_transfer.py:1284:lmcache.v1.multiprocess.modules.lmcache_driven_transfer)[0m
[32;20m[2026-09-03 13:03:23,542] LMCache INFO:[0m Stored 8192 tokens in 0.008 seconds [3m(lmcache_driven_transfer.py:1284:lmcache.v1.multiprocess.modules.lmcache_driven_transfer)[0m
[32;20m[2026-09-03 13:03:23,548] LMCache INFO:[0m Stored 8192 tokens in 0.003 seconds [3m(lmcache_driven_transfer.py:1284:lmcache.v1.multiprocess.modules.lmcache_driven_transfer)[0m
[32;20m[2026-09-03 13:03:23,564] LMCache INFO:[0m Stored 8192 tokens in 0.004 seconds [3m(lmcache_driven_transfer.py:1284:lmcache.v1.multiprocess.modules.lmcache_driven_transfer)[0m
[32;20m[2026-09-03 13:03:23,566] LMCache INFO:[0m Stored 8192 tokens in 0.003 seconds [3m(lmcache_driven_transfer.py:1284:lmcache.v1.multiprocess.modules.lmcache_driven_transfer)[0m
[32;20m[2026-09-03 13:03:23,576] LMCache INFO:[0m Stored 8192 tokens in 0.002 seconds [3m(lmcache_driven_transfer.py:1284:lmcache.v1.multiprocess.modules.lmcache_driven_transfer)[0m
[32;20m[2026-09-03 13:03:23,631] LMCache INFO:[0m Stored 8192 tokens in 0.006 seconds [3m(lmcache_driven_transfer.py:1284:lmcache.v1.multiprocess.modules.lmcache_driven_transfer)[0m
[32;20m[2026-09-03 13:03:23,632] LMCache INFO:[0m Stored 8192 tokens in 0.009 seconds [3m(lmcache_driven_transfer.py:1284:lmcache.v1.multiprocess.modules.lmcache_driven_transfer)[0m
[32;20m[2026-09-03 13:03:23,632] LMCache INFO:[0m Stored 8192 tokens in 0.005 seconds [3m(lmcache_driven_transfer.py:1284:lmcache.v1.multiprocess.modules.lmcache_driven_transfer)[0m
[32;20m[2026-09-03 13:03:23,638] LMCache INFO:[0m Stored 8192 tokens in 0.002 seconds [3m(lmcache_driven_transfer.py:1284:lmcache.v1.multiprocess.modules.lmcache_driven_transfer)[0m
[32;20m[2026-09-03 13:03:23,651] LMCache INFO:[0m Stored 8192 tokens in 0.008 seconds [3m(lmcache_driven_transfer.py:1284:lmcache.v1.multiprocess.modules.lmcache_driven_transfer)[0m
[32;20m[2026-09-03 13:03:23,655] LMCache INFO:[0m Stored 8192 tokens in 0.006 seconds [3m(lmcache_driven_transfer.py:1284:lmcache.v1.multiprocess.modules.lmcache_driven_transfer)[0m
[32;20m[2026-09-03 13:03:23,656] LMCache INFO:[0m Stored 8192 tokens in 0.003 seconds [3m(lmcache_driven_transfer.py:1284:lmcache.v1.multiprocess.modules.lmcache_driven_transfer)[0m
[32;20m[2026-09-03 13:03:23,668] LMCache INFO:[0m Stored 8192 tokens in 0.002 seconds [3m(lmcache_driven_transfer.py:1284:lmcache.v1.multiprocess.modules.lmcache_driven_transfer)[0m
[32;20m[2026-09-03 13:03:23,732] LMCache INFO:[0m Stored 8192 tokens in 0.010 seconds [3m(lmcache_driven_transfer.py:1284:lmcache.v1.multiprocess.modules.lmcache_driven_transfer)[0m
[32;20m[2026-09-03 13:03:23,733] LMCache INFO:[0m Stored 8192 tokens in 0.015 seconds [3m(lmcache_driven_transfer.py:1284:lmcache.v1.multiprocess.modules.lmcache_driven_transfer)[0m
[32;20m[2026-09-03 13:03:23,734] LMCache INFO:[0m Stored 8192 tokens in 0.014 seconds [3m(lmcache_driven_transfer.py:1284:lmcache.v1.multiprocess.modules.lmcache_driven_transfer)[0m
[32;20m[2026-09-03 13:03:23,739] LMCache INFO:[0m Stored 8192 tokens in 0.010 seconds [3m(lmcache_driven_transfer.py:1284:lmcache.v1.multiprocess.modules.lmcache_driven_transfer)[0m
[32;20m[2026-09-03 13:03:23,747] LMCache INFO:[0m Stored 8192 tokens in 0.023 seconds [3m(lmcache_driven_transfer.py:1284:lmcache.v1.multiprocess.modules.lmcache_driven_transfer)[0m
[32;20m[2026-09-03 13:03:23,752] LMCache INFO:[0m Stored 8192 tokens in 0.015 seconds [3m(lmcache_driven_transfer.py:1284:lmcache.v1.multiprocess.modules.lmcache_driven_transfer)[0m
[32;20m[2026-09-03 13:03:23,758] LMCache INFO:[0m Stored 8192 tokens in 0.018 seconds [3m(lmcache_driven_transfer.py:1284:lmcache.v1.multiprocess.modules.lmcache_driven_transfer)[0m
[32;20m[2026-09-03 13:03:23,760] LMCache INFO:[0m Stored 8192 tokens in 0.004 seconds [3m(lmcache_driven_transfer.py:1284:lmcache.v1.multiprocess.modules.lmcache_driven_transfer)[0m
[32;20m[2026-09-03 13:03:23,821] LMCache INFO:[0m Stored 8192 tokens in 0.002 seconds [3m(lmcache_driven_transfer.py:1284:lmcache.v1.multiprocess.modules.lmcache_driven_transfer)[0m
[32;20m[2026-09-03 13:03:23,848] LMCache INFO:[0m Stored 8192 tokens in 0.020 seconds [3m(lmcache_driven_transfer.py:1284:lmcache.v1.multiprocess.modules.lmcache_driven_transfer)[0m
[32;20m[2026-09-03 13:03:23,850] LMCache INFO:[0m Stored 8192 tokens in 0.019 seconds [3m(lmcache_driven_transfer.py:1284:lmcache.v1.multiprocess.modules.lmcache_driven_transfer)[0m
[32;20m[2026-09-03 13:03:23,852] LMCache INFO:[0m Stored 8192 tokens in 0.017 seconds [3m(lmcache_driven_transfer.py:1284:lmcache.v1.multiprocess.modules.lmcache_driven_transfer)[0m
[32;20m[2026-09-03 13:03:23,854] LMCache INFO:[0m Stored 8192 tokens in 0.021 seconds [3m(lmcache_driven_transfer.py:1284:lmcache.v1.multiprocess.modules.lmcache_driven_transfer)[0m
[32;20m[2026-09-03 13:03:23,858] LMCache INFO:[0m Stored 8192 tokens in 0.005 seconds [3m(lmcache_driven_transfer.py:1284:lmcache.v1.multiprocess.modules.lmcache_driven_transfer)[0m
[32;20m[2026-09-03 13:03:23,869] LMCache INFO:[0m Stored 8192 tokens in 0.012 seconds [3m(lmcache_driven_transfer.py:1284:lmcache.v1.multiprocess.modules.lmcache_driven_transfer)[0m
[32;20m[2026-09-03 13:03:23,870] LMCache INFO:[0m Stored 8192 tokens in 0.006 seconds [3m(lmcache_driven_transfer.py:1284:lmcache.v1.multiprocess.modules.lmcache_driven_transfer)[0m
[32;20m[2026-09-03 13:03:23,930] LMCache INFO:[0m Stored 8192 tokens in 0.016 seconds [3m(lmcache_driven_transfer.py:1284:lmcache.v1.multiprocess.modules.lmcache_driven_transfer)[0m
[32;20m[2026-09-03 13:03:23,931] LMCache INFO:[0m Stored 8192 tokens in 0.013 seconds [3m(lmcache_driven_transfer.py:1284:lmcache.v1.multiprocess.modules.lmcache_driven_transfer)[0m
[32;20m[2026-09-03 13:03:23,932] LMCache INFO:[0m Stored 8192 tokens in 0.016 seconds [3m(lmcache_driven_transfer.py:1284:lmcache.v1.multiprocess.modules.lmcache_driven_transfer)[0m
[32;20m[2026-09-03 13:03:23,933] LMCache INFO:[0m Stored 8192 tokens in 0.012 seconds [3m(lmcache_driven_transfer.py:1284:lmcache.v1.multiprocess.modules.lmcache_driven_transfer)[0m
[32;20m[2026-09-03 13:03:23,938] LMCache INFO:[0m Stored 8192 tokens in 0.014 seconds [3m(lmcache_driven_transfer.py:1284:lmcache.v1.multiprocess.modules.lmcache_driven_transfer)[0m
[32;20m[2026-09-03 13:03:23,946] LMCache INFO:[0m Stored 8192 tokens in 0.004 seconds [3m(lmcache_driven_transfer.py:1284:lmcache.v1.multiprocess.modules.lmcache_driven_transfer)[0m
[32;20m[2026-09-03 13:03:23,948] LMCache INFO:[0m Stored 8192 tokens in 0.003 seconds [3m(lmcache_driven_transfer.py:1284:lmcache.v1.multiprocess.modules.lmcache_driven_transfer)[0m
[32;20m[2026-09-03 13:03:23,953] LMCache INFO:[0m Stored 8192 tokens in 0.002 seconds [3m(lmcache_driven_transfer.py:1284:lmcache.v1.multiprocess.modules.lmcache_driven_transfer)[0m
[32;20m[2026-09-03 13:03:24,019] LMCache INFO:[0m Stored 8192 tokens in 0.020 seconds [3m(lmcache_driven_transfer.py:1284:lmcache.v1.multiprocess.modules.lmcache_driven_transfer)[0m
[32;20m[2026-09-03 13:03:24,021] LMCache INFO:[0m Stored 8192 tokens in 0.016 seconds [3m(lmcache_driven_transfer.py:1284:lmcache.v1.multiprocess.modules.lmcache_driven_transfer)[0m
[32;20m[2026-09-03 13:03:24,022] LMCache INFO:[0m Stored 8192 tokens in 0.020 seconds [3m(lmcache_driven_transfer.py:1284:lmcache.v1.multiprocess.modules.lmcache_driven_transfer)[0m
[32;20m[2026-09-03 13:03:24,023] LMCache INFO:[0m Stored 8192 tokens in 0.020 seconds [3m(lmcache_driven_transfer.py:1284:lmcache.v1.multiprocess.modules.lmcache_driven_transfer)[0m
[32;20m[2026-09-03 13:03:24,023] LMCache INFO:[0m Stored 8192 tokens in 0.018 seconds [3m(lmcache_driven_transfer.py:1284:lmcache.v1.multiprocess.modules.lmcache_driven_transfer)[0m
[32;20m[2026-09-03 13:03:24,030] LMCache INFO:[0m Stored 8192 tokens in 0.002 seconds [3m(lmcache_driven_transfer.py:1284:lmcache.v1.multiprocess.modules.lmcache_driven_transfer)[0m
[32;20m[2026-09-03 13:03:24,044] LMCache INFO:[0m Stored 8192 tokens in 0.005 seconds [3m(lmcache_driven_transfer.py:1284:lmcache.v1.multiprocess.modules.lmcache_driven_transfer)[0m
[32;20m[2026-09-03 13:03:24,045] LMCache INFO:[0m Stored 8192 tokens in 0.004 seconds [3m(lmcache_driven_transfer.py:1284:lmcache.v1.multiprocess.modules.lmcache_driven_transfer)[0m
[32;20m[2026-09-03 13:03:24,091] LMCache INFO:[0m Stored 8192 tokens in 0.012 seconds [3m(lmcache_driven_transfer.py:1284:lmcache.v1.multiprocess.modules.lmcache_driven_transfer)[0m
[32;20m[2026-09-03 13:03:24,094] LMCache INFO:[0m Stored 8192 tokens in 0.009 seconds [3m(lmcache_driven_transfer.py:1284:lmcache.v1.multiprocess.modules.lmcache_driven_transfer)[0m
[32;20m[2026-09-03 13:03:24,094] LMCache INFO:[0m Stored 8192 tokens in 0.013 seconds [3m(lmcache_driven_transfer.py:1284:lmcache.v1.multiprocess.modules.lmcache_driven_transfer)[0m
[32;20m[2026-09-03 13:03:24,095] LMCache INFO:[0m Stored 8192 tokens in 0.009 seconds [3m(lmcache_driven_transfer.py:1284:lmcache.v1.multiprocess.modules.lmcache_driven_transfer)[0m
[32;20m[2026-09-03 13:03:24,100] LMCache INFO:[0m Stored 8192 tokens in 0.004 seconds [3m(lmcache_driven_transfer.py:1284:lmcache.v1.multiprocess.modules.lmcache_driven_transfer)[0m
[32;20m[2026-09-03 13:03:24,117] LMCache INFO:[0m Stored 8192 tokens in 0.002 seconds [3m(lmcache_driven_transfer.py:1284:lmcache.v1.multiprocess.modules.lmcache_driven_transfer)[0m
[32;20m[2026-09-03 13:03:24,133] LMCache INFO:[0m Stored 8192 tokens in 0.005 seconds [3m(lmcache_driven_transfer.py:1284:lmcache.v1.multiprocess.modules.lmcache_driven_transfer)[0m
[32;20m[2026-09-03 13:03:24,133] LMCache INFO:[0m Stored 8192 tokens in 0.003 seconds [3m(lmcache_driven_transfer.py:1284:lmcache.v1.multiprocess.modules.lmcache_driven_transfer)[0m
[32;20m[2026-09-03 13:03:24,182] LMCache INFO:[0m Stored 8192 tokens in 0.012 seconds [3m(lmcache_driven_transfer.py:1284:lmcache.v1.multiprocess.modules.lmcache_driven_transfer)[0m
[32;20m[2026-09-03 13:03:24,184] LMCache INFO:[0m Stored 8192 tokens in 0.006 seconds [3m(lmcache_driven_transfer.py:1284:lmcache.v1.multiprocess.modules.lmcache_driven_transfer)[0m
[32;20m[2026-09-03 13:03:24,184] LMCache INFO:[0m Stored 8192 tokens in 0.008 seconds [3m(lmcache_driven_transfer.py:1284:lmcache.v1.multiprocess.modules.lmcache_driven_transfer)[0m
[32;20m[2026-09-03 13:03:24,185] LMCache INFO:[0m Stored 8192 tokens in 0.011 seconds [3m(lmcache_driven_transfer.py:1284:lmcache.v1.multiprocess.modules.lmcache_driven_transfer)[0m
[32;20m[2026-09-03 13:03:24,189] LMCache INFO:[0m Stored 8192 tokens in 0.002 seconds [3m(lmcache_driven_transfer.py:1284:lmcache.v1.multiprocess.modules.lmcache_driven_transfer)[0m
[32;20m[2026-09-03 13:03:24,205] LMCache INFO:[0m Stored 8192 tokens in 0.002 seconds [3m(lmcache_driven_transfer.py:1284:lmcache.v1.multiprocess.modules.lmcache_driven_transfer)[0m
[32;20m[2026-09-03 13:03:24,219] LMCache INFO:[0m Stored 8192 tokens in 0.002 seconds [3m(lmcache_driven_transfer.py:1284:lmcache.v1.multiprocess.modules.lmcache_driven_transfer)[0m
[32;20m[2026-09-03 13:03:24,223] LMCache INFO:[0m Stored 8192 tokens in 0.002 seconds [3m(lmcache_driven_transfer.py:1284:lmcache.v1.multiprocess.modules.lmcache_driven_transfer)[0m
[32;20m[2026-09-03 13:03:24,275] LMCache INFO:[0m Stored 8192 tokens in 0.008 seconds [3m(lmcache_driven_transfer.py:1284:lmcache.v1.multiprocess.modules.lmcache_driven_transfer)[0m
[32;20m[2026-09-03 13:03:24,275] LMCache INFO:[0m Stored 8192 tokens in 0.010 seconds [3m(lmcache_driven_transfer.py:1284:lmcache.v1.multiprocess.modules.lmcache_driven_transfer)[0m
[32;20m[2026-09-03 13:03:24,276] LMCache INFO:[0m Stored 8192 tokens in 0.007 seconds [3m(lmcache_driven_transfer.py:1284:lmcache.v1.multiprocess.modules.lmcache_driven_transfer)[0m
[32;20m[2026-09-03 13:03:24,277] LMCache INFO:[0m Stored 8192 tokens in 0.014 seconds [3m(lmcache_driven_transfer.py:1284:lmcache.v1.multiprocess.modules.lmcache_driven_transfer)[0m
[32;20m[2026-09-03 13:03:24,281] LMCache INFO:[0m Stored 8192 tokens in 0.003 seconds [3m(lmcache_driven_transfer.py:1284:lmcache.v1.multiprocess.modules.lmcache_driven_transfer)[0m
[32;20m[2026-09-03 13:03:24,290] LMCache INFO:[0m L1 memory usage 0.89 above watermark 0.80; triggering eviction. [3m(eviction_controller.py:179:lmcache.v1.distributed.storage_controllers.eviction_controller)[0m
[32;20m[2026-09-03 13:03:24,298] LMCache INFO:[0m Stored 8192 tokens in 0.003 seconds [3m(lmcache_driven_transfer.py:1284:lmcache.v1.multiprocess.modules.lmcache_driven_transfer)[0m
[32;20m[2026-09-03 13:03:24,307] LMCache INFO:[0m Stored 8192 tokens in 0.002 seconds [3m(lmcache_driven_transfer.py:1284:lmcache.v1.multiprocess.modules.lmcache_driven_transfer)[0m
[32;20m[2026-09-03 13:03:24,313] LMCache INFO:[0m Stored 8192 tokens in 0.002 seconds [3m(lmcache_driven_transfer.py:1284:lmcache.v1.multiprocess.modules.lmcache_driven_transfer)[0m
[32;20m[2026-09-03 13:03:24,370] LMCache INFO:[0m Stored 8192 tokens in 0.011 seconds [3m(lmcache_driven_transfer.py:1284:lmcache.v1.multiprocess.modules.lmcache_driven_transfer)[0m
[32;20m[2026-09-03 13:03:24,373] LMCache INFO:[0m Stored 8192 tokens in 0.013 seconds [3m(lmcache_driven_transfer.py:1284:lmcache.v1.multiprocess.modules.lmcache_driven_transfer)[0m
[32;20m[2026-09-03 13:03:24,375] LMCache INFO:[0m Stored 8192 tokens in 0.010 seconds [3m(lmcache_driven_transfer.py:1284:lmcache.v1.multiprocess.modules.lmcache_driven_transfer)[0m
[32;20m[2026-09-03 13:03:24,376] LMCache INFO:[0m Stored 8192 tokens in 0.013 seconds [3m(lmcache_driven_transfer.py:1284:lmcache.v1.multiprocess.modules.lmcache_driven_transfer)[0m
[32;20m[2026-09-03 13:03:24,377] LMCache INFO:[0m Stored 8192 tokens in 0.005 seconds [3m(lmcache_driven_transfer.py:1284:lmcache.v1.multiprocess.modules.lmcache_driven_transfer)[0m
[32;20m[2026-09-03 13:03:24,397] LMCache INFO:[0m Stored 8192 tokens in 0.018 seconds [3m(lmcache_driven_transfer.py:1284:lmcache.v1.multiprocess.modules.lmcache_driven_transfer)[0m
[32;20m[2026-09-03 13:03:24,398] LMCache INFO:[0m Stored 8192 tokens in 0.005 seconds [3m(lmcache_driven_transfer.py:1284:lmcache.v1.multiprocess.modules.lmcache_driven_transfer)[0m
[32;20m[2026-09-03 13:03:24,403] LMCache INFO:[0m Stored 8192 tokens in 0.003 seconds [3m(lmcache_driven_transfer.py:1284:lmcache.v1.multiprocess.modules.lmcache_driven_transfer)[0m
[32;20m[2026-09-03 13:03:24,461] LMCache INFO:[0m Stored 8192 tokens in 0.002 seconds [3m(lmcache_driven_transfer.py:1284:lmcache.v1.multiprocess.modules.lmcache_driven_transfer)[0m
[32;20m[2026-09-03 13:03:24,486] LMCache INFO:[0m Stored 8192 tokens in 0.015 seconds [3m(lmcache_driven_transfer.py:1284:lmcache.v1.multiprocess.modules.lmcache_driven_transfer)[0m
[32;20m[2026-09-03 13:03:24,488] LMCache INFO:[0m Stored 8192 tokens in 0.014 seconds [3m(lmcache_driven_transfer.py:1284:lmcache.v1.multiprocess.modules.lmcache_driven_transfer)[0m
[32;20m[2026-09-03 13:03:24,489] LMCache INFO:[0m Stored 8192 tokens in 0.012 seconds [3m(lmcache_driven_transfer.py:1284:lmcache.v1.multiprocess.modules.lmcache_driven_transfer)[0m
[32;20m[2026-09-03 13:03:24,489] LMCache INFO:[0m Stored 8192 tokens in 0.013 seconds [3m(lmcache_driven_transfer.py:1284:lmcache.v1.multiprocess.modules.lmcache_driven_transfer)[0m
[32;20m[2026-09-03 13:03:24,503] LMCache INFO:[0m Stored 8192 tokens in 0.008 seconds [3m(lmcache_driven_transfer.py:1284:lmcache.v1.multiprocess.modules.lmcache_driven_transfer)[0m
[32;20m[2026-09-03 13:03:24,503] LMCache INFO:[0m Stored 8192 tokens in 0.005 seconds [3m(lmcache_driven_transfer.py:1284:lmcache.v1.multiprocess.modules.lmcache_driven_transfer)[0m
[32;20m[2026-09-03 13:03:24,504] LMCache INFO:[0m Stored 8192 tokens in 0.007 seconds [3m(lmcache_driven_transfer.py:1284:lmcache.v1.multiprocess.modules.lmcache_driven_transfer)[0m
[32;20m[2026-09-03 13:03:24,556] LMCache INFO:[0m Stored 8192 tokens in 0.002 seconds [3m(lmcache_driven_transfer.py:1284:lmcache.v1.multiprocess.modules.lmcache_driven_transfer)[0m
[32;20m[2026-09-03 13:03:24,574] LMCache INFO:[0m Stored 8192 tokens in 0.010 seconds [3m(lmcache_driven_transfer.py:1284:lmcache.v1.multiprocess.modules.lmcache_driven_transfer)[0m
[32;20m[2026-09-03 13:03:24,576] LMCache INFO:[0m Stored 8192 tokens in 0.011 seconds [3m(lmcache_driven_transfer.py:1284:lmcache.v1.multiprocess.modules.lmcache_driven_transfer)[0m
[32;20m[2026-09-03 13:03:24,576] LMCache INFO:[0m Stored 8192 tokens in 0.010 seconds [3m(lmcache_driven_transfer.py:1284:lmcache.v1.multiprocess.modules.lmcache_driven_transfer)[0m
[32;20m[2026-09-03 13:03:24,577] LMCache INFO:[0m Stored 8192 tokens in 0.009 seconds [3m(lmcache_driven_transfer.py:1284:lmcache.v1.multiprocess.modules.lmcache_driven_transfer)[0m
[32;20m[2026-09-03 13:03:24,600] LMCache INFO:[0m Stored 8192 tokens in 0.017 seconds [3m(lmcache_driven_transfer.py:1284:lmcache.v1.multiprocess.modules.lmcache_driven_transfer)[0m
[32;20m[2026-09-03 13:03:24,601] LMCache INFO:[0m Stored 8192 tokens in 0.018 seconds [3m(lmcache_driven_transfer.py:1284:lmcache.v1.multiprocess.modules.lmcache_driven_transfer)[0m
[32;20m[2026-09-03 13:03:24,602] LMCache INFO:[0m Stored 8192 tokens in 0.015 seconds [3m(lmcache_driven_transfer.py:1284:lmcache.v1.multiprocess.modules.lmcache_driven_transfer)[0m
[32;20m[2026-09-03 13:03:24,636] LMCache INFO:[0m Stored 8192 tokens in 0.002 seconds [3m(lmcache_driven_transfer.py:1284:lmcache.v1.multiprocess.modules.lmcache_driven_transfer)[0m
[32;20m[2026-09-03 13:03:24,667] LMCache INFO:[0m Stored 8192 tokens in 0.014 seconds [3m(lmcache_driven_transfer.py:1284:lmcache.v1.multiprocess.modules.lmcache_driven_transfer)[0m
[32;20m[2026-09-03 13:03:24,669] LMCache INFO:[0m Stored 8192 tokens in 0.008 seconds [3m(lmcache_driven_transfer.py:1284:lmcache.v1.multiprocess.modules.lmcache_driven_transfer)[0m
[32;20m[2026-09-03 13:03:24,669] LMCache INFO:[0m Stored 8192 tokens in 0.006 seconds [3m(lmcache_driven_transfer.py:1284:lmcache.v1.multiprocess.modules.lmcache_driven_transfer)[0m
[32;20m[2026-09-03 13:03:24,669] LMCache INFO:[0m Stored 8192 tokens in 0.009 seconds [3m(lmcache_driven_transfer.py:1284:lmcache.v1.multiprocess.modules.lmcache_driven_transfer)[0m
[32;20m[2026-09-03 13:03:24,683] LMCache INFO:[0m Stored 8192 tokens in 0.007 seconds [3m(lmcache_driven_transfer.py:1284:lmcache.v1.multiprocess.modules.lmcache_driven_transfer)[0m
[32;20m[2026-09-03 13:03:24,684] LMCache INFO:[0m Stored 8192 tokens in 0.007 seconds [3m(lmcache_driven_transfer.py:1284:lmcache.v1.multiprocess.modules.lmcache_driven_transfer)[0m
[32;20m[2026-09-03 13:03:24,685] LMCache INFO:[0m Stored 8192 tokens in 0.005 seconds [3m(lmcache_driven_transfer.py:1284:lmcache.v1.multiprocess.modules.lmcache_driven_transfer)[0m
[32;20m[2026-09-03 13:03:24,703] LMCache INFO:[0m Stored 8192 tokens in 0.002 seconds [3m(lmcache_driven_transfer.py:1284:lmcache.v1.multiprocess.modules.lmcache_driven_transfer)[0m
[32;20m[2026-09-03 13:03:24,734] LMCache INFO:[0m Stored 8192 tokens in 0.015 seconds [3m(lmcache_driven_transfer.py:1284:lmcache.v1.multiprocess.modules.lmcache_driven_transfer)[0m
[32;20m[2026-09-03 13:03:24,735] LMCache INFO:[0m Stored 8192 tokens in 0.014 seconds [3m(lmcache_driven_transfer.py:1284:lmcache.v1.multiprocess.modules.lmcache_driven_transfer)[0m
[32;20m[2026-09-03 13:03:24,736] LMCache INFO:[0m Stored 8192 tokens in 0.009 seconds [3m(lmcache_driven_transfer.py:1284:lmcache.v1.multiprocess.modules.lmcache_driven_transfer)[0m
[32;20m[2026-09-03 13:03:24,736] LMCache INFO:[0m Stored 8192 tokens in 0.012 seconds [3m(lmcache_driven_transfer.py:1284:lmcache.v1.multiprocess.modules.lmcache_driven_transfer)[0m
[32;20m[2026-09-03 13:03:24,774] LMCache INFO:[0m Stored 8192 tokens in 0.010 seconds [3m(lmcache_driven_transfer.py:1284:lmcache.v1.multiprocess.modules.lmcache_driven_transfer)[0m
[32;20m[2026-09-03 13:03:24,776] LMCache INFO:[0m Stored 8192 tokens in 0.011 seconds [3m(lmcache_driven_transfer.py:1284:lmcache.v1.multiprocess.modules.lmcache_driven_transfer)[0m
[32;20m[2026-09-03 13:03:24,778] LMCache INFO:[0m Stored 8192 tokens in 0.006 seconds [3m(lmcache_driven_transfer.py:1284:lmcache.v1.multiprocess.modules.lmcache_driven_transfer)[0m
[32;20m[2026-09-03 13:03:24,778] LMCache INFO:[0m Stored 8192 tokens in 0.008 seconds [3m(lmcache_driven_transfer.py:1284:lmcache.v1.multiprocess.modules.lmcache_driven_transfer)[0m
[32;20m[2026-09-03 13:03:24,808] LMCache INFO:[0m Stored 8192 tokens in 0.016 seconds [3m(lmcache_driven_transfer.py:1284:lmcache.v1.multiprocess.modules.lmcache_driven_transfer)[0m
[32;20m[2026-09-03 13:03:24,809] LMCache INFO:[0m Stored 8192 tokens in 0.015 seconds [3m(lmcache_driven_transfer.py:1284:lmcache.v1.multiprocess.modules.lmcache_driven_transfer)[0m
[32;20m[2026-09-03 13:03:24,810] LMCache INFO:[0m Stored 8192 tokens in 0.011 seconds [3m(lmcache_driven_transfer.py:1284:lmcache.v1.multiprocess.modules.lmcache_driven_transfer)[0m
[32;20m[2026-09-03 13:03:24,810] LMCache INFO:[0m Stored 8192 tokens in 0.013 seconds [3m(lmcache_driven_transfer.py:1284:lmcache.v1.multiprocess.modules.lmcache_driven_transfer)[0m
[32;20m[2026-09-03 13:03:24,838] LMCache INFO:[0m Stored 8192 tokens in 0.002 seconds [3m(lmcache_driven_transfer.py:1284:lmcache.v1.multiprocess.modules.lmcache_driven_transfer)[0m
[32;20m[2026-09-03 13:03:24,857] LMCache INFO:[0m Stored 8192 tokens in 0.005 seconds [3m(lmcache_driven_transfer.py:1284:lmcache.v1.multiprocess.modules.lmcache_driven_transfer)[0m
[32;20m[2026-09-03 13:03:24,858] LMCache INFO:[0m Stored 8192 tokens in 0.004 seconds [3m(lmcache_driven_transfer.py:1284:lmcache.v1.multiprocess.modules.lmcache_driven_transfer)[0m
[32;20m[2026-09-03 13:03:24,861] LMCache INFO:[0m Stored 8192 tokens in 0.002 seconds [3m(lmcache_driven_transfer.py:1284:lmcache.v1.multiprocess.modules.lmcache_driven_transfer)[0m
[32;20m[2026-09-03 13:03:24,885] LMCache INFO:[0m Stored 8192 tokens in 0.012 seconds [3m(lmcache_driven_transfer.py:1284:lmcache.v1.multiprocess.modules.lmcache_driven_transfer)[0m
[32;20m[2026-09-03 13:03:24,885] LMCache INFO:[0m Stored 8192 tokens in 0.008 seconds [3m(lmcache_driven_transfer.py:1284:lmcache.v1.multiprocess.modules.lmcache_driven_transfer)[0m
[32;20m[2026-09-03 13:03:24,885] LMCache INFO:[0m Stored 8192 tokens in 0.010 seconds [3m(lmcache_driven_transfer.py:1284:lmcache.v1.multiprocess.modules.lmcache_driven_transfer)[0m
[32;20m[2026-09-03 13:03:24,886] LMCache INFO:[0m Stored 8192 tokens in 0.007 seconds [3m(lmcache_driven_transfer.py:1284:lmcache.v1.multiprocess.modules.lmcache_driven_transfer)[0m
[32;20m[2026-09-03 13:03:24,906] LMCache INFO:[0m Stored 8192 tokens in 0.002 seconds [3m(lmcache_driven_transfer.py:1284:lmcache.v1.multiprocess.modules.lmcache_driven_transfer)[0m
[32;20m[2026-09-03 13:03:24,943] LMCache INFO:[0m Stored 8192 tokens in 0.003 seconds [3m(lmcache_driven_transfer.py:1284:lmcache.v1.multiprocess.modules.lmcache_driven_transfer)[0m
[32;20m[2026-09-03 13:03:24,944] LMCache INFO:[0m Stored 8192 tokens in 0.006 seconds [3m(lmcache_driven_transfer.py:1284:lmcache.v1.multiprocess.modules.lmcache_driven_transfer)[0m
[32;20m[2026-09-03 13:03:24,950] LMCache INFO:[0m Stored 8192 tokens in 0.002 seconds [3m(lmcache_driven_transfer.py:1284:lmcache.v1.multiprocess.modules.lmcache_driven_transfer)[0m
[32;20m[2026-09-03 13:03:24,978] LMCache INFO:[0m Stored 8192 tokens in 0.015 seconds [3m(lmcache_driven_transfer.py:1284:lmcache.v1.multiprocess.modules.lmcache_driven_transfer)[0m
[32;20m[2026-09-03 13:03:24,979] LMCache INFO:[0m Stored 8192 tokens in 0.012 seconds [3m(lmcache_driven_transfer.py:1284:lmcache.v1.multiprocess.modules.lmcache_driven_transfer)[0m
[32;20m[2026-09-03 13:03:24,980] LMCache INFO:[0m Stored 8192 tokens in 0.013 seconds [3m(lmcache_driven_transfer.py:1284:lmcache.v1.multiprocess.modules.lmcache_driven_transfer)[0m
[32;20m[2026-09-03 13:03:24,981] LMCache INFO:[0m Stored 8192 tokens in 0.013 seconds [3m(lmcache_driven_transfer.py:1284:lmcache.v1.multiprocess.modules.lmcache_driven_transfer)[0m
[32;20m[2026-09-03 13:03:24,982] LMCache INFO:[0m Stored 8192 tokens in 0.009 seconds [3m(lmcache_driven_transfer.py:1284:lmcache.v1.multiprocess.modules.lmcache_driven_transfer)[0m
[32;20m[2026-09-03 13:03:25,011] LMCache INFO:[0m Stored 8192 tokens in 0.002 seconds [3m(lmcache_driven_transfer.py:1284:lmcache.v1.multiprocess.modules.lmcache_driven_transfer)[0m
[32;20m[2026-09-03 13:03:25,028] LMCache INFO:[0m Stored 8192 tokens in 0.002 seconds [3m(lmcache_driven_transfer.py:1284:lmcache.v1.multiprocess.modules.lmcache_driven_transfer)[0m
[32;20m[2026-09-03 13:03:25,044] LMCache INFO:[0m Stored 8192 tokens in 0.004 seconds [3m(lmcache_driven_transfer.py:1284:lmcache.v1.multiprocess.modules.lmcache_driven_transfer)[0m
[32;20m[2026-09-03 13:03:25,073] LMCache INFO:[0m Stored 8192 tokens in 0.010 seconds [3m(lmcache_driven_transfer.py:1284:lmcache.v1.multiprocess.modules.lmcache_driven_transfer)[0m
[32;20m[2026-09-03 13:03:25,078] LMCache INFO:[0m Stored 8192 tokens in 0.016 seconds [3m(lmcache_driven_transfer.py:1284:lmcache.v1.multiprocess.modules.lmcache_driven_transfer)[0m
[32;20m[2026-09-03 13:03:25,078] LMCache INFO:[0m Stored 8192 tokens in 0.011 seconds [3m(lmcache_driven_transfer.py:1284:lmcache.v1.multiprocess.modules.lmcache_driven_transfer)[0m
[32;20m[2026-09-03 13:03:25,078] LMCache INFO:[0m Stored 8192 tokens in 0.018 seconds [3m(lmcache_driven_transfer.py:1284:lmcache.v1.multiprocess.modules.lmcache_driven_transfer)[0m
[32;20m[2026-09-03 13:03:25,080] LMCache INFO:[0m Stored 8192 tokens in 0.014 seconds [3m(lmcache_driven_transfer.py:1284:lmcache.v1.multiprocess.modules.lmcache_driven_transfer)[0m
[32;20m[2026-09-03 13:03:25,081] LMCache INFO:[0m Stored 8192 tokens in 0.006 seconds [3m(lmcache_driven_transfer.py:1284:lmcache.v1.multiprocess.modules.lmcache_driven_transfer)[0m
[32;20m[2026-09-03 13:03:25,116] LMCache INFO:[0m Stored 8192 tokens in 0.003 seconds [3m(lmcache_driven_transfer.py:1284:lmcache.v1.multiprocess.modules.lmcache_driven_transfer)[0m
[32;20m[2026-09-03 13:03:25,134] LMCache INFO:[0m Stored 8192 tokens in 0.002 seconds [3m(lmcache_driven_transfer.py:1284:lmcache.v1.multiprocess.modules.lmcache_driven_transfer)[0m
[32;20m[2026-09-03 13:03:25,278] LMCache INFO:[0m Stored 8192 tokens in 0.022 seconds [3m(lmcache_driven_transfer.py:1284:lmcache.v1.multiprocess.modules.lmcache_driven_transfer)[0m
[32;20m[2026-09-03 13:03:25,278] LMCache INFO:[0m Stored 8192 tokens in 0.025 seconds [3m(lmcache_driven_transfer.py:1284:lmcache.v1.multiprocess.modules.lmcache_driven_transfer)[0m
[32;20m[2026-09-03 13:03:25,280] LMCache INFO:[0m Stored 8192 tokens in 0.022 seconds [3m(lmcache_driven_transfer.py:1284:lmcache.v1.multiprocess.modules.lmcache_driven_transfer)[0m
[32;20m[2026-09-03 13:03:25,280] LMCache INFO:[0m Stored 8192 tokens in 0.029 seconds [3m(lmcache_driven_transfer.py:1284:lmcache.v1.multiprocess.modules.lmcache_driven_transfer)[0m
[32;20m[2026-09-03 13:03:25,281] LMCache INFO:[0m Stored 8192 tokens in 0.019 seconds [3m(lmcache_driven_transfer.py:1284:lmcache.v1.multiprocess.modules.lmcache_driven_transfer)[0m
[32;20m[2026-09-03 13:03:25,283] LMCache INFO:[0m Stored 8192 tokens in 0.019 seconds [3m(lmcache_driven_transfer.py:1284:lmcache.v1.multiprocess.modules.lmcache_driven_transfer)[0m
[32;20m[2026-09-03 13:03:25,297] LMCache INFO:[0m Stored 8192 tokens in 0.002 seconds [3m(lmcache_driven_transfer.py:1284:lmcache.v1.multiprocess.modules.lmcache_driven_transfer)[0m
[32;20m[2026-09-03 13:03:25,297] LMCache INFO:[0m L1 memory usage 0.90 above watermark 0.80; triggering eviction. [3m(eviction_controller.py:179:lmcache.v1.distributed.storage_controllers.eviction_controller)[0m
[32;20m[2026-09-03 13:03:25,316] LMCache INFO:[0m Stored 8192 tokens in 0.002 seconds [3m(lmcache_driven_transfer.py:1284:lmcache.v1.multiprocess.modules.lmcache_driven_transfer)[0m
[32;20m[2026-09-03 13:03:25,347] LMCache INFO:[0m Stored 8192 tokens in 0.020 seconds [3m(lmcache_driven_transfer.py:1284:lmcache.v1.multiprocess.modules.lmcache_driven_transfer)[0m
[32;20m[2026-09-03 13:03:25,349] LMCache INFO:[0m Stored 8192 tokens in 0.015 seconds [3m(lmcache_driven_transfer.py:1284:lmcache.v1.multiprocess.modules.lmcache_driven_transfer)[0m
[32;20m[2026-09-03 13:03:25,349] LMCache INFO:[0m Stored 8192 tokens in 0.018 seconds [3m(lmcache_driven_transfer.py:1284:lmcache.v1.multiprocess.modules.lmcache_driven_transfer)[0m
[32;20m[2026-09-03 13:03:25,350] LMCache INFO:[0m Stored 8192 tokens in 0.013 seconds [3m(lmcache_driven_transfer.py:1284:lmcache.v1.multiprocess.modules.lmcache_driven_transfer)[0m
[32;20m[2026-09-03 13:03:25,351] LMCache INFO:[0m Stored 8192 tokens in 0.022 seconds [3m(lmcache_driven_transfer.py:1284:lmcache.v1.multiprocess.modules.lmcache_driven_transfer)[0m
[32;20m[2026-09-03 13:03:25,352] LMCache INFO:[0m Stored 8192 tokens in 0.010 seconds [3m(lmcache_driven_transfer.py:1284:lmcache.v1.multiprocess.modules.lmcache_driven_transfer)[0m
[32;20m[2026-09-03 13:03:25,385] LMCache INFO:[0m Stored 8192 tokens in 0.002 seconds [3m(lmcache_driven_transfer.py:1284:lmcache.v1.multiprocess.modules.lmcache_driven_transfer)[0m
[32;20m[2026-09-03 13:03:25,417] LMCache INFO:[0m Stored 8192 tokens in 0.024 seconds [3m(lmcache_driven_transfer.py:1284:lmcache.v1.multiprocess.modules.lmcache_driven_transfer)[0m
[32;20m[2026-09-03 13:03:25,418] LMCache INFO:[0m Stored 8192 tokens in 0.018 seconds [3m(lmcache_driven_transfer.py:1284:lmcache.v1.multiprocess.modules.lmcache_driven_transfer)[0m
[32;20m[2026-09-03 13:03:25,420] LMCache INFO:[0m Stored 8192 tokens in 0.022 seconds [3m(lmcache_driven_transfer.py:1284:lmcache.v1.multiprocess.modules.lmcache_driven_transfer)[0m
[32;20m[2026-09-03 13:03:25,420] LMCache INFO:[0m Stored 8192 tokens in 0.025 seconds [3m(lmcache_driven_transfer.py:1284:lmcache.v1.multiprocess.modules.lmcache_driven_transfer)[0m
[32;20m[2026-09-03 13:03:25,422] LMCache INFO:[0m Stored 8192 tokens in 0.015 seconds [3m(lmcache_driven_transfer.py:1284:lmcache.v1.multiprocess.modules.lmcache_driven_transfer)[0m
[32;20m[2026-09-03 13:03:25,422] LMCache INFO:[0m Stored 8192 tokens in 0.017 seconds [3m(lmcache_driven_transfer.py:1284:lmcache.v1.multiprocess.modules.lmcache_driven_transfer)[0m
[32;20m[2026-09-03 13:03:25,423] LMCache INFO:[0m Stored 8192 tokens in 0.021 seconds [3m(lmcache_driven_transfer.py:1284:lmcache.v1.multiprocess.modules.lmcache_driven_transfer)[0m
[32;20m[2026-09-03 13:03:25,473] LMCache INFO:[0m Stored 8192 tokens in 0.002 seconds [3m(lmcache_driven_transfer.py:1284:lmcache.v1.multiprocess.modules.lmcache_driven_transfer)[0m
[32;20m[2026-09-03 13:03:25,495] LMCache INFO:[0m Stored 8192 tokens in 0.013 seconds [3m(lmcache_driven_transfer.py:1284:lmcache.v1.multiprocess.modules.lmcache_driven_transfer)[0m
[32;20m[2026-09-03 13:03:25,502] LMCache INFO:[0m Stored 8192 tokens in 0.016 seconds [3m(lmcache_driven_transfer.py:1284:lmcache.v1.multiprocess.modules.lmcache_driven_transfer)[0m
[32;20m[2026-09-03 13:03:25,502] LMCache INFO:[0m Stored 8192 tokens in 0.025 seconds [3m(lmcache_driven_transfer.py:1284:lmcache.v1.multiprocess.modules.lmcache_driven_transfer)[0m
[32;20m[2026-09-03 13:03:25,505] LMCache INFO:[0m Stored 8192 tokens in 0.021 seconds [3m(lmcache_driven_transfer.py:1284:lmcache.v1.multiprocess.modules.lmcache_driven_transfer)[0m
[32;20m[2026-09-03 13:03:25,507] LMCache INFO:[0m Stored 8192 tokens in 0.026 seconds [3m(lmcache_driven_transfer.py:1284:lmcache.v1.multiprocess.modules.lmcache_driven_transfer)[0m
[32;20m[2026-09-03 13:03:25,507] LMCache INFO:[0m Stored 8192 tokens in 0.019 seconds [3m(lmcache_driven_transfer.py:1284:lmcache.v1.multiprocess.modules.lmcache_driven_transfer)[0m
[32;20m[2026-09-03 13:03:25,508] LMCache INFO:[0m Stored 8192 tokens in 0.013 seconds [3m(lmcache_driven_transfer.py:1284:lmcache.v1.multiprocess.modules.lmcache_driven_transfer)[0m
[32;20m[2026-09-03 13:03:25,559] LMCache INFO:[0m Stored 8192 tokens in 0.002 seconds [3m(lmcache_driven_transfer.py:1284:lmcache.v1.multiprocess.modules.lmcache_driven_transfer)[0m
[32;20m[2026-09-03 13:03:25,589] LMCache INFO:[0m Stored 8192 tokens in 0.018 seconds [3m(lmcache_driven_transfer.py:1284:lmcache.v1.multiprocess.modules.lmcache_driven_transfer)[0m
[32;20m[2026-09-03 13:03:25,591] LMCache INFO:[0m Stored 8192 tokens in 0.016 seconds [3m(lmcache_driven_transfer.py:1284:lmcache.v1.multiprocess.modules.lmcache_driven_transfer)[0m
[32;20m[2026-09-03 13:03:25,593] LMCache INFO:[0m Stored 8192 tokens in 0.017 seconds [3m(lmcache_driven_transfer.py:1284:lmcache.v1.multiprocess.modules.lmcache_driven_transfer)[0m
[32;20m[2026-09-03 13:03:25,594] LMCache INFO:[0m Stored 8192 tokens in 0.025 seconds [3m(lmcache_driven_transfer.py:1284:lmcache.v1.multiprocess.modules.lmcache_driven_transfer)[0m
[32;20m[2026-09-03 13:03:25,595] LMCache INFO:[0m Stored 8192 tokens in 0.023 seconds [3m(lmcache_driven_transfer.py:1284:lmcache.v1.multiprocess.modules.lmcache_driven_transfer)[0m
[32;20m[2026-09-03 13:03:25,596] LMCache INFO:[0m Stored 8192 tokens in 0.012 seconds [3m(lmcache_driven_transfer.py:1284:lmcache.v1.multiprocess.modules.lmcache_driven_transfer)[0m
[32;20m[2026-09-03 13:03:25,597] LMCache INFO:[0m Stored 8192 tokens in 0.018 seconds [3m(lmcache_driven_transfer.py:1284:lmcache.v1.multiprocess.modules.lmcache_driven_transfer)[0m
[32;20m[2026-09-03 13:03:25,645] LMCache INFO:[0m Stored 8192 tokens in 0.002 seconds [3m(lmcache_driven_transfer.py:1284:lmcache.v1.multiprocess.modules.lmcache_driven_transfer)[0m
[32;20m[2026-09-03 13:03:25,682] LMCache INFO:[0m Stored 8192 tokens in 0.014 seconds [3m(lmcache_driven_transfer.py:1284:lmcache.v1.multiprocess.modules.lmcache_driven_transfer)[0m
[32;20m[2026-09-03 13:03:25,685] LMCache INFO:[0m Stored 8192 tokens in 0.021 seconds [3m(lmcache_driven_transfer.py:1284:lmcache.v1.multiprocess.modules.lmcache_driven_transfer)[0m
[32;20m[2026-09-03 13:03:25,695] LMCache INFO:[0m Stored 8192 tokens in 0.022 seconds [3m(lmcache_driven_transfer.py:1284:lmcache.v1.multiprocess.modules.lmcache_driven_transfer)[0m
[32;20m[2026-09-03 13:03:25,695] LMCache INFO:[0m Stored 8192 tokens in 0.020 seconds [3m(lmcache_driven_transfer.py:1284:lmcache.v1.multiprocess.modules.lmcache_driven_transfer)[0m
[32;20m[2026-09-03 13:03:25,696] LMCache INFO:[0m Stored 8192 tokens in 0.025 seconds [3m(lmcache_driven_transfer.py:1284:lmcache.v1.multiprocess.modules.lmcache_driven_transfer)[0m
[32;20m[2026-09-03 13:03:25,697] LMCache INFO:[0m Stored 8192 tokens in 0.030 seconds [3m(lmcache_driven_transfer.py:1284:lmcache.v1.multiprocess.modules.lmcache_driven_transfer)[0m
[32;20m[2026-09-03 13:03:25,700] LMCache INFO:[0m Stored 8192 tokens in 0.020 seconds [3m(lmcache_driven_transfer.py:1284:lmcache.v1.multiprocess.modules.lmcache_driven_transfer)[0m
[32;20m[2026-09-03 13:03:25,733] LMCache INFO:[0m Stored 8192 tokens in 0.002 seconds [3m(lmcache_driven_transfer.py:1284:lmcache.v1.multiprocess.modules.lmcache_driven_transfer)[0m
[32;20m[2026-09-03 13:03:25,762] LMCache INFO:[0m Stored 8192 tokens in 0.002 seconds [3m(lmcache_driven_transfer.py:1284:lmcache.v1.multiprocess.modules.lmcache_driven_transfer)[0m
[32;20m[2026-09-03 13:03:25,796] LMCache INFO:[0m Stored 8192 tokens in 0.022 seconds [3m(lmcache_driven_transfer.py:1284:lmcache.v1.multiprocess.modules.lmcache_driven_transfer)[0m
[32;20m[2026-09-03 13:03:25,797] LMCache INFO:[0m Stored 8192 tokens in 0.020 seconds [3m(lmcache_driven_transfer.py:1284:lmcache.v1.multiprocess.modules.lmcache_driven_transfer)[0m
[32;20m[2026-09-03 13:03:25,797] LMCache INFO:[0m Stored 8192 tokens in 0.028 seconds [3m(lmcache_driven_transfer.py:1284:lmcache.v1.multiprocess.modules.lmcache_driven_transfer)[0m
[32;20m[2026-09-03 13:03:25,798] LMCache INFO:[0m Stored 8192 tokens in 0.027 seconds [3m(lmcache_driven_transfer.py:1284:lmcache.v1.multiprocess.modules.lmcache_driven_transfer)[0m
[32;20m[2026-09-03 13:03:25,799] LMCache INFO:[0m Stored 8192 tokens in 0.017 seconds [3m(lmcache_driven_transfer.py:1284:lmcache.v1.multiprocess.modules.lmcache_driven_transfer)[0m
[32;20m[2026-09-03 13:03:25,800] LMCache INFO:[0m Stored 8192 tokens in 0.020 seconds [3m(lmcache_driven_transfer.py:1284:lmcache.v1.multiprocess.modules.lmcache_driven_transfer)[0m
[32;20m[2026-09-03 13:03:25,824] LMCache INFO:[0m Stored 8192 tokens in 0.002 seconds [3m(lmcache_driven_transfer.py:1284:lmcache.v1.multiprocess.modules.lmcache_driven_transfer)[0m
[32;20m[2026-09-03 13:03:25,854] LMCache INFO:[0m Stored 8192 tokens in 0.002 seconds [3m(lmcache_driven_transfer.py:1284:lmcache.v1.multiprocess.modules.lmcache_driven_transfer)[0m
[32;20m[2026-09-03 13:03:25,876] LMCache INFO:[0m Stored 8192 tokens in 0.014 seconds [3m(lmcache_driven_transfer.py:1284:lmcache.v1.multiprocess.modules.lmcache_driven_transfer)[0m
[32;20m[2026-09-03 13:03:25,878] LMCache INFO:[0m Stored 8192 tokens in 0.019 seconds [3m(lmcache_driven_transfer.py:1284:lmcache.v1.multiprocess.modules.lmcache_driven_transfer)[0m
[32;20m[2026-09-03 13:03:25,885] LMCache INFO:[0m Stored 8192 tokens in 0.019 seconds [3m(lmcache_driven_transfer.py:1284:lmcache.v1.multiprocess.modules.lmcache_driven_transfer)[0m
[32;20m[2026-09-03 13:03:25,885] LMCache INFO:[0m Stored 8192 tokens in 0.021 seconds [3m(lmcache_driven_transfer.py:1284:lmcache.v1.multiprocess.modules.lmcache_driven_transfer)[0m
[32;20m[2026-09-03 13:03:25,887] LMCache INFO:[0m Stored 8192 tokens in 0.019 seconds [3m(lmcache_driven_transfer.py:1284:lmcache.v1.multiprocess.modules.lmcache_driven_transfer)[0m
[32;20m[2026-09-03 13:03:25,888] LMCache INFO:[0m Stored 8192 tokens in 0.018 seconds [3m(lmcache_driven_transfer.py:1284:lmcache.v1.multiprocess.modules.lmcache_driven_transfer)[0m
[32;20m[2026-09-03 13:03:25,912] LMCache INFO:[0m Stored 8192 tokens in 0.002 seconds [3m(lmcache_driven_transfer.py:1284:lmcache.v1.multiprocess.modules.lmcache_driven_transfer)[0m
[32;20m[2026-09-03 13:03:25,964] LMCache INFO:[0m Stored 8192 tokens in 0.023 seconds [3m(lmcache_driven_transfer.py:1284:lmcache.v1.multiprocess.modules.lmcache_driven_transfer)[0m
[32;20m[2026-09-03 13:03:25,965] LMCache INFO:[0m Stored 8192 tokens in 0.022 seconds [3m(lmcache_driven_transfer.py:1284:lmcache.v1.multiprocess.modules.lmcache_driven_transfer)[0m
[32;20m[2026-09-03 13:03:25,967] LMCache INFO:[0m Stored 8192 tokens in 0.022 seconds [3m(lmcache_driven_transfer.py:1284:lmcache.v1.multiprocess.modules.lmcache_driven_transfer)[0m
[32;20m[2026-09-03 13:03:25,968] LMCache INFO:[0m Stored 8192 tokens in 0.019 seconds [3m(lmcache_driven_transfer.py:1284:lmcache.v1.multiprocess.modules.lmcache_driven_transfer)[0m
[32;20m[2026-09-03 13:03:25,969] LMCache INFO:[0m Stored 8192 tokens in 0.012 seconds [3m(lmcache_driven_transfer.py:1284:lmcache.v1.multiprocess.modules.lmcache_driven_transfer)[0m
[32;20m[2026-09-03 13:03:25,969] LMCache INFO:[0m Stored 8192 tokens in 0.018 seconds [3m(lmcache_driven_transfer.py:1284:lmcache.v1.multiprocess.modules.lmcache_driven_transfer)[0m
[32;20m[2026-09-03 13:03:25,970] LMCache INFO:[0m Stored 8192 tokens in 0.014 seconds [3m(lmcache_driven_transfer.py:1284:lmcache.v1.multiprocess.modules.lmcache_driven_transfer)[0m
[32;20m[2026-09-03 13:03:25,998] LMCache INFO:[0m Stored 8192 tokens in 0.002 seconds [3m(lmcache_driven_transfer.py:1284:lmcache.v1.multiprocess.modules.lmcache_driven_transfer)[0m
[32;20m[2026-09-03 13:03:26,038] LMCache INFO:[0m Stored 8192 tokens in 0.021 seconds [3m(lmcache_driven_transfer.py:1284:lmcache.v1.multiprocess.modules.lmcache_driven_transfer)[0m
[32;20m[2026-09-03 13:03:26,039] LMCache INFO:[0m Stored 8192 tokens in 0.020 seconds [3m(lmcache_driven_transfer.py:1284:lmcache.v1.multiprocess.modules.lmcache_driven_transfer)[0m
[32;20m[2026-09-03 13:03:26,042] LMCache INFO:[0m Stored 8192 tokens in 0.020 seconds [3m(lmcache_driven_transfer.py:1284:lmcache.v1.multiprocess.modules.lmcache_driven_transfer)[0m
[32;20m[2026-09-03 13:03:26,044] LMCache INFO:[0m Stored 8192 tokens in 0.021 seconds [3m(lmcache_driven_transfer.py:1284:lmcache.v1.multiprocess.modules.lmcache_driven_transfer)[0m
[32;20m[2026-09-03 13:03:26,045] LMCache INFO:[0m Stored 8192 tokens in 0.018 seconds [3m(lmcache_driven_transfer.py:1284:lmcache.v1.multiprocess.modules.lmcache_driven_transfer)[0m
[32;20m[2026-09-03 13:03:26,046] LMCache INFO:[0m Stored 8192 tokens in 0.021 seconds [3m(lmcache_driven_transfer.py:1284:lmcache.v1.multiprocess.modules.lmcache_driven_transfer)[0m
[32;20m[2026-09-03 13:03:26,047] LMCache INFO:[0m Stored 8192 tokens in 0.010 seconds [3m(lmcache_driven_transfer.py:1284:lmcache.v1.multiprocess.modules.lmcache_driven_transfer)[0m
[32;20m[2026-09-03 13:03:26,086] LMCache INFO:[0m Stored 8192 tokens in 0.002 seconds [3m(lmcache_driven_transfer.py:1284:lmcache.v1.multiprocess.modules.lmcache_driven_transfer)[0m
[32;20m[2026-09-03 13:03:26,125] LMCache INFO:[0m Stored 8192 tokens in 0.022 seconds [3m(lmcache_driven_transfer.py:1284:lmcache.v1.multiprocess.modules.lmcache_driven_transfer)[0m
[32;20m[2026-09-03 13:03:26,127] LMCache INFO:[0m Stored 8192 tokens in 0.017 seconds [3m(lmcache_driven_transfer.py:1284:lmcache.v1.multiprocess.modules.lmcache_driven_transfer)[0m
[32;20m[2026-09-03 13:03:26,129] LMCache INFO:[0m Stored 8192 tokens in 0.015 seconds [3m(lmcache_driven_transfer.py:1284:lmcache.v1.multiprocess.modules.lmcache_driven_transfer)[0m
[32;20m[2026-09-03 13:03:26,130] LMCache INFO:[0m Stored 8192 tokens in 0.024 seconds [3m(lmcache_driven_transfer.py:1284:lmcache.v1.multiprocess.modules.lmcache_driven_transfer)[0m
[32;20m[2026-09-03 13:03:26,131] LMCache INFO:[0m Stored 8192 tokens in 0.023 seconds [3m(lmcache_driven_transfer.py:1284:lmcache.v1.multiprocess.modules.lmcache_driven_transfer)[0m
[32;20m[2026-09-03 13:03:26,132] LMCache INFO:[0m Stored 8192 tokens in 0.016 seconds [3m(lmcache_driven_transfer.py:1284:lmcache.v1.multiprocess.modules.lmcache_driven_transfer)[0m
[32;20m[2026-09-03 13:03:26,132] LMCache INFO:[0m Stored 8192 tokens in 0.014 seconds [3m(lmcache_driven_transfer.py:1284:lmcache.v1.multiprocess.modules.lmcache_driven_transfer)[0m
[32;20m[2026-09-03 13:03:26,172] LMCache INFO:[0m Stored 8192 tokens in 0.002 seconds [3m(lmcache_driven_transfer.py:1284:lmcache.v1.multiprocess.modules.lmcache_driven_transfer)[0m
[32;20m[2026-09-03 13:03:26,180] LMCache INFO:[0m Stored 8192 tokens in 0.002 seconds [3m(lmcache_driven_transfer.py:1284:lmcache.v1.multiprocess.modules.lmcache_driven_transfer)[0m
[32;20m[2026-09-03 13:03:26,207] LMCache INFO:[0m Stored 8192 tokens in 0.015 seconds [3m(lmcache_driven_transfer.py:1284:lmcache.v1.multiprocess.modules.lmcache_driven_transfer)[0m
[32;20m[2026-09-03 13:03:26,208] LMCache INFO:[0m Stored 8192 tokens in 0.013 seconds [3m(lmcache_driven_transfer.py:1284:lmcache.v1.multiprocess.modules.lmcache_driven_transfer)[0m
[32;20m[2026-09-03 13:03:26,210] LMCache INFO:[0m Stored 8192 tokens in 0.021 seconds [3m(lmcache_driven_transfer.py:1284:lmcache.v1.multiprocess.modules.lmcache_driven_transfer)[0m
[32;20m[2026-09-03 13:03:26,212] LMCache INFO:[0m Stored 8192 tokens in 0.018 seconds [3m(lmcache_driven_transfer.py:1284:lmcache.v1.multiprocess.modules.lmcache_driven_transfer)[0m
[32;20m[2026-09-03 13:03:26,213] LMCache INFO:[0m Stored 8192 tokens in 0.016 seconds [3m(lmcache_driven_transfer.py:1284:lmcache.v1.multiprocess.modules.lmcache_driven_transfer)[0m
[32;20m[2026-09-03 13:03:26,214] LMCache INFO:[0m Stored 8192 tokens in 0.013 seconds [3m(lmcache_driven_transfer.py:1284:lmcache.v1.multiprocess.modules.lmcache_driven_transfer)[0m
[32;20m[2026-09-03 13:03:26,248] LMCache INFO:[0m Stored 8192 tokens in 0.002 seconds [3m(lmcache_driven_transfer.py:1284:lmcache.v1.multiprocess.modules.lmcache_driven_transfer)[0m
[32;20m[2026-09-03 13:03:26,260] LMCache INFO:[0m Stored 8192 tokens in 0.002 seconds [3m(lmcache_driven_transfer.py:1284:lmcache.v1.multiprocess.modules.lmcache_driven_transfer)[0m
[32;20m[2026-09-03 13:03:26,301] LMCache INFO:[0m Stored 8192 tokens in 0.016 seconds [3m(lmcache_driven_transfer.py:1284:lmcache.v1.multiprocess.modules.lmcache_driven_transfer)[0m
[32;20m[2026-09-03 13:03:26,302] LMCache INFO:[0m Stored 8192 tokens in 0.015 seconds [3m(lmcache_driven_transfer.py:1284:lmcache.v1.multiprocess.modules.lmcache_driven_transfer)[0m
[32;20m[2026-09-03 13:03:26,303] LMCache INFO:[0m L1 memory usage 0.93 above watermark 0.80; triggering eviction. [3m(eviction_controller.py:179:lmcache.v1.distributed.storage_controllers.eviction_controller)[0m
[32;20m[2026-09-03 13:03:26,302] LMCache INFO:[0m Stored 8192 tokens in 0.015 seconds [3m(lmcache_driven_transfer.py:1284:lmcache.v1.multiprocess.modules.lmcache_driven_transfer)[0m
[32;20m[2026-09-03 13:03:26,303] LMCache INFO:[0m Stored 8192 tokens in 0.021 seconds [3m(lmcache_driven_transfer.py:1284:lmcache.v1.multiprocess.modules.lmcache_driven_transfer)[0m
[32;20m[2026-09-03 13:03:26,309] LMCache INFO:[0m Stored 8192 tokens in 0.019 seconds [3m(lmcache_driven_transfer.py:1284:lmcache.v1.multiprocess.modules.lmcache_driven_transfer)[0m
[32;20m[2026-09-03 13:03:26,310] LMCache INFO:[0m Stored 8192 tokens in 0.021 seconds [3m(lmcache_driven_transfer.py:1284:lmcache.v1.multiprocess.modules.lmcache_driven_transfer)[0m
[32;20m[2026-09-03 13:03:26,316] LMCache INFO:[0m Stored 8192 tokens in 0.003 seconds [3m(lmcache_driven_transfer.py:1284:lmcache.v1.multiprocess.modules.lmcache_driven_transfer)[0m
[32;20m[2026-09-03 13:03:26,346] LMCache INFO:[0m Stored 8192 tokens in 0.002 seconds [3m(lmcache_driven_transfer.py:1284:lmcache.v1.multiprocess.modules.lmcache_driven_transfer)[0m
[32;20m[2026-09-03 13:03:26,491] LMCache INFO:[0m Stored 8192 tokens in 0.020 seconds [3m(lmcache_driven_transfer.py:1284:lmcache.v1.multiprocess.modules.lmcache_driven_transfer)[0m
[32;20m[2026-09-03 13:03:26,493] LMCache INFO:[0m Stored 8192 tokens in 0.017 seconds [3m(lmcache_driven_transfer.py:1284:lmcache.v1.multiprocess.modules.lmcache_driven_transfer)[0m
[32;20m[2026-09-03 13:03:26,493] LMCache INFO:[0m Stored 8192 tokens in 0.015 seconds [3m(lmcache_driven_transfer.py:1284:lmcache.v1.multiprocess.modules.lmcache_driven_transfer)[0m
[32;20m[2026-09-03 13:03:26,495] LMCache INFO:[0m Stored 8192 tokens in 0.021 seconds [3m(lmcache_driven_transfer.py:1284:lmcache.v1.multiprocess.modules.lmcache_driven_transfer)[0m
[32;20m[2026-09-03 13:03:26,496] LMCache INFO:[0m Stored 8192 tokens in 0.010 seconds [3m(lmcache_driven_transfer.py:1284:lmcache.v1.multiprocess.modules.lmcache_driven_transfer)[0m
[32;20m[2026-09-03 13:03:26,496] LMCache INFO:[0m Stored 8192 tokens in 0.012 seconds [3m(lmcache_driven_transfer.py:1284:lmcache.v1.multiprocess.modules.lmcache_driven_transfer)[0m
[32;20m[2026-09-03 13:03:26,497] LMCache INFO:[0m Stored 8192 tokens in 0.014 seconds [3m(lmcache_driven_transfer.py:1284:lmcache.v1.multiprocess.modules.lmcache_driven_transfer)[0m
[32;20m[2026-09-03 13:03:26,501] LMCache INFO:[0m Stored 8192 tokens in 0.002 seconds [3m(lmcache_driven_transfer.py:1284:lmcache.v1.multiprocess.modules.lmcache_driven_transfer)[0m
[32;20m[2026-09-03 13:03:47,188] LMCache INFO:[0m Stored 8192 tokens in 0.027 seconds [3m(lmcache_driven_transfer.py:1284:lmcache.v1.multiprocess.modules.lmcache_driven_transfer)[0m
[32;20m[2026-09-03 13:03:47,188] LMCache INFO:[0m Stored 8192 tokens in 0.036 seconds [3m(lmcache_driven_transfer.py:1284:lmcache.v1.multiprocess.modules.lmcache_driven_transfer)[0m
[32;20m[2026-09-03 13:03:47,191] LMCache INFO:[0m Stored 8192 tokens in 0.016 seconds [3m(lmcache_driven_transfer.py:1284:lmcache.v1.multiprocess.modules.lmcache_driven_transfer)[0m
[32;20m[2026-09-03 13:03:47,191] LMCache INFO:[0m Stored 8192 tokens in 0.027 seconds [3m(lmcache_driven_transfer.py:1284:lmcache.v1.multiprocess.modules.lmcache_driven_transfer)[0m
[32;20m[2026-09-03 13:03:47,192] LMCache INFO:[0m Stored 8192 tokens in 0.032 seconds [3m(lmcache_driven_transfer.py:1284:lmcache.v1.multiprocess.modules.lmcache_driven_transfer)[0m
[32;20m[2026-09-03 13:03:47,193] LMCache INFO:[0m Stored 8192 tokens in 0.038 seconds [3m(lmcache_driven_transfer.py:1284:lmcache.v1.multiprocess.modules.lmcache_driven_transfer)[0m
[32;20m[2026-09-03 13:03:47,195] LMCache INFO:[0m Stored 8192 tokens in 0.028 seconds [3m(lmcache_driven_transfer.py:1284:lmcache.v1.multiprocess.modules.lmcache_driven_transfer)[0m
[32;20m[2026-09-03 13:03:47,196] LMCache INFO:[0m Stored 8192 tokens in 0.023 seconds [3m(lmcache_driven_transfer.py:1284:lmcache.v1.multiprocess.modules.lmcache_driven_transfer)[0m
[32;20m[2026-09-03 13:03:47,264] LMCache INFO:[0m Stored 8192 tokens in 0.021 seconds [3m(lmcache_driven_transfer.py:1284:lmcache.v1.multiprocess.modules.lmcache_driven_transfer)[0m
[32;20m[2026-09-03 13:03:47,267] LMCache INFO:[0m Stored 8192 tokens in 0.017 seconds [3m(lmcache_driven_transfer.py:1284:lmcache.v1.multiprocess.modules.lmcache_driven_transfer)[0m
[32;20m[2026-09-03 13:03:47,268] LMCache INFO:[0m Stored 8192 tokens in 0.020 seconds [3m(lmcache_driven_transfer.py:1284:lmcache.v1.multiprocess.modules.lmcache_driven_transfer)[0m
[32;20m[2026-09-03 13:03:47,268] LMCache INFO:[0m Stored 8192 tokens in 0.023 seconds [3m(lmcache_driven_transfer.py:1284:lmcache.v1.multiprocess.modules.lmcache_driven_transfer)[0m
[32;20m[2026-09-03 13:03:47,269] LMCache INFO:[0m Stored 8192 tokens in 0.028 seconds [3m(lmcache_driven_transfer.py:1284:lmcache.v1.multiprocess.modules.lmcache_driven_transfer)[0m
[32;20m[2026-09-03 13:03:47,272] LMCache INFO:[0m Stored 8192 tokens in 0.017 seconds [3m(lmcache_driven_transfer.py:1284:lmcache.v1.multiprocess.modules.lmcache_driven_transfer)[0m
[32;20m[2026-09-03 13:03:47,273] LMCache INFO:[0m Stored 8192 tokens in 0.020 seconds [3m(lmcache_driven_transfer.py:1284:lmcache.v1.multiprocess.modules.lmcache_driven_transfer)[0m
[32;20m[2026-09-03 13:03:47,273] LMCache INFO:[0m Stored 8192 tokens in 0.014 seconds [3m(lmcache_driven_transfer.py:1284:lmcache.v1.multiprocess.modules.lmcache_driven_transfer)[0m
[32;20m[2026-09-03 13:03:47,316] LMCache INFO:[0m L1 memory usage 0.81 above watermark 0.80; triggering eviction. [3m(eviction_controller.py:179:lmcache.v1.distributed.storage_controllers.eviction_controller)[0m
[32;20m[2026-09-03 13:03:47,346] LMCache INFO:[0m Stored 8192 tokens in 0.012 seconds [3m(lmcache_driven_transfer.py:1284:lmcache.v1.multiprocess.modules.lmcache_driven_transfer)[0m
[32;20m[2026-09-03 13:03:47,353] LMCache INFO:[0m Stored 8192 tokens in 0.022 seconds [3m(lmcache_driven_transfer.py:1284:lmcache.v1.multiprocess.modules.lmcache_driven_transfer)[0m
[32;20m[2026-09-03 13:03:47,354] LMCache INFO:[0m Stored 8192 tokens in 0.025 seconds [3m(lmcache_driven_transfer.py:1284:lmcache.v1.multiprocess.modules.lmcache_driven_transfer)[0m
[32;20m[2026-09-03 13:03:47,357] LMCache INFO:[0m Stored 8192 tokens in 0.021 seconds [3m(lmcache_driven_transfer.py:1284:lmcache.v1.multiprocess.modules.lmcache_driven_transfer)[0m
[32;20m[2026-09-03 13:03:47,357] LMCache INFO:[0m Stored 8192 tokens in 0.018 seconds [3m(lmcache_driven_transfer.py:1284:lmcache.v1.multiprocess.modules.lmcache_driven_transfer)[0m
[32;20m[2026-09-03 13:03:47,358] LMCache INFO:[0m Stored 8192 tokens in 0.016 seconds [3m(lmcache_driven_transfer.py:1284:lmcache.v1.multiprocess.modules.lmcache_driven_transfer)[0m
[32;20m[2026-09-03 13:03:47,359] LMCache INFO:[0m Stored 8192 tokens in 0.015 seconds [3m(lmcache_driven_transfer.py:1284:lmcache.v1.multiprocess.modules.lmcache_driven_transfer)[0m
[32;20m[2026-09-03 13:03:47,360] LMCache INFO:[0m Stored 8192 tokens in 0.012 seconds [3m(lmcache_driven_transfer.py:1284:lmcache.v1.multiprocess.modules.lmcache_driven_transfer)[0m
[32;20m[2026-09-03 13:03:47,435] LMCache INFO:[0m Stored 8192 tokens in 0.018 seconds [3m(lmcache_driven_transfer.py:1284:lmcache.v1.multiprocess.modules.lmcache_driven_transfer)[0m
[32;20m[2026-09-03 13:03:47,436] LMCache INFO:[0m Stored 8192 tokens in 0.016 seconds [3m(lmcache_driven_transfer.py:1284:lmcache.v1.multiprocess.modules.lmcache_driven_transfer)[0m
[32;20m[2026-09-03 13:03:47,441] LMCache INFO:[0m Stored 8192 tokens in 0.019 seconds [3m(lmcache_driven_transfer.py:1284:lmcache.v1.multiprocess.modules.lmcache_driven_transfer)[0m
[32;20m[2026-09-03 13:03:47,442] LMCache INFO:[0m Stored 8192 tokens in 0.018 seconds [3m(lmcache_driven_transfer.py:1284:lmcache.v1.multiprocess.modules.lmcache_driven_transfer)[0m
[32;20m[2026-09-03 13:03:47,442] LMCache INFO:[0m Stored 8192 tokens in 0.011 seconds [3m(lmcache_driven_transfer.py:1284:lmcache.v1.multiprocess.modules.lmcache_driven_transfer)[0m
[32;20m[2026-09-03 13:03:47,445] LMCache INFO:[0m Stored 8192 tokens in 0.011 seconds [3m(lmcache_driven_transfer.py:1284:lmcache.v1.multiprocess.modules.lmcache_driven_transfer)[0m
[32;20m[2026-09-03 13:03:47,447] LMCache INFO:[0m Stored 8192 tokens in 0.018 seconds [3m(lmcache_driven_transfer.py:1284:lmcache.v1.multiprocess.modules.lmcache_driven_transfer)[0m
[32;20m[2026-09-03 13:03:47,449] LMCache INFO:[0m Stored 8192 tokens in 0.010 seconds [3m(lmcache_driven_transfer.py:1284:lmcache.v1.multiprocess.modules.lmcache_driven_transfer)[0m
[32;20m[2026-09-03 13:03:47,518] LMCache INFO:[0m Stored 8192 tokens in 0.009 seconds [3m(lmcache_driven_transfer.py:1284:lmcache.v1.multiprocess.modules.lmcache_driven_transfer)[0m
[32;20m[2026-09-03 13:03:47,518] LMCache INFO:[0m Stored 8192 tokens in 0.006 seconds [3m(lmcache_driven_transfer.py:1284:lmcache.v1.multiprocess.modules.lmcache_driven_transfer)[0m
[32;20m[2026-09-03 13:03:47,522] LMCache INFO:[0m Stored 8192 tokens in 0.011 seconds [3m(lmcache_driven_transfer.py:1284:lmcache.v1.multiprocess.modules.lmcache_driven_transfer)[0m
[32;20m[2026-09-03 13:03:47,524] LMCache INFO:[0m Stored 8192 tokens in 0.016 seconds [3m(lmcache_driven_transfer.py:1284:lmcache.v1.multiprocess.modules.lmcache_driven_transfer)[0m
[32;20m[2026-09-03 13:03:47,528] LMCache INFO:[0m Stored 8192 tokens in 0.009 seconds [3m(lmcache_driven_transfer.py:1284:lmcache.v1.multiprocess.modules.lmcache_driven_transfer)[0m
[32;20m[2026-09-03 13:03:47,531] LMCache INFO:[0m Stored 8192 tokens in 0.008 seconds [3m(lmcache_driven_transfer.py:1284:lmcache.v1.multiprocess.modules.lmcache_driven_transfer)[0m
[32;20m[2026-09-03 13:03:47,533] LMCache INFO:[0m Stored 8192 tokens in 0.005 seconds [3m(lmcache_driven_transfer.py:1284:lmcache.v1.multiprocess.modules.lmcache_driven_transfer)[0m
[32;20m[2026-09-03 13:03:47,535] LMCache INFO:[0m Stored 8192 tokens in 0.003 seconds [3m(lmcache_driven_transfer.py:1284:lmcache.v1.multiprocess.modules.lmcache_driven_transfer)[0m
[32;20m[2026-09-03 13:03:47,606] LMCache INFO:[0m Stored 8192 tokens in 0.010 seconds [3m(lmcache_driven_transfer.py:1284:lmcache.v1.multiprocess.modules.lmcache_driven_transfer)[0m
[32;20m[2026-09-03 13:03:47,606] LMCache INFO:[0m Stored 8192 tokens in 0.011 seconds [3m(lmcache_driven_transfer.py:1284:lmcache.v1.multiprocess.modules.lmcache_driven_transfer)[0m
[32;20m[2026-09-03 13:03:47,608] LMCache INFO:[0m Stored 8192 tokens in 0.007 seconds [3m(lmcache_driven_transfer.py:1284:lmcache.v1.multiprocess.modules.lmcache_driven_transfer)[0m
[32;20m[2026-09-03 13:03:47,609] LMCache INFO:[0m Stored 8192 tokens in 0.010 seconds [3m(lmcache_driven_transfer.py:1284:lmcache.v1.multiprocess.modules.lmcache_driven_transfer)[0m
[32;20m[2026-09-03 13:03:47,616] LMCache INFO:[0m Stored 8192 tokens in 0.007 seconds [3m(lmcache_driven_transfer.py:1284:lmcache.v1.multiprocess.modules.lmcache_driven_transfer)[0m
[32;20m[2026-09-03 13:03:47,618] LMCache INFO:[0m Stored 8192 tokens in 0.006 seconds [3m(lmcache_driven_transfer.py:1284:lmcache.v1.multiprocess.modules.lmcache_driven_transfer)[0m
[32;20m[2026-09-03 13:03:47,619] LMCache INFO:[0m Stored 8192 tokens in 0.004 seconds [3m(lmcache_driven_transfer.py:1284:lmcache.v1.multiprocess.modules.lmcache_driven_transfer)[0m
[32;20m[2026-09-03 13:03:47,626] LMCache INFO:[0m Stored 8192 tokens in 0.002 seconds [3m(lmcache_driven_transfer.py:1284:lmcache.v1.multiprocess.modules.lmcache_driven_transfer)[0m
[32;20m[2026-09-03 13:03:47,693] LMCache INFO:[0m Stored 8192 tokens in 0.011 seconds [3m(lmcache_driven_transfer.py:1284:lmcache.v1.multiprocess.modules.lmcache_driven_transfer)[0m
[32;20m[2026-09-03 13:03:47,695] LMCache INFO:[0m Stored 8192 tokens in 0.010 seconds [3m(lmcache_driven_transfer.py:1284:lmcache.v1.multiprocess.modules.lmcache_driven_transfer)[0m
[32;20m[2026-09-03 13:03:47,696] LMCache INFO:[0m Stored 8192 tokens in 0.007 seconds [3m(lmcache_driven_transfer.py:1284:lmcache.v1.multiprocess.modules.lmcache_driven_transfer)[0m
[32;20m[2026-09-03 13:03:47,697] LMCache INFO:[0m Stored 8192 tokens in 0.005 seconds [3m(lmcache_driven_transfer.py:1284:lmcache.v1.multiprocess.modules.lmcache_driven_transfer)[0m
[32;20m[2026-09-03 13:03:47,709] LMCache INFO:[0m Stored 8192 tokens in 0.007 seconds [3m(lmcache_driven_transfer.py:1284:lmcache.v1.multiprocess.modules.lmcache_driven_transfer)[0m
[32;20m[2026-09-03 13:03:47,709] LMCache INFO:[0m Stored 8192 tokens in 0.009 seconds [3m(lmcache_driven_transfer.py:1284:lmcache.v1.multiprocess.modules.lmcache_driven_transfer)[0m
[32;20m[2026-09-03 13:03:47,710] LMCache INFO:[0m Stored 8192 tokens in 0.004 seconds [3m(lmcache_driven_transfer.py:1284:lmcache.v1.multiprocess.modules.lmcache_driven_transfer)[0m
[32;20m[2026-09-03 13:03:47,719] LMCache INFO:[0m Stored 8192 tokens in 0.002 seconds [3m(lmcache_driven_transfer.py:1284:lmcache.v1.multiprocess.modules.lmcache_driven_transfer)[0m
[32;20m[2026-09-03 13:03:50,517] LMCache INFO:[0m Stored 8192 tokens in 0.025 seconds [3m(lmcache_driven_transfer.py:1284:lmcache.v1.multiprocess.modules.lmcache_driven_transfer)[0m
[32;20m[2026-09-03 13:03:50,518] LMCache INFO:[0m Stored 8192 tokens in 0.022 seconds [3m(lmcache_driven_transfer.py:1284:lmcache.v1.multiprocess.modules.lmcache_driven_transfer)[0m
[32;20m[2026-09-03 13:03:50,520] LMCache INFO:[0m Stored 8192 tokens in 0.031 seconds [3m(lmcache_driven_transfer.py:1284:lmcache.v1.multiprocess.modules.lmcache_driven_transfer)[0m
[32;20m[2026-09-03 13:03:50,521] LMCache INFO:[0m Stored 8192 tokens in 0.021 seconds [3m(lmcache_driven_transfer.py:1284:lmcache.v1.multiprocess.modules.lmcache_driven_transfer)[0m
[32;20m[2026-09-03 13:03:50,522] LMCache INFO:[0m Stored 8192 tokens in 0.028 seconds [3m(lmcache_driven_transfer.py:1284:lmcache.v1.multiprocess.modules.lmcache_driven_transfer)[0m
[32;20m[2026-09-03 13:03:50,523] LMCache INFO:[0m Stored 8192 tokens in 0.018 seconds [3m(lmcache_driven_transfer.py:1284:lmcache.v1.multiprocess.modules.lmcache_driven_transfer)[0m
[32;20m[2026-09-03 13:03:50,524] LMCache INFO:[0m Stored 8192 tokens in 0.025 seconds [3m(lmcache_driven_transfer.py:1284:lmcache.v1.multiprocess.modules.lmcache_driven_transfer)[0m
[32;20m[2026-09-03 13:03:50,524] LMCache INFO:[0m Stored 8192 tokens in 0.012 seconds [3m(lmcache_driven_transfer.py:1284:lmcache.v1.multiprocess.modules.lmcache_driven_transfer)[0m
[32;20m[2026-09-03 13:03:50,597] LMCache INFO:[0m Stored 8192 tokens in 0.019 seconds [3m(lmcache_driven_transfer.py:1284:lmcache.v1.multiprocess.modules.lmcache_driven_transfer)[0m
[32;20m[2026-09-03 13:03:50,601] LMCache INFO:[0m Stored 8192 tokens in 0.020 seconds [3m(lmcache_driven_transfer.py:1284:lmcache.v1.multiprocess.modules.lmcache_driven_transfer)[0m
[32;20m[2026-09-03 13:03:50,603] LMCache INFO:[0m Stored 8192 tokens in 0.021 seconds [3m(lmcache_driven_transfer.py:1284:lmcache.v1.multiprocess.modules.lmcache_driven_transfer)[0m
[32;20m[2026-09-03 13:03:50,604] LMCache INFO:[0m Stored 8192 tokens in 0.012 seconds [3m(lmcache_driven_transfer.py:1284:lmcache.v1.multiprocess.modules.lmcache_driven_transfer)[0m
[32;20m[2026-09-03 13:03:50,605] LMCache INFO:[0m Stored 8192 tokens in 0.017 seconds [3m(lmcache_driven_transfer.py:1284:lmcache.v1.multiprocess.modules.lmcache_driven_transfer)[0m
[32;20m[2026-09-03 13:03:50,605] LMCache INFO:[0m Stored 8192 tokens in 0.011 seconds [3m(lmcache_driven_transfer.py:1284:lmcache.v1.multiprocess.modules.lmcache_driven_transfer)[0m
[32;20m[2026-09-03 13:03:50,606] LMCache INFO:[0m Stored 8192 tokens in 0.022 seconds [3m(lmcache_driven_transfer.py:1284:lmcache.v1.multiprocess.modules.lmcache_driven_transfer)[0m
[32;20m[2026-09-03 13:03:50,609] LMCache INFO:[0m Stored 8192 tokens in 0.017 seconds [3m(lmcache_driven_transfer.py:1284:lmcache.v1.multiprocess.modules.lmcache_driven_transfer)[0m
[32;20m[2026-09-03 13:03:50,688] LMCache INFO:[0m Stored 8192 tokens in 0.018 seconds [3m(lmcache_driven_transfer.py:1284:lmcache.v1.multiprocess.modules.lmcache_driven_transfer)[0m
[32;20m[2026-09-03 13:03:50,698] LMCache INFO:[0m Stored 8192 tokens in 0.030 seconds [3m(lmcache_driven_transfer.py:1284:lmcache.v1.multiprocess.modules.lmcache_driven_transfer)[0m
[32;20m[2026-09-03 13:03:50,700] LMCache INFO:[0m Stored 8192 tokens in 0.028 seconds [3m(lmcache_driven_transfer.py:1284:lmcache.v1.multiprocess.modules.lmcache_driven_transfer)[0m
[32;20m[2026-09-03 13:03:50,701] LMCache INFO:[0m Stored 8192 tokens in 0.024 seconds [3m(lmcache_driven_transfer.py:1284:lmcache.v1.multiprocess.modules.lmcache_driven_transfer)[0m
[32;20m[2026-09-03 13:03:50,701] LMCache INFO:[0m Stored 8192 tokens in 0.027 seconds [3m(lmcache_driven_transfer.py:1284:lmcache.v1.multiprocess.modules.lmcache_driven_transfer)[0m
[32;20m[2026-09-03 13:03:50,702] LMCache INFO:[0m Stored 8192 tokens in 0.022 seconds [3m(lmcache_driven_transfer.py:1284:lmcache.v1.multiprocess.modules.lmcache_driven_transfer)[0m
[32;20m[2026-09-03 13:03:50,702] LMCache INFO:[0m Stored 8192 tokens in 0.017 seconds [3m(lmcache_driven_transfer.py:1284:lmcache.v1.multiprocess.modules.lmcache_driven_transfer)[0m
[32;20m[2026-09-03 13:03:50,704] LMCache INFO:[0m Stored 8192 tokens in 0.021 seconds [3m(lmcache_driven_transfer.py:1284:lmcache.v1.multiprocess.modules.lmcache_driven_transfer)[0m
[32;20m[2026-09-03 13:03:50,768] LMCache INFO:[0m Stored 8192 tokens in 0.012 seconds [3m(lmcache_driven_transfer.py:1284:lmcache.v1.multiprocess.modules.lmcache_driven_transfer)[0m
[32;20m[2026-09-03 13:03:50,784] LMCache INFO:[0m Stored 8192 tokens in 0.023 seconds [3m(lmcache_driven_transfer.py:1284:lmcache.v1.multiprocess.modules.lmcache_driven_transfer)[0m
[32;20m[2026-09-03 13:03:50,784] LMCache INFO:[0m Stored 8192 tokens in 0.015 seconds [3m(lmcache_driven_transfer.py:1284:lmcache.v1.multiprocess.modules.lmcache_driven_transfer)[0m
[32;20m[2026-09-03 13:03:50,784] LMCache INFO:[0m Stored 8192 tokens in 0.025 seconds [3m(lmcache_driven_transfer.py:1284:lmcache.v1.multiprocess.modules.lmcache_driven_transfer)[0m
[32;20m[2026-09-03 13:03:50,786] LMCache INFO:[0m Stored 8192 tokens in 0.014 seconds [3m(lmcache_driven_transfer.py:1284:lmcache.v1.multiprocess.modules.lmcache_driven_transfer)[0m
[32;20m[2026-09-03 13:03:50,786] LMCache INFO:[0m Stored 8192 tokens in 0.012 seconds [3m(lmcache_driven_transfer.py:1284:lmcache.v1.multiprocess.modules.lmcache_driven_transfer)[0m
[32;20m[2026-09-03 13:03:50,788] LMCache INFO:[0m Stored 8192 tokens in 0.024 seconds [3m(lmcache_driven_transfer.py:1284:lmcache.v1.multiprocess.modules.lmcache_driven_transfer)[0m
[32;20m[2026-09-03 13:03:50,788] LMCache INFO:[0m Stored 8192 tokens in 0.022 seconds [3m(lmcache_driven_transfer.py:1284:lmcache.v1.multiprocess.modules.lmcache_driven_transfer)[0m
[32;20m[2026-09-03 13:03:50,881] LMCache INFO:[0m Stored 8192 tokens in 0.035 seconds [3m(lmcache_driven_transfer.py:1284:lmcache.v1.multiprocess.modules.lmcache_driven_transfer)[0m
[32;20m[2026-09-03 13:03:50,884] LMCache INFO:[0m Stored 8192 tokens in 0.026 seconds [3m(lmcache_driven_transfer.py:1284:lmcache.v1.multiprocess.modules.lmcache_driven_transfer)[0m
[32;20m[2026-09-03 13:03:50,885] LMCache INFO:[0m Stored 8192 tokens in 0.031 seconds [3m(lmcache_driven_transfer.py:1284:lmcache.v1.multiprocess.modules.lmcache_driven_transfer)[0m
[32;20m[2026-09-03 13:03:50,885] LMCache INFO:[0m Stored 8192 tokens in 0.017 seconds [3m(lmcache_driven_transfer.py:1284:lmcache.v1.multiprocess.modules.lmcache_driven_transfer)[0m
[32;20m[2026-09-03 13:03:50,888] LMCache INFO:[0m Stored 8192 tokens in 0.015 seconds [3m(lmcache_driven_transfer.py:1284:lmcache.v1.multiprocess.modules.lmcache_driven_transfer)[0m
[32;20m[2026-09-03 13:03:50,888] LMCache INFO:[0m Stored 8192 tokens in 0.026 seconds [3m(lmcache_driven_transfer.py:1284:lmcache.v1.multiprocess.modules.lmcache_driven_transfer)[0m
[32;20m[2026-09-03 13:03:50,889] LMCache INFO:[0m Stored 8192 tokens in 0.024 seconds [3m(lmcache_driven_transfer.py:1284:lmcache.v1.multiprocess.modules.lmcache_driven_transfer)[0m
[32;20m[2026-09-03 13:03:50,889] LMCache INFO:[0m Stored 8192 tokens in 0.015 seconds [3m(lmcache_driven_transfer.py:1284:lmcache.v1.multiprocess.modules.lmcache_driven_transfer)[0m
[32;20m[2026-09-03 13:03:50,960] LMCache INFO:[0m Stored 8192 tokens in 0.023 seconds [3m(lmcache_driven_transfer.py:1284:lmcache.v1.multiprocess.modules.lmcache_driven_transfer)[0m
[32;20m[2026-09-03 13:03:50,965] LMCache INFO:[0m Stored 8192 tokens in 0.022 seconds [3m(lmcache_driven_transfer.py:1284:lmcache.v1.multiprocess.modules.lmcache_driven_transfer)[0m
[32;20m[2026-09-03 13:03:50,965] LMCache INFO:[0m Stored 8192 tokens in 0.024 seconds [3m(lmcache_driven_transfer.py:1284:lmcache.v1.multiprocess.modules.lmcache_driven_transfer)[0m
[32;20m[2026-09-03 13:03:50,967] LMCache INFO:[0m Stored 8192 tokens in 0.029 seconds [3m(lmcache_driven_transfer.py:1284:lmcache.v1.multiprocess.modules.lmcache_driven_transfer)[0m
[32;20m[2026-09-03 13:03:50,969] LMCache INFO:[0m Stored 8192 tokens in 0.022 seconds [3m(lmcache_driven_transfer.py:1284:lmcache.v1.multiprocess.modules.lmcache_driven_transfer)[0m
[32;20m[2026-09-03 13:03:50,978] LMCache INFO:[0m Stored 8192 tokens in 0.027 seconds [3m(lmcache_driven_transfer.py:1284:lmcache.v1.multiprocess.modules.lmcache_driven_transfer)[0m
[32;20m[2026-09-03 13:03:50,979] LMCache INFO:[0m Stored 8192 tokens in 0.025 seconds [3m(lmcache_driven_transfer.py:1284:lmcache.v1.multiprocess.modules.lmcache_driven_transfer)[0m
[32;20m[2026-09-03 13:03:50,982] LMCache INFO:[0m Stored 8192 tokens in 0.024 seconds [3m(lmcache_driven_transfer.py:1284:lmcache.v1.multiprocess.modules.lmcache_driven_transfer)[0m
[32;20m[2026-09-03 13:03:50,987] LMCache INFO:[0m Prefetch request completed (L1+L2): 40/56 retained keys (40 L1, 0 L2) in 2.6 ms (external_request_id=cmpl-bench-101b530f-3-0-99fd0692, prefetch_request_id=-1) [3m(storage_manager.py:726:lmcache.v1.distributed.storage_manager)[0m
[32;20m[2026-09-03 13:03:51,048] LMCache INFO:[0m Stored 8192 tokens in 0.021 seconds [3m(lmcache_driven_transfer.py:1284:lmcache.v1.multiprocess.modules.lmcache_driven_transfer)[0m
[32;20m[2026-09-03 13:03:51,051] LMCache INFO:[0m Stored 8192 tokens in 0.028 seconds [3m(lmcache_driven_transfer.py:1284:lmcache.v1.multiprocess.modules.lmcache_driven_transfer)[0m
[32;20m[2026-09-03 13:03:51,076] LMCache INFO:[0m Stored 8192 tokens in 0.047 seconds [3m(lmcache_driven_transfer.py:1284:lmcache.v1.multiprocess.modules.lmcache_driven_transfer)[0m
[32;20m[2026-09-03 13:03:51,077] LMCache INFO:[0m Stored 8192 tokens in 0.045 seconds [3m(lmcache_driven_transfer.py:1284:lmcache.v1.multiprocess.modules.lmcache_driven_transfer)[0m
[32;20m[2026-09-03 13:03:51,083] LMCache INFO:[0m Stored 8192 tokens in 0.046 seconds [3m(lmcache_driven_transfer.py:1284:lmcache.v1.multiprocess.modules.lmcache_driven_transfer)[0m
[32;20m[2026-09-03 13:03:51,117] LMCache INFO:[0m Stored 8192 tokens in 0.081 seconds [3m(lmcache_driven_transfer.py:1284:lmcache.v1.multiprocess.modules.lmcache_driven_transfer)[0m
[32;20m[2026-09-03 13:03:51,126] LMCache INFO:[0m Retrieved 40960 tokens in 0.067 seconds [3m(lmcache_driven_transfer.py:1526:lmcache.v1.multiprocess.modules.lmcache_driven_transfer)[0m
[32;20m[2026-09-03 13:03:51,127] LMCache INFO:[0m Stored 8192 tokens in 0.078 seconds [3m(lmcache_driven_transfer.py:1284:lmcache.v1.multiprocess.modules.lmcache_driven_transfer)[0m
[32;20m[2026-09-03 13:03:51,139] LMCache INFO:[0m Stored 8192 tokens in 0.100 seconds [3m(lmcache_driven_transfer.py:1284:lmcache.v1.multiprocess.modules.lmcache_driven_transfer)[0m
[32;20m[2026-09-03 13:03:51,144] LMCache INFO:[0m Retrieved 40960 tokens in 0.080 seconds [3m(lmcache_driven_transfer.py:1526:lmcache.v1.multiprocess.modules.lmcache_driven_transfer)[0m
[32;20m[2026-09-03 13:03:51,148] LMCache INFO:[0m Retrieved 40960 tokens in 0.064 seconds [3m(lmcache_driven_transfer.py:1526:lmcache.v1.multiprocess.modules.lmcache_driven_transfer)[0m
[32;20m[2026-09-03 13:03:51,184] LMCache INFO:[0m Retrieved 40960 tokens in 0.095 seconds [3m(lmcache_driven_transfer.py:1526:lmcache.v1.multiprocess.modules.lmcache_driven_transfer)[0m
[32;20m[2026-09-03 13:03:51,185] LMCache INFO:[0m Retrieved 40960 tokens in 0.046 seconds [3m(lmcache_driven_transfer.py:1526:lmcache.v1.multiprocess.modules.lmcache_driven_transfer)[0m
[32;20m[2026-09-03 13:03:51,186] LMCache INFO:[0m Retrieved 40960 tokens in 0.064 seconds [3m(lmcache_driven_transfer.py:1526:lmcache.v1.multiprocess.modules.lmcache_driven_transfer)[0m
[32;20m[2026-09-03 13:03:51,188] LMCache INFO:[0m Retrieved 40960 tokens in 0.018 seconds [3m(lmcache_driven_transfer.py:1526:lmcache.v1.multiprocess.modules.lmcache_driven_transfer)[0m
[32;20m[2026-09-03 13:03:51,189] LMCache INFO:[0m Stored 8192 tokens in 0.010 seconds [3m(lmcache_driven_transfer.py:1284:lmcache.v1.multiprocess.modules.lmcache_driven_transfer)[0m
[32;20m[2026-09-03 13:03:51,190] LMCache INFO:[0m Retrieved 40960 tokens in 0.045 seconds [3m(lmcache_driven_transfer.py:1526:lmcache.v1.multiprocess.modules.lmcache_driven_transfer)[0m
[32;20m[2026-09-03 13:03:51,212] LMCache INFO:[0m Stored 8192 tokens in 0.002 seconds [3m(lmcache_driven_transfer.py:1284:lmcache.v1.multiprocess.modules.lmcache_driven_transfer)[0m
[32;20m[2026-09-03 13:03:51,236] LMCache INFO:[0m Stored 8192 tokens in 0.022 seconds [3m(lmcache_driven_transfer.py:1284:lmcache.v1.multiprocess.modules.lmcache_driven_transfer)[0m
[32;20m[2026-09-03 13:03:51,238] LMCache INFO:[0m Stored 8192 tokens in 0.016 seconds [3m(lmcache_driven_transfer.py:1284:lmcache.v1.multiprocess.modules.lmcache_driven_transfer)[0m
[32;20m[2026-09-03 13:03:51,243] LMCache INFO:[0m Stored 8192 tokens in 0.026 seconds [3m(lmcache_driven_transfer.py:1284:lmcache.v1.multiprocess.modules.lmcache_driven_transfer)[0m
[32;20m[2026-09-03 13:03:51,245] LMCache INFO:[0m Stored 8192 tokens in 0.014 seconds [3m(lmcache_driven_transfer.py:1284:lmcache.v1.multiprocess.modules.lmcache_driven_transfer)[0m
[32;20m[2026-09-03 13:03:51,246] LMCache INFO:[0m Stored 8192 tokens in 0.022 seconds [3m(lmcache_driven_transfer.py:1284:lmcache.v1.multiprocess.modules.lmcache_driven_transfer)[0m
[32;20m[2026-09-03 13:03:51,246] LMCache INFO:[0m Stored 8192 tokens in 0.013 seconds [3m(lmcache_driven_transfer.py:1284:lmcache.v1.multiprocess.modules.lmcache_driven_transfer)[0m
[32;20m[2026-09-03 13:03:51,247] LMCache INFO:[0m Stored 8192 tokens in 0.019 seconds [3m(lmcache_driven_transfer.py:1284:lmcache.v1.multiprocess.modules.lmcache_driven_transfer)[0m
[32;20m[2026-09-03 13:03:51,301] LMCache INFO:[0m Stored 8192 tokens in 0.002 seconds [3m(lmcache_driven_transfer.py:1284:lmcache.v1.multiprocess.modules.lmcache_driven_transfer)[0m
[32;20m[2026-09-03 13:03:51,317] LMCache INFO:[0m Stored 8192 tokens in 0.013 seconds [3m(lmcache_driven_transfer.py:1284:lmcache.v1.multiprocess.modules.lmcache_driven_transfer)[0m
[32;20m[2026-09-03 13:03:51,325] LMCache INFO:[0m L1 memory usage 0.89 above watermark 0.80; triggering eviction. [3m(eviction_controller.py:179:lmcache.v1.distributed.storage_controllers.eviction_controller)[0m
[32;20m[2026-09-03 13:03:51,330] LMCache INFO:[0m Stored 8192 tokens in 0.022 seconds [3m(lmcache_driven_transfer.py:1284:lmcache.v1.multiprocess.modules.lmcache_driven_transfer)[0m
[32;20m[2026-09-03 13:03:51,332] LMCache INFO:[0m Stored 8192 tokens in 0.017 seconds [3m(lmcache_driven_transfer.py:1284:lmcache.v1.multiprocess.modules.lmcache_driven_transfer)[0m
[32;20m[2026-09-03 13:03:51,333] LMCache INFO:[0m Stored 8192 tokens in 0.023 seconds [3m(lmcache_driven_transfer.py:1284:lmcache.v1.multiprocess.modules.lmcache_driven_transfer)[0m
[32;20m[2026-09-03 13:03:51,334] LMCache INFO:[0m Stored 8192 tokens in 0.028 seconds [3m(lmcache_driven_transfer.py:1284:lmcache.v1.multiprocess.modules.lmcache_driven_transfer)[0m
[32;20m[2026-09-03 13:03:51,337] LMCache INFO:[0m Stored 8192 tokens in 0.020 seconds [3m(lmcache_driven_transfer.py:1284:lmcache.v1.multiprocess.modules.lmcache_driven_transfer)[0m
[32;20m[2026-09-03 13:03:51,338] LMCache INFO:[0m Stored 8192 tokens in 0.013 seconds [3m(lmcache_driven_transfer.py:1284:lmcache.v1.multiprocess.modules.lmcache_driven_transfer)[0m
[32;20m[2026-09-03 13:03:51,382] LMCache INFO:[0m Stored 8192 tokens in 0.002 seconds [3m(lmcache_driven_transfer.py:1284:lmcache.v1.multiprocess.modules.lmcache_driven_transfer)[0m
[32;20m[2026-09-03 13:03:51,392] LMCache INFO:[0m Stored 8192 tokens in 0.005 seconds [3m(lmcache_driven_transfer.py:1284:lmcache.v1.multiprocess.modules.lmcache_driven_transfer)[0m
[32;20m[2026-09-03 13:03:51,393] LMCache INFO:[0m Stored 8192 tokens in 0.004 seconds [3m(lmcache_driven_transfer.py:1284:lmcache.v1.multiprocess.modules.lmcache_driven_transfer)[0m
[32;20m[2026-09-03 13:03:51,397] LMCache INFO:[0m Stored 8192 tokens in 0.002 seconds [3m(lmcache_driven_transfer.py:1284:lmcache.v1.multiprocess.modules.lmcache_driven_transfer)[0m
[32;20m[2026-09-03 13:03:51,412] LMCache INFO:[0m Stored 8192 tokens in 0.011 seconds [3m(lmcache_driven_transfer.py:1284:lmcache.v1.multiprocess.modules.lmcache_driven_transfer)[0m
[32;20m[2026-09-03 13:03:51,412] LMCache INFO:[0m Stored 8192 tokens in 0.008 seconds [3m(lmcache_driven_transfer.py:1284:lmcache.v1.multiprocess.modules.lmcache_driven_transfer)[0m
[32;20m[2026-09-03 13:03:51,413] LMCache INFO:[0m Stored 8192 tokens in 0.014 seconds [3m(lmcache_driven_transfer.py:1284:lmcache.v1.multiprocess.modules.lmcache_driven_transfer)[0m
[32;20m[2026-09-03 13:03:51,413] LMCache INFO:[0m Stored 8192 tokens in 0.011 seconds [3m(lmcache_driven_transfer.py:1284:lmcache.v1.multiprocess.modules.lmcache_driven_transfer)[0m
[32;20m[2026-09-03 13:03:51,448] LMCache INFO:[0m Stored 8192 tokens in 0.002 seconds [3m(lmcache_driven_transfer.py:1284:lmcache.v1.multiprocess.modules.lmcache_driven_transfer)[0m
[32;20m[2026-09-03 13:03:51,482] LMCache INFO:[0m Stored 8192 tokens in 0.005 seconds [3m(lmcache_driven_transfer.py:1284:lmcache.v1.multiprocess.modules.lmcache_driven_transfer)[0m
[32;20m[2026-09-03 13:03:51,484] LMCache INFO:[0m Stored 8192 tokens in 0.006 seconds [3m(lmcache_driven_transfer.py:1284:lmcache.v1.multiprocess.modules.lmcache_driven_transfer)[0m
[32;20m[2026-09-03 13:03:51,492] LMCache INFO:[0m Stored 8192 tokens in 0.009 seconds [3m(lmcache_driven_transfer.py:1284:lmcache.v1.multiprocess.modules.lmcache_driven_transfer)[0m
[32;20m[2026-09-03 13:03:51,501] LMCache INFO:[0m Stored 8192 tokens in 0.014 seconds [3m(lmcache_driven_transfer.py:1284:lmcache.v1.multiprocess.modules.lmcache_driven_transfer)[0m
[32;20m[2026-09-03 13:03:51,502] LMCache INFO:[0m Stored 8192 tokens in 0.011 seconds [3m(lmcache_driven_transfer.py:1284:lmcache.v1.multiprocess.modules.lmcache_driven_transfer)[0m
[32;20m[2026-09-03 13:03:51,502] LMCache INFO:[0m Stored 8192 tokens in 0.009 seconds [3m(lmcache_driven_transfer.py:1284:lmcache.v1.multiprocess.modules.lmcache_driven_transfer)[0m
[32;20m[2026-09-03 13:03:51,503] LMCache INFO:[0m Stored 8192 tokens in 0.014 seconds [3m(lmcache_driven_transfer.py:1284:lmcache.v1.multiprocess.modules.lmcache_driven_transfer)[0m
[32;20m[2026-09-03 13:03:51,514] LMCache INFO:[0m Stored 8192 tokens in 0.002 seconds [3m(lmcache_driven_transfer.py:1284:lmcache.v1.multiprocess.modules.lmcache_driven_transfer)[0m
[32;20m[2026-09-03 13:03:51,556] LMCache INFO:[0m Stored 8192 tokens in 0.002 seconds [3m(lmcache_driven_transfer.py:1284:lmcache.v1.multiprocess.modules.lmcache_driven_transfer)[0m
[32;20m[2026-09-03 13:03:51,586] LMCache INFO:[0m Stored 8192 tokens in 0.015 seconds [3m(lmcache_driven_transfer.py:1284:lmcache.v1.multiprocess.modules.lmcache_driven_transfer)[0m
[32;20m[2026-09-03 13:03:51,587] LMCache INFO:[0m Stored 8192 tokens in 0.014 seconds [3m(lmcache_driven_transfer.py:1284:lmcache.v1.multiprocess.modules.lmcache_driven_transfer)[0m
[32;20m[2026-09-03 13:03:51,592] LMCache INFO:[0m Stored 8192 tokens in 0.015 seconds [3m(lmcache_driven_transfer.py:1284:lmcache.v1.multiprocess.modules.lmcache_driven_transfer)[0m
[32;20m[2026-09-03 13:03:51,592] LMCache INFO:[0m Stored 8192 tokens in 0.011 seconds [3m(lmcache_driven_transfer.py:1284:lmcache.v1.multiprocess.modules.lmcache_driven_transfer)[0m
[32;20m[2026-09-03 13:03:51,594] LMCache INFO:[0m Stored 8192 tokens in 0.011 seconds [3m(lmcache_driven_transfer.py:1284:lmcache.v1.multiprocess.modules.lmcache_driven_transfer)[0m
[32;20m[2026-09-03 13:03:51,595] LMCache INFO:[0m Stored 8192 tokens in 0.016 seconds [3m(lmcache_driven_transfer.py:1284:lmcache.v1.multiprocess.modules.lmcache_driven_transfer)[0m
[32;20m[2026-09-03 13:03:51,595] LMCache INFO:[0m Stored 8192 tokens in 0.011 seconds [3m(lmcache_driven_transfer.py:1284:lmcache.v1.multiprocess.modules.lmcache_driven_transfer)[0m
[32;20m[2026-09-03 13:03:51,622] LMCache INFO:[0m Stored 8192 tokens in 0.002 seconds [3m(lmcache_driven_transfer.py:1284:lmcache.v1.multiprocess.modules.lmcache_driven_transfer)[0m
[32;20m[2026-09-03 13:03:51,661] LMCache INFO:[0m Stored 8192 tokens in 0.002 seconds [3m(lmcache_driven_transfer.py:1284:lmcache.v1.multiprocess.modules.lmcache_driven_transfer)[0m
[32;20m[2026-09-03 13:03:51,673] LMCache INFO:[0m Stored 8192 tokens in 0.007 seconds [3m(lmcache_driven_transfer.py:1284:lmcache.v1.multiprocess.modules.lmcache_driven_transfer)[0m
[32;20m[2026-09-03 13:03:51,674] LMCache INFO:[0m Stored 8192 tokens in 0.010 seconds [3m(lmcache_driven_transfer.py:1284:lmcache.v1.multiprocess.modules.lmcache_driven_transfer)[0m
[32;20m[2026-09-03 13:03:51,680] LMCache INFO:[0m Stored 8192 tokens in 0.011 seconds [3m(lmcache_driven_transfer.py:1284:lmcache.v1.multiprocess.modules.lmcache_driven_transfer)[0m
[32;20m[2026-09-03 13:03:51,682] LMCache INFO:[0m Stored 8192 tokens in 0.010 seconds [3m(lmcache_driven_transfer.py:1284:lmcache.v1.multiprocess.modules.lmcache_driven_transfer)[0m
[32;20m[2026-09-03 13:03:51,684] LMCache INFO:[0m Stored 8192 tokens in 0.005 seconds [3m(lmcache_driven_transfer.py:1284:lmcache.v1.multiprocess.modules.lmcache_driven_transfer)[0m
[32;20m[2026-09-03 13:03:51,685] LMCache INFO:[0m Stored 8192 tokens in 0.009 seconds [3m(lmcache_driven_transfer.py:1284:lmcache.v1.multiprocess.modules.lmcache_driven_transfer)[0m
[32;20m[2026-09-03 13:03:51,689] LMCache INFO:[0m Stored 8192 tokens in 0.002 seconds [3m(lmcache_driven_transfer.py:1284:lmcache.v1.multiprocess.modules.lmcache_driven_transfer)[0m
[32;20m[2026-09-03 13:03:51,753] LMCache INFO:[0m Stored 8192 tokens in 0.002 seconds [3m(lmcache_driven_transfer.py:1284:lmcache.v1.multiprocess.modules.lmcache_driven_transfer)[0m
[32;20m[2026-09-03 13:03:51,761] LMCache INFO:[0m Stored 8192 tokens in 0.004 seconds [3m(lmcache_driven_transfer.py:1284:lmcache.v1.multiprocess.modules.lmcache_driven_transfer)[0m
[32;20m[2026-09-03 13:03:51,767] LMCache INFO:[0m Stored 8192 tokens in 0.008 seconds [3m(lmcache_driven_transfer.py:1284:lmcache.v1.multiprocess.modules.lmcache_driven_transfer)[0m
[32;20m[2026-09-03 13:03:51,768] LMCache INFO:[0m Stored 8192 tokens in 0.005 seconds [3m(lmcache_driven_transfer.py:1284:lmcache.v1.multiprocess.modules.lmcache_driven_transfer)[0m
[32;20m[2026-09-03 13:03:51,769] LMCache INFO:[0m Stored 8192 tokens in 0.006 seconds [3m(lmcache_driven_transfer.py:1284:lmcache.v1.multiprocess.modules.lmcache_driven_transfer)[0m
[32;20m[2026-09-03 13:03:51,787] LMCache INFO:[0m Stored 8192 tokens in 0.006 seconds [3m(lmcache_driven_transfer.py:1284:lmcache.v1.multiprocess.modules.lmcache_driven_transfer)[0m
[32;20m[2026-09-03 13:03:51,788] LMCache INFO:[0m Stored 8192 tokens in 0.009 seconds [3m(lmcache_driven_transfer.py:1284:lmcache.v1.multiprocess.modules.lmcache_driven_transfer)[0m
[32;20m[2026-09-03 13:03:51,788] LMCache INFO:[0m Stored 8192 tokens in 0.005 seconds [3m(lmcache_driven_transfer.py:1284:lmcache.v1.multiprocess.modules.lmcache_driven_transfer)[0m
[32;20m[2026-09-03 13:03:51,841] LMCache INFO:[0m Stored 8192 tokens in 0.002 seconds [3m(lmcache_driven_transfer.py:1284:lmcache.v1.multiprocess.modules.lmcache_driven_transfer)[0m
[32;20m[2026-09-03 13:03:51,859] LMCache INFO:[0m Stored 8192 tokens in 0.009 seconds [3m(lmcache_driven_transfer.py:1284:lmcache.v1.multiprocess.modules.lmcache_driven_transfer)[0m
[32;20m[2026-09-03 13:03:51,860] LMCache INFO:[0m Stored 8192 tokens in 0.011 seconds [3m(lmcache_driven_transfer.py:1284:lmcache.v1.multiprocess.modules.lmcache_driven_transfer)[0m
[32;20m[2026-09-03 13:03:51,861] LMCache INFO:[0m Stored 8192 tokens in 0.009 seconds [3m(lmcache_driven_transfer.py:1284:lmcache.v1.multiprocess.modules.lmcache_driven_transfer)[0m
[32;20m[2026-09-03 13:03:51,862] LMCache INFO:[0m Stored 8192 tokens in 0.007 seconds [3m(lmcache_driven_transfer.py:1284:lmcache.v1.multiprocess.modules.lmcache_driven_transfer)[0m
[32;20m[2026-09-03 13:03:51,917] LMCache INFO:[0m Stored 8192 tokens in 0.004 seconds [3m(lmcache_driven_transfer.py:1284:lmcache.v1.multiprocess.modules.lmcache_driven_transfer)[0m
[32;20m[2026-09-03 13:03:51,917] LMCache INFO:[0m Stored 8192 tokens in 0.007 seconds [3m(lmcache_driven_transfer.py:1284:lmcache.v1.multiprocess.modules.lmcache_driven_transfer)[0m
[32;20m[2026-09-03 13:03:51,918] LMCache INFO:[0m Stored 8192 tokens in 0.014 seconds [3m(lmcache_driven_transfer.py:1284:lmcache.v1.multiprocess.modules.lmcache_driven_transfer)[0m
[32;20m[2026-09-03 13:03:51,934] LMCache INFO:[0m Stored 8192 tokens in 0.002 seconds [3m(lmcache_driven_transfer.py:1284:lmcache.v1.multiprocess.modules.lmcache_driven_transfer)[0m
[32;20m[2026-09-03 13:03:51,953] LMCache INFO:[0m Stored 8192 tokens in 0.008 seconds [3m(lmcache_driven_transfer.py:1284:lmcache.v1.multiprocess.modules.lmcache_driven_transfer)[0m
[32;20m[2026-09-03 13:03:51,953] LMCache INFO:[0m Stored 8192 tokens in 0.011 seconds [3m(lmcache_driven_transfer.py:1284:lmcache.v1.multiprocess.modules.lmcache_driven_transfer)[0m
[32;20m[2026-09-03 13:03:51,954] LMCache INFO:[0m Stored 8192 tokens in 0.008 seconds [3m(lmcache_driven_transfer.py:1284:lmcache.v1.multiprocess.modules.lmcache_driven_transfer)[0m
[32;20m[2026-09-03 13:03:51,955] LMCache INFO:[0m Stored 8192 tokens in 0.007 seconds [3m(lmcache_driven_transfer.py:1284:lmcache.v1.multiprocess.modules.lmcache_driven_transfer)[0m
[32;20m[2026-09-03 13:03:51,994] LMCache INFO:[0m Stored 8192 tokens in 0.007 seconds [3m(lmcache_driven_transfer.py:1284:lmcache.v1.multiprocess.modules.lmcache_driven_transfer)[0m
[32;20m[2026-09-03 13:03:51,994] LMCache INFO:[0m Stored 8192 tokens in 0.007 seconds [3m(lmcache_driven_transfer.py:1284:lmcache.v1.multiprocess.modules.lmcache_driven_transfer)[0m
[32;20m[2026-09-03 13:03:51,995] LMCache INFO:[0m Stored 8192 tokens in 0.007 seconds [3m(lmcache_driven_transfer.py:1284:lmcache.v1.multiprocess.modules.lmcache_driven_transfer)[0m
[32;20m[2026-09-03 13:03:52,025] LMCache INFO:[0m Stored 8192 tokens in 0.002 seconds [3m(lmcache_driven_transfer.py:1284:lmcache.v1.multiprocess.modules.lmcache_driven_transfer)[0m
[32;20m[2026-09-03 13:03:52,043] LMCache INFO:[0m Stored 8192 tokens in 0.009 seconds [3m(lmcache_driven_transfer.py:1284:lmcache.v1.multiprocess.modules.lmcache_driven_transfer)[0m
[32;20m[2026-09-03 13:03:52,045] LMCache INFO:[0m Stored 8192 tokens in 0.012 seconds [3m(lmcache_driven_transfer.py:1284:lmcache.v1.multiprocess.modules.lmcache_driven_transfer)[0m
[32;20m[2026-09-03 13:03:52,045] LMCache INFO:[0m Stored 8192 tokens in 0.007 seconds [3m(lmcache_driven_transfer.py:1284:lmcache.v1.multiprocess.modules.lmcache_driven_transfer)[0m
[32;20m[2026-09-03 13:03:52,046] LMCache INFO:[0m Stored 8192 tokens in 0.007 seconds [3m(lmcache_driven_transfer.py:1284:lmcache.v1.multiprocess.modules.lmcache_driven_transfer)[0m
[32;20m[2026-09-03 13:03:52,089] LMCache INFO:[0m Stored 8192 tokens in 0.004 seconds [3m(lmcache_driven_transfer.py:1284:lmcache.v1.multiprocess.modules.lmcache_driven_transfer)[0m
[32;20m[2026-09-03 13:03:52,089] LMCache INFO:[0m Stored 8192 tokens in 0.008 seconds [3m(lmcache_driven_transfer.py:1284:lmcache.v1.multiprocess.modules.lmcache_driven_transfer)[0m
[32;20m[2026-09-03 13:03:52,090] LMCache INFO:[0m Stored 8192 tokens in 0.008 seconds [3m(lmcache_driven_transfer.py:1284:lmcache.v1.multiprocess.modules.lmcache_driven_transfer)[0m
[32;20m[2026-09-03 13:03:52,096] LMCache INFO:[0m Stored 8192 tokens in 0.002 seconds [3m(lmcache_driven_transfer.py:1284:lmcache.v1.multiprocess.modules.lmcache_driven_transfer)[0m
[32;20m[2026-09-03 13:03:52,126] LMCache INFO:[0m Stored 8192 tokens in 0.005 seconds [3m(lmcache_driven_transfer.py:1284:lmcache.v1.multiprocess.modules.lmcache_driven_transfer)[0m
[32;20m[2026-09-03 13:03:52,129] LMCache INFO:[0m Stored 8192 tokens in 0.005 seconds [3m(lmcache_driven_transfer.py:1284:lmcache.v1.multiprocess.modules.lmcache_driven_transfer)[0m
[32;20m[2026-09-03 13:03:52,132] LMCache INFO:[0m Stored 8192 tokens in 0.004 seconds [3m(lmcache_driven_transfer.py:1284:lmcache.v1.multiprocess.modules.lmcache_driven_transfer)[0m
[32;20m[2026-09-03 13:03:52,134] LMCache INFO:[0m Stored 8192 tokens in 0.003 seconds [3m(lmcache_driven_transfer.py:1284:lmcache.v1.multiprocess.modules.lmcache_driven_transfer)[0m
[32;20m[2026-09-03 13:03:52,156] LMCache INFO:[0m Stored 8192 tokens in 0.011 seconds [3m(lmcache_driven_transfer.py:1284:lmcache.v1.multiprocess.modules.lmcache_driven_transfer)[0m
[32;20m[2026-09-03 13:03:52,157] LMCache INFO:[0m Stored 8192 tokens in 0.013 seconds [3m(lmcache_driven_transfer.py:1284:lmcache.v1.multiprocess.modules.lmcache_driven_transfer)[0m
[32;20m[2026-09-03 13:03:52,158] LMCache INFO:[0m Stored 8192 tokens in 0.011 seconds [3m(lmcache_driven_transfer.py:1284:lmcache.v1.multiprocess.modules.lmcache_driven_transfer)[0m
[32;20m[2026-09-03 13:03:52,163] LMCache INFO:[0m Stored 8192 tokens in 0.002 seconds [3m(lmcache_driven_transfer.py:1284:lmcache.v1.multiprocess.modules.lmcache_driven_transfer)[0m
[32;20m[2026-09-03 13:03:52,211] LMCache INFO:[0m Stored 8192 tokens in 0.002 seconds [3m(lmcache_driven_transfer.py:1284:lmcache.v1.multiprocess.modules.lmcache_driven_transfer)[0m
[32;20m[2026-09-03 13:03:52,233] LMCache INFO:[0m Stored 8192 tokens in 0.019 seconds [3m(lmcache_driven_transfer.py:1284:lmcache.v1.multiprocess.modules.lmcache_driven_transfer)[0m
[32;20m[2026-09-03 13:03:52,235] LMCache INFO:[0m Stored 8192 tokens in 0.020 seconds [3m(lmcache_driven_transfer.py:1284:lmcache.v1.multiprocess.modules.lmcache_driven_transfer)[0m
[32;20m[2026-09-03 13:03:52,237] LMCache INFO:[0m Stored 8192 tokens in 0.020 seconds [3m(lmcache_driven_transfer.py:1284:lmcache.v1.multiprocess.modules.lmcache_driven_transfer)[0m
[32;20m[2026-09-03 13:03:52,238] LMCache INFO:[0m Stored 8192 tokens in 0.016 seconds [3m(lmcache_driven_transfer.py:1284:lmcache.v1.multiprocess.modules.lmcache_driven_transfer)[0m
[32;20m[2026-09-03 13:03:52,238] LMCache INFO:[0m Stored 8192 tokens in 0.021 seconds [3m(lmcache_driven_transfer.py:1284:lmcache.v1.multiprocess.modules.lmcache_driven_transfer)[0m
[32;20m[2026-09-03 13:03:52,240] LMCache INFO:[0m Stored 8192 tokens in 0.021 seconds [3m(lmcache_driven_transfer.py:1284:lmcache.v1.multiprocess.modules.lmcache_driven_transfer)[0m
[32;20m[2026-09-03 13:03:52,240] LMCache INFO:[0m Stored 8192 tokens in 0.011 seconds [3m(lmcache_driven_transfer.py:1284:lmcache.v1.multiprocess.modules.lmcache_driven_transfer)[0m
[32;20m[2026-09-03 13:03:52,315] LMCache INFO:[0m Stored 8192 tokens in 0.020 seconds [3m(lmcache_driven_transfer.py:1284:lmcache.v1.multiprocess.modules.lmcache_driven_transfer)[0m
[32;20m[2026-09-03 13:03:52,318] LMCache INFO:[0m Stored 8192 tokens in 0.017 seconds [3m(lmcache_driven_transfer.py:1284:lmcache.v1.multiprocess.modules.lmcache_driven_transfer)[0m
[32;20m[2026-09-03 13:03:52,319] LMCache INFO:[0m Stored 8192 tokens in 0.016 seconds [3m(lmcache_driven_transfer.py:1284:lmcache.v1.multiprocess.modules.lmcache_driven_transfer)[0m
[32;20m[2026-09-03 13:03:52,320] LMCache INFO:[0m Stored 8192 tokens in 0.022 seconds [3m(lmcache_driven_transfer.py:1284:lmcache.v1.multiprocess.modules.lmcache_driven_transfer)[0m
[32;20m[2026-09-03 13:03:52,322] LMCache INFO:[0m Stored 8192 tokens in 0.022 seconds [3m(lmcache_driven_transfer.py:1284:lmcache.v1.multiprocess.modules.lmcache_driven_transfer)[0m
[32;20m[2026-09-03 13:03:52,324] LMCache INFO:[0m Stored 8192 tokens in 0.017 seconds [3m(lmcache_driven_transfer.py:1284:lmcache.v1.multiprocess.modules.lmcache_driven_transfer)[0m
[32;20m[2026-09-03 13:03:52,325] LMCache INFO:[0m Stored 8192 tokens in 0.016 seconds [3m(lmcache_driven_transfer.py:1284:lmcache.v1.multiprocess.modules.lmcache_driven_transfer)[0m
[32;20m[2026-09-03 13:03:52,325] LMCache INFO:[0m Stored 8192 tokens in 0.012 seconds [3m(lmcache_driven_transfer.py:1284:lmcache.v1.multiprocess.modules.lmcache_driven_transfer)[0m
[32;20m[2026-09-03 13:03:52,334] LMCache INFO:[0m L1 memory usage 0.92 above watermark 0.80; triggering eviction. [3m(eviction_controller.py:179:lmcache.v1.distributed.storage_controllers.eviction_controller)[0m
[32;20m[2026-09-03 13:03:52,385] LMCache INFO:[0m Stored 8192 tokens in 0.002 seconds [3m(lmcache_driven_transfer.py:1284:lmcache.v1.multiprocess.modules.lmcache_driven_transfer)[0m
[32;20m[2026-09-03 13:03:52,406] LMCache INFO:[0m Stored 8192 tokens in 0.017 seconds [3m(lmcache_driven_transfer.py:1284:lmcache.v1.multiprocess.modules.lmcache_driven_transfer)[0m
[32;20m[2026-09-03 13:03:52,408] LMCache INFO:[0m Stored 8192 tokens in 0.016 seconds [3m(lmcache_driven_transfer.py:1284:lmcache.v1.multiprocess.modules.lmcache_driven_transfer)[0m
[32;20m[2026-09-03 13:03:52,409] LMCache INFO:[0m Stored 8192 tokens in 0.015 seconds [3m(lmcache_driven_transfer.py:1284:lmcache.v1.multiprocess.modules.lmcache_driven_transfer)[0m
[32;20m[2026-09-03 13:03:52,410] LMCache INFO:[0m Stored 8192 tokens in 0.012 seconds [3m(lmcache_driven_transfer.py:1284:lmcache.v1.multiprocess.modules.lmcache_driven_transfer)[0m
[32;20m[2026-09-03 13:03:52,410] LMCache INFO:[0m Stored 8192 tokens in 0.017 seconds [3m(lmcache_driven_transfer.py:1284:lmcache.v1.multiprocess.modules.lmcache_driven_transfer)[0m
[32;20m[2026-09-03 13:03:52,411] LMCache INFO:[0m Stored 8192 tokens in 0.008 seconds [3m(lmcache_driven_transfer.py:1284:lmcache.v1.multiprocess.modules.lmcache_driven_transfer)[0m
[32;20m[2026-09-03 13:03:52,416] LMCache INFO:[0m Stored 8192 tokens in 0.018 seconds [3m(lmcache_driven_transfer.py:1284:lmcache.v1.multiprocess.modules.lmcache_driven_transfer)[0m
[32;20m[2026-09-03 13:03:52,473] LMCache INFO:[0m Stored 8192 tokens in 0.002 seconds [3m(lmcache_driven_transfer.py:1284:lmcache.v1.multiprocess.modules.lmcache_driven_transfer)[0m
[32;20m[2026-09-03 13:03:52,485] LMCache INFO:[0m Stored 8192 tokens in 0.004 seconds [3m(lmcache_driven_transfer.py:1284:lmcache.v1.multiprocess.modules.lmcache_driven_transfer)[0m
[32;20m[2026-09-03 13:03:52,501] LMCache INFO:[0m Stored 8192 tokens in 0.013 seconds [3m(lmcache_driven_transfer.py:1284:lmcache.v1.multiprocess.modules.lmcache_driven_transfer)[0m
[32;20m[2026-09-03 13:03:52,502] LMCache INFO:[0m Stored 8192 tokens in 0.016 seconds [3m(lmcache_driven_transfer.py:1284:lmcache.v1.multiprocess.modules.lmcache_driven_transfer)[0m
[32;20m[2026-09-03 13:03:52,502] LMCache INFO:[0m Stored 8192 tokens in 0.011 seconds [3m(lmcache_driven_transfer.py:1284:lmcache.v1.multiprocess.modules.lmcache_driven_transfer)[0m
[32;20m[2026-09-03 13:03:52,524] LMCache INFO:[0m Stored 8192 tokens in 0.040 seconds [3m(lmcache_driven_transfer.py:1284:lmcache.v1.multiprocess.modules.lmcache_driven_transfer)[0m
[32;20m[2026-09-03 13:03:52,526] LMCache INFO:[0m Stored 8192 tokens in 0.028 seconds [3m(lmcache_driven_transfer.py:1284:lmcache.v1.multiprocess.modules.lmcache_driven_transfer)[0m
[32;20m[2026-09-03 13:03:52,526] LMCache INFO:[0m Stored 8192 tokens in 0.031 seconds [3m(lmcache_driven_transfer.py:1284:lmcache.v1.multiprocess.modules.lmcache_driven_transfer)[0m
[32;20m[2026-09-03 13:03:52,561] LMCache INFO:[0m Stored 8192 tokens in 0.002 seconds [3m(lmcache_driven_transfer.py:1284:lmcache.v1.multiprocess.modules.lmcache_driven_transfer)[0m
[32;20m[2026-09-03 13:03:52,572] LMCache INFO:[0m Stored 8192 tokens in 0.002 seconds [3m(lmcache_driven_transfer.py:1284:lmcache.v1.multiprocess.modules.lmcache_driven_transfer)[0m
[32;20m[2026-09-03 13:03:52,577] LMCache INFO:[0m Stored 8192 tokens in 0.002 seconds [3m(lmcache_driven_transfer.py:1284:lmcache.v1.multiprocess.modules.lmcache_driven_transfer)[0m
[32;20m[2026-09-03 13:03:52,584] LMCache INFO:[0m Stored 8192 tokens in 0.002 seconds [3m(lmcache_driven_transfer.py:1284:lmcache.v1.multiprocess.modules.lmcache_driven_transfer)[0m
[32;20m[2026-09-03 13:03:52,691] LMCache INFO:[0m Stored 8192 tokens in 0.014 seconds [3m(lmcache_driven_transfer.py:1284:lmcache.v1.multiprocess.modules.lmcache_driven_transfer)[0m
[32;20m[2026-09-03 13:03:52,693] LMCache INFO:[0m Stored 8192 tokens in 0.014 seconds [3m(lmcache_driven_transfer.py:1284:lmcache.v1.multiprocess.modules.lmcache_driven_transfer)[0m
[32;20m[2026-09-03 13:03:52,694] LMCache INFO:[0m Stored 8192 tokens in 0.012 seconds [3m(lmcache_driven_transfer.py:1284:lmcache.v1.multiprocess.modules.lmcache_driven_transfer)[0m
[32;20m[2026-09-03 13:03:52,695] LMCache INFO:[0m Stored 8192 tokens in 0.012 seconds [3m(lmcache_driven_transfer.py:1284:lmcache.v1.multiprocess.modules.lmcache_driven_transfer)[0m
[32;20m[2026-09-03 13:03:52,742] LMCache INFO:[0m Stored 8192 tokens in 0.002 seconds [3m(lmcache_driven_transfer.py:1284:lmcache.v1.multiprocess.modules.lmcache_driven_transfer)[0m
[32;20m[2026-09-03 13:03:52,770] LMCache INFO:[0m Stored 8192 tokens in 0.019 seconds [3m(lmcache_driven_transfer.py:1284:lmcache.v1.multiprocess.modules.lmcache_driven_transfer)[0m
[32;20m[2026-09-03 13:03:52,774] LMCache INFO:[0m Stored 8192 tokens in 0.018 seconds [3m(lmcache_driven_transfer.py:1284:lmcache.v1.multiprocess.modules.lmcache_driven_transfer)[0m
[32;20m[2026-09-03 13:03:52,775] LMCache INFO:[0m Stored 8192 tokens in 0.022 seconds [3m(lmcache_driven_transfer.py:1284:lmcache.v1.multiprocess.modules.lmcache_driven_transfer)[0m
[32;20m[2026-09-03 13:03:52,776] LMCache INFO:[0m Stored 8192 tokens in 0.013 seconds [3m(lmcache_driven_transfer.py:1284:lmcache.v1.multiprocess.modules.lmcache_driven_transfer)[0m
[32;20m[2026-09-03 13:03:52,776] LMCache INFO:[0m Stored 8192 tokens in 0.017 seconds [3m(lmcache_driven_transfer.py:1284:lmcache.v1.multiprocess.modules.lmcache_driven_transfer)[0m
[32;20m[2026-09-03 13:03:52,777] LMCache INFO:[0m Stored 8192 tokens in 0.020 seconds [3m(lmcache_driven_transfer.py:1284:lmcache.v1.multiprocess.modules.lmcache_driven_transfer)[0m
[32;20m[2026-09-03 13:03:52,778] LMCache INFO:[0m Stored 8192 tokens in 0.011 seconds [3m(lmcache_driven_transfer.py:1284:lmcache.v1.multiprocess.modules.lmcache_driven_transfer)[0m
[32;20m[2026-09-03 13:03:52,830] LMCache INFO:[0m Stored 8192 tokens in 0.002 seconds [3m(lmcache_driven_transfer.py:1284:lmcache.v1.multiprocess.modules.lmcache_driven_transfer)[0m
[32;20m[2026-09-03 13:03:52,852] LMCache INFO:[0m Stored 8192 tokens in 0.012 seconds [3m(lmcache_driven_transfer.py:1284:lmcache.v1.multiprocess.modules.lmcache_driven_transfer)[0m
[32;20m[2026-09-03 13:03:52,860] LMCache INFO:[0m Stored 8192 tokens in 0.015 seconds [3m(lmcache_driven_transfer.py:1284:lmcache.v1.multiprocess.modules.lmcache_driven_transfer)[0m
[32;20m[2026-09-03 13:03:52,864] LMCache INFO:[0m Stored 8192 tokens in 0.014 seconds [3m(lmcache_driven_transfer.py:1284:lmcache.v1.multiprocess.modules.lmcache_driven_transfer)[0m
[32;20m[2026-09-03 13:03:52,868] LMCache INFO:[0m Stored 8192 tokens in 0.021 seconds [3m(lmcache_driven_transfer.py:1284:lmcache.v1.multiprocess.modules.lmcache_driven_transfer)[0m
[32;20m[2026-09-03 13:03:52,868] LMCache INFO:[0m Stored 8192 tokens in 0.015 seconds [3m(lmcache_driven_transfer.py:1284:lmcache.v1.multiprocess.modules.lmcache_driven_transfer)[0m
[32;20m[2026-09-03 13:03:52,869] LMCache INFO:[0m Stored 8192 tokens in 0.011 seconds [3m(lmcache_driven_transfer.py:1284:lmcache.v1.multiprocess.modules.lmcache_driven_transfer)[0m
[32;20m[2026-09-03 13:03:52,870] LMCache INFO:[0m Stored 8192 tokens in 0.020 seconds [3m(lmcache_driven_transfer.py:1284:lmcache.v1.multiprocess.modules.lmcache_driven_transfer)[0m
[32;20m[2026-09-03 13:03:52,918] LMCache INFO:[0m Stored 8192 tokens in 0.002 seconds [3m(lmcache_driven_transfer.py:1284:lmcache.v1.multiprocess.modules.lmcache_driven_transfer)[0m
[32;20m[2026-09-03 13:03:52,948] LMCache INFO:[0m Stored 8192 tokens in 0.010 seconds [3m(lmcache_driven_transfer.py:1284:lmcache.v1.multiprocess.modules.lmcache_driven_transfer)[0m
[32;20m[2026-09-03 13:03:52,949] LMCache INFO:[0m Stored 8192 tokens in 0.017 seconds [3m(lmcache_driven_transfer.py:1284:lmcache.v1.multiprocess.modules.lmcache_driven_transfer)[0m
[32;20m[2026-09-03 13:03:52,949] LMCache INFO:[0m Stored 8192 tokens in 0.016 seconds [3m(lmcache_driven_transfer.py:1284:lmcache.v1.multiprocess.modules.lmcache_driven_transfer)[0m
[32;20m[2026-09-03 13:03:52,950] LMCache INFO:[0m Stored 8192 tokens in 0.015 seconds [3m(lmcache_driven_transfer.py:1284:lmcache.v1.multiprocess.modules.lmcache_driven_transfer)[0m
[32;20m[2026-09-03 13:03:52,954] LMCache INFO:[0m Stored 8192 tokens in 0.011 seconds [3m(lmcache_driven_transfer.py:1284:lmcache.v1.multiprocess.modules.lmcache_driven_transfer)[0m
[32;20m[2026-09-03 13:03:52,956] LMCache INFO:[0m Stored 8192 tokens in 0.015 seconds [3m(lmcache_driven_transfer.py:1284:lmcache.v1.multiprocess.modules.lmcache_driven_transfer)[0m
[32;20m[2026-09-03 13:03:52,958] LMCache INFO:[0m Stored 8192 tokens in 0.007 seconds [3m(lmcache_driven_transfer.py:1284:lmcache.v1.multiprocess.modules.lmcache_driven_transfer)[0m
[32;20m[2026-09-03 13:03:53,005] LMCache INFO:[0m Stored 8192 tokens in 0.002 seconds [3m(lmcache_driven_transfer.py:1284:lmcache.v1.multiprocess.modules.lmcache_driven_transfer)[0m
[32;20m[2026-09-03 13:03:53,027] LMCache INFO:[0m Stored 8192 tokens in 0.005 seconds [3m(lmcache_driven_transfer.py:1284:lmcache.v1.multiprocess.modules.lmcache_driven_transfer)[0m
[32;20m[2026-09-03 13:03:53,028] LMCache INFO:[0m Stored 8192 tokens in 0.003 seconds [3m(lmcache_driven_transfer.py:1284:lmcache.v1.multiprocess.modules.lmcache_driven_transfer)[0m
[32;20m[2026-09-03 13:03:53,042] LMCache INFO:[0m Stored 8192 tokens in 0.008 seconds [3m(lmcache_driven_transfer.py:1284:lmcache.v1.multiprocess.modules.lmcache_driven_transfer)[0m
[32;20m[2026-09-03 13:03:53,043] LMCache INFO:[0m Stored 8192 tokens in 0.011 seconds [3m(lmcache_driven_transfer.py:1284:lmcache.v1.multiprocess.modules.lmcache_driven_transfer)[0m
[32;20m[2026-09-03 13:03:53,044] LMCache INFO:[0m Stored 8192 tokens in 0.007 seconds [3m(lmcache_driven_transfer.py:1284:lmcache.v1.multiprocess.modules.lmcache_driven_transfer)[0m
[32;20m[2026-09-03 13:03:53,044] LMCache INFO:[0m Stored 8192 tokens in 0.009 seconds [3m(lmcache_driven_transfer.py:1284:lmcache.v1.multiprocess.modules.lmcache_driven_transfer)[0m
[32;20m[2026-09-03 13:03:53,048] LMCache INFO:[0m Stored 8192 tokens in 0.002 seconds [3m(lmcache_driven_transfer.py:1284:lmcache.v1.multiprocess.modules.lmcache_driven_transfer)[0m
[32;20m[2026-09-03 13:03:53,093] LMCache INFO:[0m Stored 8192 tokens in 0.002 seconds [3m(lmcache_driven_transfer.py:1284:lmcache.v1.multiprocess.modules.lmcache_driven_transfer)[0m
[32;20m[2026-09-03 13:03:53,118] LMCache INFO:[0m Stored 8192 tokens in 0.005 seconds [3m(lmcache_driven_transfer.py:1284:lmcache.v1.multiprocess.modules.lmcache_driven_transfer)[0m
[32;20m[2026-09-03 13:03:53,119] LMCache INFO:[0m Stored 8192 tokens in 0.004 seconds [3m(lmcache_driven_transfer.py:1284:lmcache.v1.multiprocess.modules.lmcache_driven_transfer)[0m
[32;20m[2026-09-03 13:03:53,140] LMCache INFO:[0m Stored 8192 tokens in 0.013 seconds [3m(lmcache_driven_transfer.py:1284:lmcache.v1.multiprocess.modules.lmcache_driven_transfer)[0m
[32;20m[2026-09-03 13:03:53,143] LMCache INFO:[0m Stored 8192 tokens in 0.009 seconds [3m(lmcache_driven_transfer.py:1284:lmcache.v1.multiprocess.modules.lmcache_driven_transfer)[0m
[32;20m[2026-09-03 13:03:53,144] LMCache INFO:[0m Stored 8192 tokens in 0.014 seconds [3m(lmcache_driven_transfer.py:1284:lmcache.v1.multiprocess.modules.lmcache_driven_transfer)[0m
[32;20m[2026-09-03 13:03:53,145] LMCache INFO:[0m Stored 8192 tokens in 0.004 seconds [3m(lmcache_driven_transfer.py:1284:lmcache.v1.multiprocess.modules.lmcache_driven_transfer)[0m
[32;20m[2026-09-03 13:03:53,146] LMCache INFO:[0m Stored 8192 tokens in 0.012 seconds [3m(lmcache_driven_transfer.py:1284:lmcache.v1.multiprocess.modules.lmcache_driven_transfer)[0m
[32;20m[2026-09-03 13:03:53,183] LMCache INFO:[0m Stored 8192 tokens in 0.002 seconds [3m(lmcache_driven_transfer.py:1284:lmcache.v1.multiprocess.modules.lmcache_driven_transfer)[0m
[32;20m[2026-09-03 13:03:53,209] LMCache INFO:[0m Stored 8192 tokens in 0.005 seconds [3m(lmcache_driven_transfer.py:1284:lmcache.v1.multiprocess.modules.lmcache_driven_transfer)[0m
[32;20m[2026-09-03 13:03:53,210] LMCache INFO:[0m Stored 8192 tokens in 0.004 seconds [3m(lmcache_driven_transfer.py:1284:lmcache.v1.multiprocess.modules.lmcache_driven_transfer)[0m
[32;20m[2026-09-03 13:03:53,240] LMCache INFO:[0m Stored 8192 tokens in 0.013 seconds [3m(lmcache_driven_transfer.py:1284:lmcache.v1.multiprocess.modules.lmcache_driven_transfer)[0m
[32;20m[2026-09-03 13:03:53,243] LMCache INFO:[0m Stored 8192 tokens in 0.008 seconds [3m(lmcache_driven_transfer.py:1284:lmcache.v1.multiprocess.modules.lmcache_driven_transfer)[0m
[32;20m[2026-09-03 13:03:53,244] LMCache INFO:[0m Stored 8192 tokens in 0.010 seconds [3m(lmcache_driven_transfer.py:1284:lmcache.v1.multiprocess.modules.lmcache_driven_transfer)[0m
[32;20m[2026-09-03 13:03:53,245] LMCache INFO:[0m Stored 8192 tokens in 0.015 seconds [3m(lmcache_driven_transfer.py:1284:lmcache.v1.multiprocess.modules.lmcache_driven_transfer)[0m
[32;20m[2026-09-03 13:03:53,246] LMCache INFO:[0m Stored 8192 tokens in 0.008 seconds [3m(lmcache_driven_transfer.py:1284:lmcache.v1.multiprocess.modules.lmcache_driven_transfer)[0m
[32;20m[2026-09-03 13:03:53,275] LMCache INFO:[0m Stored 8192 tokens in 0.002 seconds [3m(lmcache_driven_transfer.py:1284:lmcache.v1.multiprocess.modules.lmcache_driven_transfer)[0m
[32;20m[2026-09-03 13:03:53,302] LMCache INFO:[0m Stored 8192 tokens in 0.005 seconds [3m(lmcache_driven_transfer.py:1284:lmcache.v1.multiprocess.modules.lmcache_driven_transfer)[0m
[32;20m[2026-09-03 13:03:53,303] LMCache INFO:[0m Stored 8192 tokens in 0.004 seconds [3m(lmcache_driven_transfer.py:1284:lmcache.v1.multiprocess.modules.lmcache_driven_transfer)[0m
[32;20m[2026-09-03 13:03:53,356] LMCache INFO:[0m L1 memory usage 0.91 above watermark 0.80; triggering eviction. [3m(eviction_controller.py:179:lmcache.v1.distributed.storage_controllers.eviction_controller)[0m
[32;20m[2026-09-03 13:03:53,362] LMCache INFO:[0m Stored 8192 tokens in 0.042 seconds [3m(lmcache_driven_transfer.py:1284:lmcache.v1.multiprocess.modules.lmcache_driven_transfer)[0m
[32;20m[2026-09-03 13:03:53,371] LMCache INFO:[0m Stored 8192 tokens in 0.048 seconds [3m(lmcache_driven_transfer.py:1284:lmcache.v1.multiprocess.modules.lmcache_driven_transfer)[0m
[32;20m[2026-09-03 13:03:53,372] LMCache INFO:[0m Stored 8192 tokens in 0.047 seconds [3m(lmcache_driven_transfer.py:1284:lmcache.v1.multiprocess.modules.lmcache_driven_transfer)[0m
[32;20m[2026-09-03 13:03:53,373] LMCache INFO:[0m Stored 8192 tokens in 0.045 seconds [3m(lmcache_driven_transfer.py:1284:lmcache.v1.multiprocess.modules.lmcache_driven_transfer)[0m
[32;20m[2026-09-03 13:03:53,376] LMCache INFO:[0m Stored 8192 tokens in 0.046 seconds [3m(lmcache_driven_transfer.py:1284:lmcache.v1.multiprocess.modules.lmcache_driven_transfer)[0m
[32;20m[2026-09-03 13:03:53,376] LMCache INFO:[0m Stored 8192 tokens in 0.009 seconds [3m(lmcache_driven_transfer.py:1284:lmcache.v1.multiprocess.modules.lmcache_driven_transfer)[0m
[32;20m[2026-09-03 13:03:53,390] LMCache INFO:[0m Stored 8192 tokens in 0.004 seconds [3m(lmcache_driven_transfer.py:1284:lmcache.v1.multiprocess.modules.lmcache_driven_transfer)[0m
[32;20m[2026-09-03 13:03:53,392] LMCache INFO:[0m Stored 8192 tokens in 0.003 seconds [3m(lmcache_driven_transfer.py:1284:lmcache.v1.multiprocess.modules.lmcache_driven_transfer)[0m
[32;20m[2026-09-03 13:03:53,425] LMCache INFO:[0m Stored 8192 tokens in 0.015 seconds [3m(lmcache_driven_transfer.py:1284:lmcache.v1.multiprocess.modules.lmcache_driven_transfer)[0m
[32;20m[2026-09-03 13:03:53,427] LMCache INFO:[0m Stored 8192 tokens in 0.013 seconds [3m(lmcache_driven_transfer.py:1284:lmcache.v1.multiprocess.modules.lmcache_driven_transfer)[0m
[32;20m[2026-09-03 13:03:53,427] LMCache INFO:[0m Stored 8192 tokens in 0.008 seconds [3m(lmcache_driven_transfer.py:1284:lmcache.v1.multiprocess.modules.lmcache_driven_transfer)[0m
[32;20m[2026-09-03 13:03:53,428] LMCache INFO:[0m Stored 8192 tokens in 0.017 seconds [3m(lmcache_driven_transfer.py:1284:lmcache.v1.multiprocess.modules.lmcache_driven_transfer)[0m
[32;20m[2026-09-03 13:03:53,428] LMCache INFO:[0m Stored 8192 tokens in 0.010 seconds [3m(lmcache_driven_transfer.py:1284:lmcache.v1.multiprocess.modules.lmcache_driven_transfer)[0m
[32;20m[2026-09-03 13:03:53,453] LMCache INFO:[0m Stored 8192 tokens in 0.002 seconds [3m(lmcache_driven_transfer.py:1284:lmcache.v1.multiprocess.modules.lmcache_driven_transfer)[0m
[32;20m[2026-09-03 13:03:53,478] LMCache INFO:[0m Stored 8192 tokens in 0.002 seconds [3m(lmcache_driven_transfer.py:1284:lmcache.v1.multiprocess.modules.lmcache_driven_transfer)[0m
[32;20m[2026-09-03 13:03:53,481] LMCache INFO:[0m Stored 8192 tokens in 0.002 seconds [3m(lmcache_driven_transfer.py:1284:lmcache.v1.multiprocess.modules.lmcache_driven_transfer)[0m
[32;20m[2026-09-03 13:03:53,493] LMCache INFO:[0m Stored 8192 tokens in 0.010 seconds [3m(lmcache_driven_transfer.py:1284:lmcache.v1.multiprocess.modules.lmcache_driven_transfer)[0m
[32;20m[2026-09-03 13:03:53,494] LMCache INFO:[0m Stored 8192 tokens in 0.006 seconds [3m(lmcache_driven_transfer.py:1284:lmcache.v1.multiprocess.modules.lmcache_driven_transfer)[0m
[32;20m[2026-09-03 13:03:53,495] LMCache INFO:[0m Stored 8192 tokens in 0.010 seconds [3m(lmcache_driven_transfer.py:1284:lmcache.v1.multiprocess.modules.lmcache_driven_transfer)[0m
[32;20m[2026-09-03 13:03:53,496] LMCache INFO:[0m Stored 8192 tokens in 0.007 seconds [3m(lmcache_driven_transfer.py:1284:lmcache.v1.multiprocess.modules.lmcache_driven_transfer)[0m
[32;20m[2026-09-03 13:03:53,501] LMCache INFO:[0m Stored 8192 tokens in 0.002 seconds [3m(lmcache_driven_transfer.py:1284:lmcache.v1.multiprocess.modules.lmcache_driven_transfer)[0m
[32;20m[2026-09-03 13:03:53,542] LMCache INFO:[0m Stored 8192 tokens in 0.002 seconds [3m(lmcache_driven_transfer.py:1284:lmcache.v1.multiprocess.modules.lmcache_driven_transfer)[0m
[32;20m[2026-09-03 13:03:53,565] LMCache INFO:[0m Stored 8192 tokens in 0.002 seconds [3m(lmcache_driven_transfer.py:1284:lmcache.v1.multiprocess.modules.lmcache_driven_transfer)[0m
[32;20m[2026-09-03 13:03:53,570] LMCache INFO:[0m Stored 8192 tokens in 0.001 seconds [3m(lmcache_driven_transfer.py:1284:lmcache.v1.multiprocess.modules.lmcache_driven_transfer)[0m
[32;20m[2026-09-03 13:03:53,579] LMCache INFO:[0m Stored 8192 tokens in 0.007 seconds [3m(lmcache_driven_transfer.py:1284:lmcache.v1.multiprocess.modules.lmcache_driven_transfer)[0m
[32;20m[2026-09-03 13:03:53,582] LMCache INFO:[0m Stored 8192 tokens in 0.009 seconds [3m(lmcache_driven_transfer.py:1284:lmcache.v1.multiprocess.modules.lmcache_driven_transfer)[0m
[32;20m[2026-09-03 13:03:53,583] LMCache INFO:[0m Stored 8192 tokens in 0.005 seconds [3m(lmcache_driven_transfer.py:1284:lmcache.v1.multiprocess.modules.lmcache_driven_transfer)[0m
[32;20m[2026-09-03 13:03:53,583] LMCache INFO:[0m Stored 8192 tokens in 0.009 seconds [3m(lmcache_driven_transfer.py:1284:lmcache.v1.multiprocess.modules.lmcache_driven_transfer)[0m
[32;20m[2026-09-03 13:03:53,590] LMCache INFO:[0m Stored 8192 tokens in 0.002 seconds [3m(lmcache_driven_transfer.py:1284:lmcache.v1.multiprocess.modules.lmcache_driven_transfer)[0m
[32;20m[2026-09-03 13:03:53,633] LMCache INFO:[0m Stored 8192 tokens in 0.002 seconds [3m(lmcache_driven_transfer.py:1284:lmcache.v1.multiprocess.modules.lmcache_driven_transfer)[0m
[32;20m[2026-09-03 13:03:53,653] LMCache INFO:[0m Stored 8192 tokens in 0.002 seconds [3m(lmcache_driven_transfer.py:1284:lmcache.v1.multiprocess.modules.lmcache_driven_transfer)[0m
[32;20m[2026-09-03 13:03:53,668] LMCache INFO:[0m Stored 8192 tokens in 0.010 seconds [3m(lmcache_driven_transfer.py:1284:lmcache.v1.multiprocess.modules.lmcache_driven_transfer)[0m
[32;20m[2026-09-03 13:03:53,672] LMCache INFO:[0m Stored 8192 tokens in 0.012 seconds [3m(lmcache_driven_transfer.py:1284:lmcache.v1.multiprocess.modules.lmcache_driven_transfer)[0m
[32;20m[2026-09-03 13:03:53,673] LMCache INFO:[0m Stored 8192 tokens in 0.007 seconds [3m(lmcache_driven_transfer.py:1284:lmcache.v1.multiprocess.modules.lmcache_driven_transfer)[0m
[32;20m[2026-09-03 13:03:53,674] LMCache INFO:[0m Stored 8192 tokens in 0.011 seconds [3m(lmcache_driven_transfer.py:1284:lmcache.v1.multiprocess.modules.lmcache_driven_transfer)[0m
[32;20m[2026-09-03 13:03:53,674] LMCache INFO:[0m Stored 8192 tokens in 0.010 seconds [3m(lmcache_driven_transfer.py:1284:lmcache.v1.multiprocess.modules.lmcache_driven_transfer)[0m
[32;20m[2026-09-03 13:03:53,678] LMCache INFO:[0m Stored 8192 tokens in 0.002 seconds [3m(lmcache_driven_transfer.py:1284:lmcache.v1.multiprocess.modules.lmcache_driven_transfer)[0m
[32;20m[2026-09-03 13:03:53,723] LMCache INFO:[0m Stored 8192 tokens in 0.002 seconds [3m(lmcache_driven_transfer.py:1284:lmcache.v1.multiprocess.modules.lmcache_driven_transfer)[0m
[32;20m[2026-09-03 13:03:53,738] LMCache INFO:[0m Stored 8192 tokens in 0.002 seconds [3m(lmcache_driven_transfer.py:1284:lmcache.v1.multiprocess.modules.lmcache_driven_transfer)[0m
[32;20m[2026-09-03 13:03:53,742] LMCache INFO:[0m Stored 8192 tokens in 0.002 seconds [3m(lmcache_driven_transfer.py:1284:lmcache.v1.multiprocess.modules.lmcache_driven_transfer)[0m
[32;20m[2026-09-03 13:03:53,767] LMCache INFO:[0m Stored 8192 tokens in 0.013 seconds [3m(lmcache_driven_transfer.py:1284:lmcache.v1.multiprocess.modules.lmcache_driven_transfer)[0m
[32;20m[2026-09-03 13:03:53,768] LMCache INFO:[0m Stored 8192 tokens in 0.010 seconds [3m(lmcache_driven_transfer.py:1284:lmcache.v1.multiprocess.modules.lmcache_driven_transfer)[0m
[32;20m[2026-09-03 13:03:53,769] LMCache INFO:[0m Stored 8192 tokens in 0.010 seconds [3m(lmcache_driven_transfer.py:1284:lmcache.v1.multiprocess.modules.lmcache_driven_transfer)[0m
[32;20m[2026-09-03 13:03:53,769] LMCache INFO:[0m Stored 8192 tokens in 0.013 seconds [3m(lmcache_driven_transfer.py:1284:lmcache.v1.multiprocess.modules.lmcache_driven_transfer)[0m
[32;20m[2026-09-03 13:03:53,771] LMCache INFO:[0m Stored 8192 tokens in 0.006 seconds [3m(lmcache_driven_transfer.py:1284:lmcache.v1.multiprocess.modules.lmcache_driven_transfer)[0m
[32;20m[2026-09-03 13:03:53,805] LMCache INFO:[0m Stored 8192 tokens in 0.002 seconds [3m(lmcache_driven_transfer.py:1284:lmcache.v1.multiprocess.modules.lmcache_driven_transfer)[0m
[32;20m[2026-09-03 13:03:53,819] LMCache INFO:[0m Stored 8192 tokens in 0.002 seconds [3m(lmcache_driven_transfer.py:1284:lmcache.v1.multiprocess.modules.lmcache_driven_transfer)[0m
[32;20m[2026-09-03 13:03:53,830] LMCache INFO:[0m Stored 8192 tokens in 0.002 seconds [3m(lmcache_driven_transfer.py:1284:lmcache.v1.multiprocess.modules.lmcache_driven_transfer)[0m
[32;20m[2026-09-03 13:03:53,855] LMCache INFO:[0m Stored 8192 tokens in 0.002 seconds [3m(lmcache_driven_transfer.py:1284:lmcache.v1.multiprocess.modules.lmcache_driven_transfer)[0m
[32;20m[2026-09-03 13:03:53,869] LMCache INFO:[0m Stored 8192 tokens in 0.008 seconds [3m(lmcache_driven_transfer.py:1284:lmcache.v1.multiprocess.modules.lmcache_driven_transfer)[0m
[32;20m[2026-09-03 13:03:53,869] LMCache INFO:[0m Stored 8192 tokens in 0.012 seconds [3m(lmcache_driven_transfer.py:1284:lmcache.v1.multiprocess.modules.lmcache_driven_transfer)[0m
[32;20m[2026-09-03 13:03:53,870] LMCache INFO:[0m Stored 8192 tokens in 0.010 seconds [3m(lmcache_driven_transfer.py:1284:lmcache.v1.multiprocess.modules.lmcache_driven_transfer)[0m
[32;20m[2026-09-03 13:03:53,871] LMCache INFO:[0m Stored 8192 tokens in 0.007 seconds [3m(lmcache_driven_transfer.py:1284:lmcache.v1.multiprocess.modules.lmcache_driven_transfer)[0m
[32;20m[2026-09-03 13:03:53,884] LMCache INFO:[0m Stored 8192 tokens in 0.011 seconds [3m(lmcache_driven_transfer.py:1284:lmcache.v1.multiprocess.modules.lmcache_driven_transfer)[0m
[32;20m[2026-09-03 13:03:53,896] LMCache INFO:[0m Stored 8192 tokens in 0.002 seconds [3m(lmcache_driven_transfer.py:1284:lmcache.v1.multiprocess.modules.lmcache_driven_transfer)[0m
[32;20m[2026-09-03 13:03:53,922] LMCache INFO:[0m Stored 8192 tokens in 0.002 seconds [3m(lmcache_driven_transfer.py:1284:lmcache.v1.multiprocess.modules.lmcache_driven_transfer)[0m
[32;20m[2026-09-03 13:03:53,948] LMCache INFO:[0m Stored 8192 tokens in 0.002 seconds [3m(lmcache_driven_transfer.py:1284:lmcache.v1.multiprocess.modules.lmcache_driven_transfer)[0m
[32;20m[2026-09-03 13:03:54,005] LMCache INFO:[0m Stored 8192 tokens in 0.046 seconds [3m(lmcache_driven_transfer.py:1284:lmcache.v1.multiprocess.modules.lmcache_driven_transfer)[0m
[32;20m[2026-09-03 13:03:54,005] LMCache INFO:[0m Stored 8192 tokens in 0.040 seconds [3m(lmcache_driven_transfer.py:1284:lmcache.v1.multiprocess.modules.lmcache_driven_transfer)[0m
[32;20m[2026-09-03 13:03:54,006] LMCache INFO:[0m Stored 8192 tokens in 0.044 seconds [3m(lmcache_driven_transfer.py:1284:lmcache.v1.multiprocess.modules.lmcache_driven_transfer)[0m
[32;20m[2026-09-03 13:03:54,007] LMCache INFO:[0m Stored 8192 tokens in 0.046 seconds [3m(lmcache_driven_transfer.py:1284:lmcache.v1.multiprocess.modules.lmcache_driven_transfer)[0m
[32;20m[2026-09-03 13:03:54,010] LMCache INFO:[0m Stored 8192 tokens in 0.043 seconds [3m(lmcache_driven_transfer.py:1284:lmcache.v1.multiprocess.modules.lmcache_driven_transfer)[0m
[32;20m[2026-09-03 13:03:54,010] LMCache INFO:[0m Stored 8192 tokens in 0.014 seconds [3m(lmcache_driven_transfer.py:1284:lmcache.v1.multiprocess.modules.lmcache_driven_transfer)[0m
[32;20m[2026-09-03 13:03:54,012] LMCache INFO:[0m Stored 8192 tokens in 0.003 seconds [3m(lmcache_driven_transfer.py:1284:lmcache.v1.multiprocess.modules.lmcache_driven_transfer)[0m
[32;20m[2026-09-03 13:03:54,040] LMCache INFO:[0m Stored 8192 tokens in 0.002 seconds [3m(lmcache_driven_transfer.py:1284:lmcache.v1.multiprocess.modules.lmcache_driven_transfer)[0m
[32;20m[2026-09-03 13:03:54,065] LMCache INFO:[0m Stored 8192 tokens in 0.021 seconds [3m(lmcache_driven_transfer.py:1284:lmcache.v1.multiprocess.modules.lmcache_driven_transfer)[0m
[32;20m[2026-09-03 13:03:54,066] LMCache INFO:[0m Stored 8192 tokens in 0.011 seconds [3m(lmcache_driven_transfer.py:1284:lmcache.v1.multiprocess.modules.lmcache_driven_transfer)[0m
[32;20m[2026-09-03 13:03:54,067] LMCache INFO:[0m Stored 8192 tokens in 0.020 seconds [3m(lmcache_driven_transfer.py:1284:lmcache.v1.multiprocess.modules.lmcache_driven_transfer)[0m
[32;20m[2026-09-03 13:03:54,067] LMCache INFO:[0m Stored 8192 tokens in 0.017 seconds [3m(lmcache_driven_transfer.py:1284:lmcache.v1.multiprocess.modules.lmcache_driven_transfer)[0m
[32;20m[2026-09-03 13:03:54,068] LMCache INFO:[0m Stored 8192 tokens in 0.019 seconds [3m(lmcache_driven_transfer.py:1284:lmcache.v1.multiprocess.modules.lmcache_driven_transfer)[0m
[32;20m[2026-09-03 13:03:54,069] LMCache INFO:[0m Stored 8192 tokens in 0.010 seconds [3m(lmcache_driven_transfer.py:1284:lmcache.v1.multiprocess.modules.lmcache_driven_transfer)[0m
[32;20m[2026-09-03 13:03:54,098] LMCache INFO:[0m Stored 8192 tokens in 0.002 seconds [3m(lmcache_driven_transfer.py:1284:lmcache.v1.multiprocess.modules.lmcache_driven_transfer)[0m
[32;20m[2026-09-03 13:03:54,131] LMCache INFO:[0m Stored 8192 tokens in 0.018 seconds [3m(lmcache_driven_transfer.py:1284:lmcache.v1.multiprocess.modules.lmcache_driven_transfer)[0m
[32;20m[2026-09-03 13:03:54,135] LMCache INFO:[0m Stored 8192 tokens in 0.022 seconds [3m(lmcache_driven_transfer.py:1284:lmcache.v1.multiprocess.modules.lmcache_driven_transfer)[0m
[32;20m[2026-09-03 13:03:54,137] LMCache INFO:[0m Stored 8192 tokens in 0.022 seconds [3m(lmcache_driven_transfer.py:1284:lmcache.v1.multiprocess.modules.lmcache_driven_transfer)[0m
[32;20m[2026-09-03 13:03:54,139] LMCache INFO:[0m Stored 8192 tokens in 0.022 seconds [3m(lmcache_driven_transfer.py:1284:lmcache.v1.multiprocess.modules.lmcache_driven_transfer)[0m
[32;20m[2026-09-03 13:03:54,139] LMCache INFO:[0m Stored 8192 tokens in 0.023 seconds [3m(lmcache_driven_transfer.py:1284:lmcache.v1.multiprocess.modules.lmcache_driven_transfer)[0m
[32;20m[2026-09-03 13:03:54,140] LMCache INFO:[0m Stored 8192 tokens in 0.021 seconds [3m(lmcache_driven_transfer.py:1284:lmcache.v1.multiprocess.modules.lmcache_driven_transfer)[0m
[32;20m[2026-09-03 13:03:54,141] LMCache INFO:[0m Stored 8192 tokens in 0.010 seconds [3m(lmcache_driven_transfer.py:1284:lmcache.v1.multiprocess.modules.lmcache_driven_transfer)[0m
[32;20m[2026-09-03 13:03:54,187] LMCache INFO:[0m Stored 8192 tokens in 0.002 seconds [3m(lmcache_driven_transfer.py:1284:lmcache.v1.multiprocess.modules.lmcache_driven_transfer)[0m
[32;20m[2026-09-03 13:03:54,220] LMCache INFO:[0m Stored 8192 tokens in 0.005 seconds [3m(lmcache_driven_transfer.py:1284:lmcache.v1.multiprocess.modules.lmcache_driven_transfer)[0m
[32;20m[2026-09-03 13:03:54,220] LMCache INFO:[0m Stored 8192 tokens in 0.010 seconds [3m(lmcache_driven_transfer.py:1284:lmcache.v1.multiprocess.modules.lmcache_driven_transfer)[0m
[32;20m[2026-09-03 13:03:54,221] LMCache INFO:[0m Stored 8192 tokens in 0.014 seconds [3m(lmcache_driven_transfer.py:1284:lmcache.v1.multiprocess.modules.lmcache_driven_transfer)[0m
[32;20m[2026-09-03 13:03:54,221] LMCache INFO:[0m Stored 8192 tokens in 0.016 seconds [3m(lmcache_driven_transfer.py:1284:lmcache.v1.multiprocess.modules.lmcache_driven_transfer)[0m
[32;20m[2026-09-03 13:03:54,228] LMCache INFO:[0m Stored 8192 tokens in 0.020 seconds [3m(lmcache_driven_transfer.py:1284:lmcache.v1.multiprocess.modules.lmcache_driven_transfer)[0m
[32;20m[2026-09-03 13:03:54,231] LMCache INFO:[0m Stored 8192 tokens in 0.009 seconds [3m(lmcache_driven_transfer.py:1284:lmcache.v1.multiprocess.modules.lmcache_driven_transfer)[0m
[32;20m[2026-09-03 13:03:54,232] LMCache INFO:[0m Stored 8192 tokens in 0.008 seconds [3m(lmcache_driven_transfer.py:1284:lmcache.v1.multiprocess.modules.lmcache_driven_transfer)[0m
[32;20m[2026-09-03 13:03:54,274] LMCache INFO:[0m Stored 8192 tokens in 0.002 seconds [3m(lmcache_driven_transfer.py:1284:lmcache.v1.multiprocess.modules.lmcache_driven_transfer)[0m
[32;20m[2026-09-03 13:03:54,342] LMCache INFO:[0m Stored 8192 tokens in 0.015 seconds [3m(lmcache_driven_transfer.py:1284:lmcache.v1.multiprocess.modules.lmcache_driven_transfer)[0m
[32;20m[2026-09-03 13:03:54,343] LMCache INFO:[0m Stored 8192 tokens in 0.018 seconds [3m(lmcache_driven_transfer.py:1284:lmcache.v1.multiprocess.modules.lmcache_driven_transfer)[0m
[32;20m[2026-09-03 13:03:54,344] LMCache INFO:[0m Stored 8192 tokens in 0.011 seconds [3m(lmcache_driven_transfer.py:1284:lmcache.v1.multiprocess.modules.lmcache_driven_transfer)[0m
[32;20m[2026-09-03 13:03:54,344] LMCache INFO:[0m Stored 8192 tokens in 0.047 seconds [3m(lmcache_driven_transfer.py:1284:lmcache.v1.multiprocess.modules.lmcache_driven_transfer)[0m
[32;20m[2026-09-03 13:03:54,346] LMCache INFO:[0m Stored 8192 tokens in 0.051 seconds [3m(lmcache_driven_transfer.py:1284:lmcache.v1.multiprocess.modules.lmcache_driven_transfer)[0m
[32;20m[2026-09-03 13:03:54,346] LMCache INFO:[0m Stored 8192 tokens in 0.048 seconds [3m(lmcache_driven_transfer.py:1284:lmcache.v1.multiprocess.modules.lmcache_driven_transfer)[0m
[32;20m[2026-09-03 13:03:54,347] LMCache INFO:[0m Stored 8192 tokens in 0.015 seconds [3m(lmcache_driven_transfer.py:1284:lmcache.v1.multiprocess.modules.lmcache_driven_transfer)[0m
[32;20m[2026-09-03 13:03:54,362] LMCache INFO:[0m Stored 8192 tokens in 0.002 seconds [3m(lmcache_driven_transfer.py:1284:lmcache.v1.multiprocess.modules.lmcache_driven_transfer)[0m
[32;20m[2026-09-03 13:03:54,374] LMCache INFO:[0m L1 memory usage 0.93 above watermark 0.80; triggering eviction. [3m(eviction_controller.py:179:lmcache.v1.distributed.storage_controllers.eviction_controller)[0m
[32;20m[2026-09-03 13:03:54,406] LMCache INFO:[0m Stored 8192 tokens in 0.018 seconds [3m(lmcache_driven_transfer.py:1284:lmcache.v1.multiprocess.modules.lmcache_driven_transfer)[0m
[32;20m[2026-09-03 13:03:54,407] LMCache INFO:[0m Stored 8192 tokens in 0.014 seconds [3m(lmcache_driven_transfer.py:1284:lmcache.v1.multiprocess.modules.lmcache_driven_transfer)[0m
[32;20m[2026-09-03 13:03:54,413] LMCache INFO:[0m Stored 8192 tokens in 0.022 seconds [3m(lmcache_driven_transfer.py:1284:lmcache.v1.multiprocess.modules.lmcache_driven_transfer)[0m
[32;20m[2026-09-03 13:03:54,414] LMCache INFO:[0m Stored 8192 tokens in 0.019 seconds [3m(lmcache_driven_transfer.py:1284:lmcache.v1.multiprocess.modules.lmcache_driven_transfer)[0m
[32;20m[2026-09-03 13:03:54,414] LMCache INFO:[0m Stored 8192 tokens in 0.014 seconds [3m(lmcache_driven_transfer.py:1284:lmcache.v1.multiprocess.modules.lmcache_driven_transfer)[0m
[32;20m[2026-09-03 13:03:54,415] LMCache INFO:[0m Stored 8192 tokens in 0.018 seconds [3m(lmcache_driven_transfer.py:1284:lmcache.v1.multiprocess.modules.lmcache_driven_transfer)[0m
[32;20m[2026-09-03 13:03:54,415] LMCache INFO:[0m Stored 8192 tokens in 0.011 seconds [3m(lmcache_driven_transfer.py:1284:lmcache.v1.multiprocess.modules.lmcache_driven_transfer)[0m
[32;20m[2026-09-03 13:03:54,450] LMCache INFO:[0m Stored 8192 tokens in 0.002 seconds [3m(lmcache_driven_transfer.py:1284:lmcache.v1.multiprocess.modules.lmcache_driven_transfer)[0m
[32;20m[2026-09-03 13:03:54,536] LMCache INFO:[0m Stored 8192 tokens in 0.028 seconds [3m(lmcache_driven_transfer.py:1284:lmcache.v1.multiprocess.modules.lmcache_driven_transfer)[0m
[32;20m[2026-09-03 13:03:54,540] LMCache INFO:[0m Stored 8192 tokens in 0.029 seconds [3m(lmcache_driven_transfer.py:1284:lmcache.v1.multiprocess.modules.lmcache_driven_transfer)[0m
[32;20m[2026-09-03 13:03:54,542] LMCache INFO:[0m Stored 8192 tokens in 0.024 seconds [3m(lmcache_driven_transfer.py:1284:lmcache.v1.multiprocess.modules.lmcache_driven_transfer)[0m
[32;20m[2026-09-03 13:03:54,542] LMCache INFO:[0m Stored 8192 tokens in 0.029 seconds [3m(lmcache_driven_transfer.py:1284:lmcache.v1.multiprocess.modules.lmcache_driven_transfer)[0m
[32;20m[2026-09-03 13:03:54,543] LMCache INFO:[0m Stored 8192 tokens in 0.031 seconds [3m(lmcache_driven_transfer.py:1284:lmcache.v1.multiprocess.modules.lmcache_driven_transfer)[0m
[32;20m[2026-09-03 13:03:54,543] LMCache INFO:[0m Stored 8192 tokens in 0.025 seconds [3m(lmcache_driven_transfer.py:1284:lmcache.v1.multiprocess.modules.lmcache_driven_transfer)[0m
[32;20m[2026-09-03 13:03:54,544] LMCache INFO:[0m Stored 8192 tokens in 0.059 seconds [3m(lmcache_driven_transfer.py:1284:lmcache.v1.multiprocess.modules.lmcache_driven_transfer)[0m
[32;20m[2026-09-03 13:03:54,546] LMCache INFO:[0m Stored 8192 tokens in 0.008 seconds [3m(lmcache_driven_transfer.py:1284:lmcache.v1.multiprocess.modules.lmcache_driven_transfer)[0m
[32;20m[2026-09-03 13:03:54,580] LMCache INFO:[0m Stored 8192 tokens in 0.002 seconds [3m(lmcache_driven_transfer.py:1284:lmcache.v1.multiprocess.modules.lmcache_driven_transfer)[0m
[32;20m[2026-09-03 13:03:54,699] LMCache INFO:[0m Stored 8192 tokens in 0.012 seconds [3m(lmcache_driven_transfer.py:1284:lmcache.v1.multiprocess.modules.lmcache_driven_transfer)[0m
[32;20m[2026-09-03 13:03:54,700] LMCache INFO:[0m Stored 8192 tokens in 0.014 seconds [3m(lmcache_driven_transfer.py:1284:lmcache.v1.multiprocess.modules.lmcache_driven_transfer)[0m
[32;20m[2026-09-03 13:03:54,700] LMCache INFO:[0m Stored 8192 tokens in 0.024 seconds [3m(lmcache_driven_transfer.py:1284:lmcache.v1.multiprocess.modules.lmcache_driven_transfer)[0m
[32;20m[2026-09-03 13:03:54,701] LMCache INFO:[0m Stored 8192 tokens in 0.024 seconds [3m(lmcache_driven_transfer.py:1284:lmcache.v1.multiprocess.modules.lmcache_driven_transfer)[0m
[32;20m[2026-09-03 13:03:54,702] LMCache INFO:[0m Stored 8192 tokens in 0.018 seconds [3m(lmcache_driven_transfer.py:1284:lmcache.v1.multiprocess.modules.lmcache_driven_transfer)[0m
[32;20m[2026-09-03 13:03:54,721] LMCache INFO:[0m Stored 8192 tokens in 0.002 seconds [3m(lmcache_driven_transfer.py:1284:lmcache.v1.multiprocess.modules.lmcache_driven_transfer)[0m
[32;20m[2026-09-03 13:03:54,725] LMCache INFO:[0m Stored 8192 tokens in 0.002 seconds [3m(lmcache_driven_transfer.py:1284:lmcache.v1.multiprocess.modules.lmcache_driven_transfer)[0m
[32;20m[2026-09-03 13:03:54,773] LMCache INFO:[0m Stored 8192 tokens in 0.017 seconds [3m(lmcache_driven_transfer.py:1284:lmcache.v1.multiprocess.modules.lmcache_driven_transfer)[0m
[32;20m[2026-09-03 13:03:54,774] LMCache INFO:[0m Stored 8192 tokens in 0.019 seconds [3m(lmcache_driven_transfer.py:1284:lmcache.v1.multiprocess.modules.lmcache_driven_transfer)[0m
[32;20m[2026-09-03 13:03:54,774] LMCache INFO:[0m Stored 8192 tokens in 0.016 seconds [3m(lmcache_driven_transfer.py:1284:lmcache.v1.multiprocess.modules.lmcache_driven_transfer)[0m
[32;20m[2026-09-03 13:03:54,775] LMCache INFO:[0m Stored 8192 tokens in 0.023 seconds [3m(lmcache_driven_transfer.py:1284:lmcache.v1.multiprocess.modules.lmcache_driven_transfer)[0m
[32;20m[2026-09-03 13:03:54,776] LMCache INFO:[0m Stored 8192 tokens in 0.013 seconds [3m(lmcache_driven_transfer.py:1284:lmcache.v1.multiprocess.modules.lmcache_driven_transfer)[0m
[32;20m[2026-09-03 13:03:54,776] LMCache INFO:[0m Stored 8192 tokens in 0.016 seconds [3m(lmcache_driven_transfer.py:1284:lmcache.v1.multiprocess.modules.lmcache_driven_transfer)[0m
[32;20m[2026-09-03 13:03:54,810] LMCache INFO:[0m Stored 8192 tokens in 0.002 seconds [3m(lmcache_driven_transfer.py:1284:lmcache.v1.multiprocess.modules.lmcache_driven_transfer)[0m
[32;20m[2026-09-03 13:03:54,814] LMCache INFO:[0m Stored 8192 tokens in 0.002 seconds [3m(lmcache_driven_transfer.py:1284:lmcache.v1.multiprocess.modules.lmcache_driven_transfer)[0m
[32;20m[2026-09-03 13:03:54,848] LMCache INFO:[0m Stored 8192 tokens in 0.014 seconds [3m(lmcache_driven_transfer.py:1284:lmcache.v1.multiprocess.modules.lmcache_driven_transfer)[0m
[32;20m[2026-09-03 13:03:54,849] LMCache INFO:[0m Stored 8192 tokens in 0.007 seconds [3m(lmcache_driven_transfer.py:1284:lmcache.v1.multiprocess.modules.lmcache_driven_transfer)[0m
[32;20m[2026-09-03 13:03:54,850] LMCache INFO:[0m Stored 8192 tokens in 0.009 seconds [3m(lmcache_driven_transfer.py:1284:lmcache.v1.multiprocess.modules.lmcache_driven_transfer)[0m
[32;20m[2026-09-03 13:03:54,852] LMCache INFO:[0m Stored 8192 tokens in 0.016 seconds [3m(lmcache_driven_transfer.py:1284:lmcache.v1.multiprocess.modules.lmcache_driven_transfer)[0m
[32;20m[2026-09-03 13:03:54,857] LMCache INFO:[0m Stored 8192 tokens in 0.018 seconds [3m(lmcache_driven_transfer.py:1284:lmcache.v1.multiprocess.modules.lmcache_driven_transfer)[0m
[32;20m[2026-09-03 13:03:54,857] LMCache INFO:[0m Stored 8192 tokens in 0.007 seconds [3m(lmcache_driven_transfer.py:1284:lmcache.v1.multiprocess.modules.lmcache_driven_transfer)[0m
[32;20m[2026-09-03 13:03:54,882] LMCache INFO:[0m Stored 8192 tokens in 0.002 seconds [3m(lmcache_driven_transfer.py:1284:lmcache.v1.multiprocess.modules.lmcache_driven_transfer)[0m
[32;20m[2026-09-03 13:03:54,897] LMCache INFO:[0m Stored 8192 tokens in 0.002 seconds [3m(lmcache_driven_transfer.py:1284:lmcache.v1.multiprocess.modules.lmcache_driven_transfer)[0m
[32;20m[2026-09-03 13:03:54,937] LMCache INFO:[0m Stored 8192 tokens in 0.015 seconds [3m(lmcache_driven_transfer.py:1284:lmcache.v1.multiprocess.modules.lmcache_driven_transfer)[0m
[32;20m[2026-09-03 13:03:54,941] LMCache INFO:[0m Stored 8192 tokens in 0.013 seconds [3m(lmcache_driven_transfer.py:1284:lmcache.v1.multiprocess.modules.lmcache_driven_transfer)[0m
[32;20m[2026-09-03 13:03:54,942] LMCache INFO:[0m Stored 8192 tokens in 0.016 seconds [3m(lmcache_driven_transfer.py:1284:lmcache.v1.multiprocess.modules.lmcache_driven_transfer)[0m
[32;20m[2026-09-03 13:03:54,942] LMCache INFO:[0m Stored 8192 tokens in 0.019 seconds [3m(lmcache_driven_transfer.py:1284:lmcache.v1.multiprocess.modules.lmcache_driven_transfer)[0m
[32;20m[2026-09-03 13:03:54,947] LMCache INFO:[0m Stored 8192 tokens in 0.015 seconds [3m(lmcache_driven_transfer.py:1284:lmcache.v1.multiprocess.modules.lmcache_driven_transfer)[0m
[32;20m[2026-09-03 13:03:54,947] LMCache INFO:[0m Stored 8192 tokens in 0.008 seconds [3m(lmcache_driven_transfer.py:1284:lmcache.v1.multiprocess.modules.lmcache_driven_transfer)[0m
[32;20m[2026-09-03 13:03:54,951] LMCache INFO:[0m Stored 8192 tokens in 0.002 seconds [3m(lmcache_driven_transfer.py:1284:lmcache.v1.multiprocess.modules.lmcache_driven_transfer)[0m
[32;20m[2026-09-03 13:03:54,985] LMCache INFO:[0m Stored 8192 tokens in 0.002 seconds [3m(lmcache_driven_transfer.py:1284:lmcache.v1.multiprocess.modules.lmcache_driven_transfer)[0m
[32;20m[2026-09-03 13:03:55,059] LMCache INFO:[0m Stored 8192 tokens in 0.045 seconds [3m(lmcache_driven_transfer.py:1284:lmcache.v1.multiprocess.modules.lmcache_driven_transfer)[0m
[32;20m[2026-09-03 13:03:55,061] LMCache INFO:[0m Stored 8192 tokens in 0.042 seconds [3m(lmcache_driven_transfer.py:1284:lmcache.v1.multiprocess.modules.lmcache_driven_transfer)[0m
[32;20m[2026-09-03 13:03:55,061] LMCache INFO:[0m Stored 8192 tokens in 0.040 seconds [3m(lmcache_driven_transfer.py:1284:lmcache.v1.multiprocess.modules.lmcache_driven_transfer)[0m
[32;20m[2026-09-03 13:03:55,063] LMCache INFO:[0m Stored 8192 tokens in 0.044 seconds [3m(lmcache_driven_transfer.py:1284:lmcache.v1.multiprocess.modules.lmcache_driven_transfer)[0m
[32;20m[2026-09-03 13:03:55,063] LMCache INFO:[0m Stored 8192 tokens in 0.047 seconds [3m(lmcache_driven_transfer.py:1284:lmcache.v1.multiprocess.modules.lmcache_driven_transfer)[0m
[32;20m[2026-09-03 13:03:55,064] LMCache INFO:[0m Stored 8192 tokens in 0.011 seconds [3m(lmcache_driven_transfer.py:1284:lmcache.v1.multiprocess.modules.lmcache_driven_transfer)[0m
[32;20m[2026-09-03 13:03:55,065] LMCache INFO:[0m Stored 8192 tokens in 0.014 seconds [3m(lmcache_driven_transfer.py:1284:lmcache.v1.multiprocess.modules.lmcache_driven_transfer)[0m
[32;20m[2026-09-03 13:03:55,073] LMCache INFO:[0m Stored 8192 tokens in 0.002 seconds [3m(lmcache_driven_transfer.py:1284:lmcache.v1.multiprocess.modules.lmcache_driven_transfer)[0m
[32;20m[2026-09-03 13:03:55,125] LMCache INFO:[0m Stored 8192 tokens in 0.016 seconds [3m(lmcache_driven_transfer.py:1284:lmcache.v1.multiprocess.modules.lmcache_driven_transfer)[0m
[32;20m[2026-09-03 13:03:55,126] LMCache INFO:[0m Stored 8192 tokens in 0.017 seconds [3m(lmcache_driven_transfer.py:1284:lmcache.v1.multiprocess.modules.lmcache_driven_transfer)[0m
[32;20m[2026-09-03 13:03:55,129] LMCache INFO:[0m Stored 8192 tokens in 0.018 seconds [3m(lmcache_driven_transfer.py:1284:lmcache.v1.multiprocess.modules.lmcache_driven_transfer)[0m
[32;20m[2026-09-03 13:03:55,138] LMCache INFO:[0m Stored 8192 tokens in 0.026 seconds [3m(lmcache_driven_transfer.py:1284:lmcache.v1.multiprocess.modules.lmcache_driven_transfer)[0m
[32;20m[2026-09-03 13:03:55,140] LMCache INFO:[0m Stored 8192 tokens in 0.026 seconds [3m(lmcache_driven_transfer.py:1284:lmcache.v1.multiprocess.modules.lmcache_driven_transfer)[0m
[32;20m[2026-09-03 13:03:55,147] LMCache INFO:[0m Stored 8192 tokens in 0.030 seconds [3m(lmcache_driven_transfer.py:1284:lmcache.v1.multiprocess.modules.lmcache_driven_transfer)[0m
[32;20m[2026-09-03 13:03:55,147] LMCache INFO:[0m Stored 8192 tokens in 0.029 seconds [3m(lmcache_driven_transfer.py:1284:lmcache.v1.multiprocess.modules.lmcache_driven_transfer)[0m
[32;20m[2026-09-03 13:03:55,160] LMCache INFO:[0m Stored 8192 tokens in 0.002 seconds [3m(lmcache_driven_transfer.py:1284:lmcache.v1.multiprocess.modules.lmcache_driven_transfer)[0m
[32;20m[2026-09-03 13:03:55,210] LMCache INFO:[0m Stored 8192 tokens in 0.002 seconds [3m(lmcache_driven_transfer.py:1284:lmcache.v1.multiprocess.modules.lmcache_driven_transfer)[0m
[32;20m[2026-09-03 13:03:55,232] LMCache INFO:[0m Stored 8192 tokens in 0.013 seconds [3m(lmcache_driven_transfer.py:1284:lmcache.v1.multiprocess.modules.lmcache_driven_transfer)[0m
[32;20m[2026-09-03 13:03:55,233] LMCache INFO:[0m Stored 8192 tokens in 0.018 seconds [3m(lmcache_driven_transfer.py:1284:lmcache.v1.multiprocess.modules.lmcache_driven_transfer)[0m
[32;20m[2026-09-03 13:03:55,239] LMCache INFO:[0m Stored 8192 tokens in 0.016 seconds [3m(lmcache_driven_transfer.py:1284:lmcache.v1.multiprocess.modules.lmcache_driven_transfer)[0m
[32;20m[2026-09-03 13:03:55,239] LMCache INFO:[0m Stored 8192 tokens in 0.018 seconds [3m(lmcache_driven_transfer.py:1284:lmcache.v1.multiprocess.modules.lmcache_driven_transfer)[0m
[32;20m[2026-09-03 13:03:55,240] LMCache INFO:[0m Stored 8192 tokens in 0.012 seconds [3m(lmcache_driven_transfer.py:1284:lmcache.v1.multiprocess.modules.lmcache_driven_transfer)[0m
[32;20m[2026-09-03 13:03:55,241] LMCache INFO:[0m Stored 8192 tokens in 0.015 seconds [3m(lmcache_driven_transfer.py:1284:lmcache.v1.multiprocess.modules.lmcache_driven_transfer)[0m
[32;20m[2026-09-03 13:03:55,253] LMCache INFO:[0m Stored 8192 tokens in 0.002 seconds [3m(lmcache_driven_transfer.py:1284:lmcache.v1.multiprocess.modules.lmcache_driven_transfer)[0m
[32;20m[2026-09-03 13:03:55,319] LMCache INFO:[0m Stored 8192 tokens in 0.011 seconds [3m(lmcache_driven_transfer.py:1284:lmcache.v1.multiprocess.modules.lmcache_driven_transfer)[0m
[32;20m[2026-09-03 13:03:55,322] LMCache INFO:[0m Stored 8192 tokens in 0.013 seconds [3m(lmcache_driven_transfer.py:1284:lmcache.v1.multiprocess.modules.lmcache_driven_transfer)[0m
[32;20m[2026-09-03 13:03:55,347] LMCache INFO:[0m Stored 8192 tokens in 0.042 seconds [3m(lmcache_driven_transfer.py:1284:lmcache.v1.multiprocess.modules.lmcache_driven_transfer)[0m
[32;20m[2026-09-03 13:03:55,348] LMCache INFO:[0m Stored 8192 tokens in 0.044 seconds [3m(lmcache_driven_transfer.py:1284:lmcache.v1.multiprocess.modules.lmcache_driven_transfer)[0m
[32;20m[2026-09-03 13:03:55,353] LMCache INFO:[0m Stored 8192 tokens in 0.050 seconds [3m(lmcache_driven_transfer.py:1284:lmcache.v1.multiprocess.modules.lmcache_driven_transfer)[0m
[32;20m[2026-09-03 13:03:55,355] LMCache INFO:[0m Stored 8192 tokens in 0.042 seconds [3m(lmcache_driven_transfer.py:1284:lmcache.v1.multiprocess.modules.lmcache_driven_transfer)[0m
[32;20m[2026-09-03 13:03:55,357] LMCache INFO:[0m Stored 8192 tokens in 0.036 seconds [3m(lmcache_driven_transfer.py:1284:lmcache.v1.multiprocess.modules.lmcache_driven_transfer)[0m
[32;20m[2026-09-03 13:03:55,357] LMCache INFO:[0m Stored 8192 tokens in 0.006 seconds [3m(lmcache_driven_transfer.py:1284:lmcache.v1.multiprocess.modules.lmcache_driven_transfer)[0m
[32;20m[2026-09-03 13:03:55,378] LMCache INFO:[0m L1 memory usage 0.93 above watermark 0.80; triggering eviction. [3m(eviction_controller.py:179:lmcache.v1.distributed.storage_controllers.eviction_controller)[0m
[32;20m[2026-09-03 13:03:55,407] LMCache INFO:[0m Stored 8192 tokens in 0.018 seconds [3m(lmcache_driven_transfer.py:1284:lmcache.v1.multiprocess.modules.lmcache_driven_transfer)[0m
[32;20m[2026-09-03 13:03:55,408] LMCache INFO:[0m Stored 8192 tokens in 0.009 seconds [3m(lmcache_driven_transfer.py:1284:lmcache.v1.multiprocess.modules.lmcache_driven_transfer)[0m
[32;20m[2026-09-03 13:03:55,409] LMCache INFO:[0m Stored 8192 tokens in 0.021 seconds [3m(lmcache_driven_transfer.py:1284:lmcache.v1.multiprocess.modules.lmcache_driven_transfer)[0m
[32;20m[2026-09-03 13:03:55,410] LMCache INFO:[0m Stored 8192 tokens in 0.014 seconds [3m(lmcache_driven_transfer.py:1284:lmcache.v1.multiprocess.modules.lmcache_driven_transfer)[0m
[32;20m[2026-09-03 13:03:55,411] LMCache INFO:[0m Stored 8192 tokens in 0.017 seconds [3m(lmcache_driven_transfer.py:1284:lmcache.v1.multiprocess.modules.lmcache_driven_transfer)[0m
[32;20m[2026-09-03 13:03:55,411] LMCache INFO:[0m Stored 8192 tokens in 0.020 seconds [3m(lmcache_driven_transfer.py:1284:lmcache.v1.multiprocess.modules.lmcache_driven_transfer)[0m
[32;20m[2026-09-03 13:03:55,415] LMCache INFO:[0m Stored 8192 tokens in 0.003 seconds [3m(lmcache_driven_transfer.py:1284:lmcache.v1.multiprocess.modules.lmcache_driven_transfer)[0m
[32;20m[2026-09-03 13:03:55,428] LMCache INFO:[0m Stored 8192 tokens in 0.002 seconds [3m(lmcache_driven_transfer.py:1284:lmcache.v1.multiprocess.modules.lmcache_driven_transfer)[0m
[32;20m[2026-09-03 13:03:55,508] LMCache INFO:[0m Stored 8192 tokens in 0.036 seconds [3m(lmcache_driven_transfer.py:1284:lmcache.v1.multiprocess.modules.lmcache_driven_transfer)[0m
[32;20m[2026-09-03 13:03:55,508] LMCache INFO:[0m Stored 8192 tokens in 0.035 seconds [3m(lmcache_driven_transfer.py:1284:lmcache.v1.multiprocess.modules.lmcache_driven_transfer)[0m
[32;20m[2026-09-03 13:03:55,510] LMCache INFO:[0m Stored 8192 tokens in 0.040 seconds [3m(lmcache_driven_transfer.py:1284:lmcache.v1.multiprocess.modules.lmcache_driven_transfer)[0m
[32;20m[2026-09-03 13:03:55,519] LMCache INFO:[0m Stored 8192 tokens in 0.043 seconds [3m(lmcache_driven_transfer.py:1284:lmcache.v1.multiprocess.modules.lmcache_driven_transfer)[0m
[32;20m[2026-09-03 13:03:55,522] LMCache INFO:[0m Stored 8192 tokens in 0.009 seconds [3m(lmcache_driven_transfer.py:1284:lmcache.v1.multiprocess.modules.lmcache_driven_transfer)[0m
[32;20m[2026-09-03 13:03:55,522] LMCache INFO:[0m Stored 8192 tokens in 0.047 seconds [3m(lmcache_driven_transfer.py:1284:lmcache.v1.multiprocess.modules.lmcache_driven_transfer)[0m
[32;20m[2026-09-03 13:03:55,524] LMCache INFO:[0m Stored 8192 tokens in 0.013 seconds [3m(lmcache_driven_transfer.py:1284:lmcache.v1.multiprocess.modules.lmcache_driven_transfer)[0m
[32;20m[2026-09-03 13:03:55,524] LMCache INFO:[0m Stored 8192 tokens in 0.007 seconds [3m(lmcache_driven_transfer.py:1284:lmcache.v1.multiprocess.modules.lmcache_driven_transfer)[0m
[32;20m[2026-09-03 13:03:55,575] LMCache INFO:[0m Stored 8192 tokens in 0.012 seconds [3m(lmcache_driven_transfer.py:1284:lmcache.v1.multiprocess.modules.lmcache_driven_transfer)[0m
[32;20m[2026-09-03 13:03:55,577] LMCache INFO:[0m Stored 8192 tokens in 0.012 seconds [3m(lmcache_driven_transfer.py:1284:lmcache.v1.multiprocess.modules.lmcache_driven_transfer)[0m
[32;20m[2026-09-03 13:03:55,580] LMCache INFO:[0m Stored 8192 tokens in 0.015 seconds [3m(lmcache_driven_transfer.py:1284:lmcache.v1.multiprocess.modules.lmcache_driven_transfer)[0m
[32;20m[2026-09-03 13:03:55,582] LMCache INFO:[0m Stored 8192 tokens in 0.015 seconds [3m(lmcache_driven_transfer.py:1284:lmcache.v1.multiprocess.modules.lmcache_driven_transfer)[0m
[32;20m[2026-09-03 13:03:55,607] LMCache INFO:[0m Stored 8192 tokens in 0.038 seconds [3m(lmcache_driven_transfer.py:1284:lmcache.v1.multiprocess.modules.lmcache_driven_transfer)[0m
[32;20m[2026-09-03 13:03:55,612] LMCache INFO:[0m Stored 8192 tokens in 0.033 seconds [3m(lmcache_driven_transfer.py:1284:lmcache.v1.multiprocess.modules.lmcache_driven_transfer)[0m
[32;20m[2026-09-03 13:03:55,617] LMCache INFO:[0m Stored 8192 tokens in 0.008 seconds [3m(lmcache_driven_transfer.py:1284:lmcache.v1.multiprocess.modules.lmcache_driven_transfer)[0m
[32;20m[2026-09-03 13:03:55,618] LMCache INFO:[0m Stored 8192 tokens in 0.003 seconds [3m(lmcache_driven_transfer.py:1284:lmcache.v1.multiprocess.modules.lmcache_driven_transfer)[0m
[32;20m[2026-09-03 13:03:55,670] LMCache INFO:[0m Stored 8192 tokens in 0.011 seconds [3m(lmcache_driven_transfer.py:1284:lmcache.v1.multiprocess.modules.lmcache_driven_transfer)[0m
[32;20m[2026-09-03 13:03:55,672] LMCache INFO:[0m Stored 8192 tokens in 0.009 seconds [3m(lmcache_driven_transfer.py:1284:lmcache.v1.multiprocess.modules.lmcache_driven_transfer)[0m
[32;20m[2026-09-03 13:03:55,673] LMCache INFO:[0m Stored 8192 tokens in 0.019 seconds [3m(lmcache_driven_transfer.py:1284:lmcache.v1.multiprocess.modules.lmcache_driven_transfer)[0m
[32;20m[2026-09-03 13:03:55,673] LMCache INFO:[0m Stored 8192 tokens in 0.013 seconds [3m(lmcache_driven_transfer.py:1284:lmcache.v1.multiprocess.modules.lmcache_driven_transfer)[0m
[32;20m[2026-09-03 13:03:55,675] LMCache INFO:[0m Stored 8192 tokens in 0.018 seconds [3m(lmcache_driven_transfer.py:1284:lmcache.v1.multiprocess.modules.lmcache_driven_transfer)[0m
[32;20m[2026-09-03 13:03:55,681] LMCache INFO:[0m Stored 8192 tokens in 0.010 seconds [3m(lmcache_driven_transfer.py:1284:lmcache.v1.multiprocess.modules.lmcache_driven_transfer)[0m
[32;20m[2026-09-03 13:03:55,683] LMCache INFO:[0m Stored 8192 tokens in 0.003 seconds [3m(lmcache_driven_transfer.py:1284:lmcache.v1.multiprocess.modules.lmcache_driven_transfer)[0m
[32;20m[2026-09-03 13:03:55,693] LMCache INFO:[0m Stored 8192 tokens in 0.002 seconds [3m(lmcache_driven_transfer.py:1284:lmcache.v1.multiprocess.modules.lmcache_driven_transfer)[0m
[32;20m[2026-09-03 13:03:55,766] LMCache INFO:[0m Stored 8192 tokens in 0.017 seconds [3m(lmcache_driven_transfer.py:1284:lmcache.v1.multiprocess.modules.lmcache_driven_transfer)[0m
[32;20m[2026-09-03 13:03:55,769] LMCache INFO:[0m Stored 8192 tokens in 0.013 seconds [3m(lmcache_driven_transfer.py:1284:lmcache.v1.multiprocess.modules.lmcache_driven_transfer)[0m
[32;20m[2026-09-03 13:03:55,770] LMCache INFO:[0m Stored 8192 tokens in 0.016 seconds [3m(lmcache_driven_transfer.py:1284:lmcache.v1.multiprocess.modules.lmcache_driven_transfer)[0m
[32;20m[2026-09-03 13:03:55,785] LMCache INFO:[0m Stored 8192 tokens in 0.029 seconds [3m(lmcache_driven_transfer.py:1284:lmcache.v1.multiprocess.modules.lmcache_driven_transfer)[0m
[32;20m[2026-09-03 13:03:55,786] LMCache INFO:[0m Stored 8192 tokens in 0.023 seconds [3m(lmcache_driven_transfer.py:1284:lmcache.v1.multiprocess.modules.lmcache_driven_transfer)[0m
[32;20m[2026-09-03 13:03:55,789] LMCache INFO:[0m Stored 8192 tokens in 0.021 seconds [3m(lmcache_driven_transfer.py:1284:lmcache.v1.multiprocess.modules.lmcache_driven_transfer)[0m
[32;20m[2026-09-03 13:03:55,789] LMCache INFO:[0m Stored 8192 tokens in 0.036 seconds [3m(lmcache_driven_transfer.py:1284:lmcache.v1.multiprocess.modules.lmcache_driven_transfer)[0m
[32;20m[2026-09-03 13:03:55,791] LMCache INFO:[0m Stored 8192 tokens in 0.010 seconds [3m(lmcache_driven_transfer.py:1284:lmcache.v1.multiprocess.modules.lmcache_driven_transfer)[0m
[32;20m[2026-09-03 13:03:55,857] LMCache INFO:[0m Stored 8192 tokens in 0.002 seconds [3m(lmcache_driven_transfer.py:1284:lmcache.v1.multiprocess.modules.lmcache_driven_transfer)[0m
[32;20m[2026-09-03 13:03:55,881] LMCache INFO:[0m Stored 8192 tokens in 0.022 seconds [3m(lmcache_driven_transfer.py:1284:lmcache.v1.multiprocess.modules.lmcache_driven_transfer)[0m
[32;20m[2026-09-03 13:03:55,882] LMCache INFO:[0m Stored 8192 tokens in 0.019 seconds [3m(lmcache_driven_transfer.py:1284:lmcache.v1.multiprocess.modules.lmcache_driven_transfer)[0m
[32;20m[2026-09-03 13:03:55,882] LMCache INFO:[0m Stored 8192 tokens in 0.017 seconds [3m(lmcache_driven_transfer.py:1284:lmcache.v1.multiprocess.modules.lmcache_driven_transfer)[0m
[32;20m[2026-09-03 13:03:55,883] LMCache INFO:[0m Stored 8192 tokens in 0.022 seconds [3m(lmcache_driven_transfer.py:1284:lmcache.v1.multiprocess.modules.lmcache_driven_transfer)[0m
[32;20m[2026-09-03 13:03:55,884] LMCache INFO:[0m Stored 8192 tokens in 0.015 seconds [3m(lmcache_driven_transfer.py:1284:lmcache.v1.multiprocess.modules.lmcache_driven_transfer)[0m
[32;20m[2026-09-03 13:03:55,890] LMCache INFO:[0m Stored 8192 tokens in 0.005 seconds [3m(lmcache_driven_transfer.py:1284:lmcache.v1.multiprocess.modules.lmcache_driven_transfer)[0m
[32;20m[2026-09-03 13:03:55,891] LMCache INFO:[0m Stored 8192 tokens in 0.003 seconds [3m(lmcache_driven_transfer.py:1284:lmcache.v1.multiprocess.modules.lmcache_driven_transfer)[0m
[32;20m[2026-09-03 13:03:55,951] LMCache INFO:[0m Stored 8192 tokens in 0.002 seconds [3m(lmcache_driven_transfer.py:1284:lmcache.v1.multiprocess.modules.lmcache_driven_transfer)[0m
[32;20m[2026-09-03 13:03:55,967] LMCache INFO:[0m Stored 8192 tokens in 0.011 seconds [3m(lmcache_driven_transfer.py:1284:lmcache.v1.multiprocess.modules.lmcache_driven_transfer)[0m
[32;20m[2026-09-03 13:03:55,969] LMCache INFO:[0m Stored 8192 tokens in 0.014 seconds [3m(lmcache_driven_transfer.py:1284:lmcache.v1.multiprocess.modules.lmcache_driven_transfer)[0m
[32;20m[2026-09-03 13:03:55,969] LMCache INFO:[0m Stored 8192 tokens in 0.017 seconds [3m(lmcache_driven_transfer.py:1284:lmcache.v1.multiprocess.modules.lmcache_driven_transfer)[0m
[32;20m[2026-09-03 13:03:55,970] LMCache INFO:[0m Stored 8192 tokens in 0.007 seconds [3m(lmcache_driven_transfer.py:1284:lmcache.v1.multiprocess.modules.lmcache_driven_transfer)[0m
[32;20m[2026-09-03 13:03:55,970] LMCache INFO:[0m Stored 8192 tokens in 0.012 seconds [3m(lmcache_driven_transfer.py:1284:lmcache.v1.multiprocess.modules.lmcache_driven_transfer)[0m
[32;20m[2026-09-03 13:03:55,985] LMCache INFO:[0m Stored 8192 tokens in 0.009 seconds [3m(lmcache_driven_transfer.py:1284:lmcache.v1.multiprocess.modules.lmcache_driven_transfer)[0m
[32;20m[2026-09-03 13:03:55,985] LMCache INFO:[0m Stored 8192 tokens in 0.011 seconds [3m(lmcache_driven_transfer.py:1284:lmcache.v1.multiprocess.modules.lmcache_driven_transfer)[0m
[32;20m[2026-09-03 13:03:56,062] LMCache INFO:[0m Stored 8192 tokens in 0.011 seconds [3m(lmcache_driven_transfer.py:1284:lmcache.v1.multiprocess.modules.lmcache_driven_transfer)[0m
[32;20m[2026-09-03 13:03:56,063] LMCache INFO:[0m Stored 8192 tokens in 0.017 seconds [3m(lmcache_driven_transfer.py:1284:lmcache.v1.multiprocess.modules.lmcache_driven_transfer)[0m
[32;20m[2026-09-03 13:03:56,063] LMCache INFO:[0m Stored 8192 tokens in 0.020 seconds [3m(lmcache_driven_transfer.py:1284:lmcache.v1.multiprocess.modules.lmcache_driven_transfer)[0m
[32;20m[2026-09-03 13:03:56,065] LMCache INFO:[0m Stored 8192 tokens in 0.023 seconds [3m(lmcache_driven_transfer.py:1284:lmcache.v1.multiprocess.modules.lmcache_driven_transfer)[0m
[32;20m[2026-09-03 13:03:56,066] LMCache INFO:[0m Stored 8192 tokens in 0.010 seconds [3m(lmcache_driven_transfer.py:1284:lmcache.v1.multiprocess.modules.lmcache_driven_transfer)[0m
[32;20m[2026-09-03 13:03:56,066] LMCache INFO:[0m Stored 8192 tokens in 0.013 seconds [3m(lmcache_driven_transfer.py:1284:lmcache.v1.multiprocess.modules.lmcache_driven_transfer)[0m
[32;20m[2026-09-03 13:03:56,072] LMCache INFO:[0m Stored 8192 tokens in 0.003 seconds [3m(lmcache_driven_transfer.py:1284:lmcache.v1.multiprocess.modules.lmcache_driven_transfer)[0m
[32;20m[2026-09-03 13:03:56,073] LMCache INFO:[0m Stored 8192 tokens in 0.006 seconds [3m(lmcache_driven_transfer.py:1284:lmcache.v1.multiprocess.modules.lmcache_driven_transfer)[0m
[32;20m[2026-09-03 13:03:56,134] LMCache INFO:[0m Stored 8192 tokens in 0.013 seconds [3m(lmcache_driven_transfer.py:1284:lmcache.v1.multiprocess.modules.lmcache_driven_transfer)[0m
[32;20m[2026-09-03 13:03:56,138] LMCache INFO:[0m Stored 8192 tokens in 0.015 seconds [3m(lmcache_driven_transfer.py:1284:lmcache.v1.multiprocess.modules.lmcache_driven_transfer)[0m
[32;20m[2026-09-03 13:03:56,138] LMCache INFO:[0m Stored 8192 tokens in 0.010 seconds [3m(lmcache_driven_transfer.py:1284:lmcache.v1.multiprocess.modules.lmcache_driven_transfer)[0m
[32;20m[2026-09-03 13:03:56,139] LMCache INFO:[0m Stored 8192 tokens in 0.012 seconds [3m(lmcache_driven_transfer.py:1284:lmcache.v1.multiprocess.modules.lmcache_driven_transfer)[0m
[32;20m[2026-09-03 13:03:56,139] LMCache INFO:[0m Stored 8192 tokens in 0.019 seconds [3m(lmcache_driven_transfer.py:1284:lmcache.v1.multiprocess.modules.lmcache_driven_transfer)[0m
[32;20m[2026-09-03 13:03:56,141] LMCache INFO:[0m Stored 8192 tokens in 0.005 seconds [3m(lmcache_driven_transfer.py:1284:lmcache.v1.multiprocess.modules.lmcache_driven_transfer)[0m
[32;20m[2026-09-03 13:03:56,158] LMCache INFO:[0m Stored 8192 tokens in 0.002 seconds [3m(lmcache_driven_transfer.py:1284:lmcache.v1.multiprocess.modules.lmcache_driven_transfer)[0m
[32;20m[2026-09-03 13:03:56,162] LMCache INFO:[0m Stored 8192 tokens in 0.002 seconds [3m(lmcache_driven_transfer.py:1284:lmcache.v1.multiprocess.modules.lmcache_driven_transfer)[0m
[32;20m[2026-09-03 13:03:56,224] LMCache INFO:[0m Stored 8192 tokens in 0.012 seconds [3m(lmcache_driven_transfer.py:1284:lmcache.v1.multiprocess.modules.lmcache_driven_transfer)[0m
[32;20m[2026-09-03 13:03:56,228] LMCache INFO:[0m Stored 8192 tokens in 0.011 seconds [3m(lmcache_driven_transfer.py:1284:lmcache.v1.multiprocess.modules.lmcache_driven_transfer)[0m
[32;20m[2026-09-03 13:03:56,230] LMCache INFO:[0m Stored 8192 tokens in 0.016 seconds [3m(lmcache_driven_transfer.py:1284:lmcache.v1.multiprocess.modules.lmcache_driven_transfer)[0m
[32;20m[2026-09-03 13:03:56,231] LMCache INFO:[0m Stored 8192 tokens in 0.012 seconds [3m(lmcache_driven_transfer.py:1284:lmcache.v1.multiprocess.modules.lmcache_driven_transfer)[0m
[32;20m[2026-09-03 13:03:56,236] LMCache INFO:[0m Stored 8192 tokens in 0.015 seconds [3m(lmcache_driven_transfer.py:1284:lmcache.v1.multiprocess.modules.lmcache_driven_transfer)[0m
[32;20m[2026-09-03 13:03:56,237] LMCache INFO:[0m Stored 8192 tokens in 0.008 seconds [3m(lmcache_driven_transfer.py:1284:lmcache.v1.multiprocess.modules.lmcache_driven_transfer)[0m
[32;20m[2026-09-03 13:03:56,246] LMCache INFO:[0m Stored 8192 tokens in 0.002 seconds [3m(lmcache_driven_transfer.py:1284:lmcache.v1.multiprocess.modules.lmcache_driven_transfer)[0m
[32;20m[2026-09-03 13:03:56,254] LMCache INFO:[0m Stored 8192 tokens in 0.002 seconds [3m(lmcache_driven_transfer.py:1284:lmcache.v1.multiprocess.modules.lmcache_driven_transfer)[0m
[32;20m[2026-09-03 13:03:56,318] LMCache INFO:[0m Stored 8192 tokens in 0.014 seconds [3m(lmcache_driven_transfer.py:1284:lmcache.v1.multiprocess.modules.lmcache_driven_transfer)[0m
[32;20m[2026-09-03 13:03:56,319] LMCache INFO:[0m Stored 8192 tokens in 0.012 seconds [3m(lmcache_driven_transfer.py:1284:lmcache.v1.multiprocess.modules.lmcache_driven_transfer)[0m
[32;20m[2026-09-03 13:03:56,320] LMCache INFO:[0m Stored 8192 tokens in 0.007 seconds [3m(lmcache_driven_transfer.py:1284:lmcache.v1.multiprocess.modules.lmcache_driven_transfer)[0m
[32;20m[2026-09-03 13:03:56,323] LMCache INFO:[0m Stored 8192 tokens in 0.014 seconds [3m(lmcache_driven_transfer.py:1284:lmcache.v1.multiprocess.modules.lmcache_driven_transfer)[0m
[32;20m[2026-09-03 13:03:56,323] LMCache INFO:[0m Stored 8192 tokens in 0.013 seconds [3m(lmcache_driven_transfer.py:1284:lmcache.v1.multiprocess.modules.lmcache_driven_transfer)[0m
[32;20m[2026-09-03 13:03:56,328] LMCache INFO:[0m Stored 8192 tokens in 0.006 seconds [3m(lmcache_driven_transfer.py:1284:lmcache.v1.multiprocess.modules.lmcache_driven_transfer)[0m
[32;20m[2026-09-03 13:03:56,335] LMCache INFO:[0m Stored 8192 tokens in 0.002 seconds [3m(lmcache_driven_transfer.py:1284:lmcache.v1.multiprocess.modules.lmcache_driven_transfer)[0m
[32;20m[2026-09-03 13:03:56,343] LMCache INFO:[0m Stored 8192 tokens in 0.002 seconds [3m(lmcache_driven_transfer.py:1284:lmcache.v1.multiprocess.modules.lmcache_driven_transfer)[0m
[32;20m[2026-09-03 13:03:56,381] LMCache INFO:[0m L1 memory usage 0.94 above watermark 0.80; triggering eviction. [3m(eviction_controller.py:179:lmcache.v1.distributed.storage_controllers.eviction_controller)[0m
[32;20m[2026-09-03 13:03:56,408] LMCache INFO:[0m Stored 8192 tokens in 0.009 seconds [3m(lmcache_driven_transfer.py:1284:lmcache.v1.multiprocess.modules.lmcache_driven_transfer)[0m
[32;20m[2026-09-03 13:03:56,415] LMCache INFO:[0m Stored 8192 tokens in 0.015 seconds [3m(lmcache_driven_transfer.py:1284:lmcache.v1.multiprocess.modules.lmcache_driven_transfer)[0m
[32;20m[2026-09-03 13:03:56,416] LMCache INFO:[0m Stored 8192 tokens in 0.015 seconds [3m(lmcache_driven_transfer.py:1284:lmcache.v1.multiprocess.modules.lmcache_driven_transfer)[0m
[32;20m[2026-09-03 13:03:56,418] LMCache INFO:[0m Stored 8192 tokens in 0.014 seconds [3m(lmcache_driven_transfer.py:1284:lmcache.v1.multiprocess.modules.lmcache_driven_transfer)[0m
[32;20m[2026-09-03 13:03:56,418] LMCache INFO:[0m Stored 8192 tokens in 0.006 seconds [3m(lmcache_driven_transfer.py:1284:lmcache.v1.multiprocess.modules.lmcache_driven_transfer)[0m
[32;20m[2026-09-03 13:03:56,419] LMCache INFO:[0m Stored 8192 tokens in 0.017 seconds [3m(lmcache_driven_transfer.py:1284:lmcache.v1.multiprocess.modules.lmcache_driven_transfer)[0m
[32;20m[2026-09-03 13:03:56,425] LMCache INFO:[0m Stored 8192 tokens in 0.003 seconds [3m(lmcache_driven_transfer.py:1284:lmcache.v1.multiprocess.modules.lmcache_driven_transfer)[0m
[32;20m[2026-09-03 13:03:56,432] LMCache INFO:[0m Stored 8192 tokens in 0.002 seconds [3m(lmcache_driven_transfer.py:1284:lmcache.v1.multiprocess.modules.lmcache_driven_transfer)[0m
[32;20m[2026-09-03 13:03:56,513] LMCache INFO:[0m Stored 8192 tokens in 0.019 seconds [3m(lmcache_driven_transfer.py:1284:lmcache.v1.multiprocess.modules.lmcache_driven_transfer)[0m
[32;20m[2026-09-03 13:03:56,515] LMCache INFO:[0m Stored 8192 tokens in 0.014 seconds [3m(lmcache_driven_transfer.py:1284:lmcache.v1.multiprocess.modules.lmcache_driven_transfer)[0m
[32;20m[2026-09-03 13:03:56,523] LMCache INFO:[0m Stored 8192 tokens in 0.024 seconds [3m(lmcache_driven_transfer.py:1284:lmcache.v1.multiprocess.modules.lmcache_driven_transfer)[0m
[32;20m[2026-09-03 13:03:56,524] LMCache INFO:[0m Stored 8192 tokens in 0.027 seconds [3m(lmcache_driven_transfer.py:1284:lmcache.v1.multiprocess.modules.lmcache_driven_transfer)[0m
[32;20m[2026-09-03 13:03:56,525] LMCache INFO:[0m Stored 8192 tokens in 0.022 seconds [3m(lmcache_driven_transfer.py:1284:lmcache.v1.multiprocess.modules.lmcache_driven_transfer)[0m
[32;20m[2026-09-03 13:03:56,529] LMCache INFO:[0m Stored 8192 tokens in 0.023 seconds [3m(lmcache_driven_transfer.py:1284:lmcache.v1.multiprocess.modules.lmcache_driven_transfer)[0m
[32;20m[2026-09-03 13:03:56,531] LMCache INFO:[0m Stored 8192 tokens in 0.022 seconds [3m(lmcache_driven_transfer.py:1284:lmcache.v1.multiprocess.modules.lmcache_driven_transfer)[0m
[32;20m[2026-09-03 13:03:56,535] LMCache INFO:[0m Stored 8192 tokens in 0.009 seconds [3m(lmcache_driven_transfer.py:1284:lmcache.v1.multiprocess.modules.lmcache_driven_transfer)[0m
[32;20m[2026-09-03 13:03:56,596] LMCache INFO:[0m Stored 8192 tokens in 0.002 seconds [3m(lmcache_driven_transfer.py:1284:lmcache.v1.multiprocess.modules.lmcache_driven_transfer)[0m
[32;20m[2026-09-03 13:03:56,730] LMCache INFO:[0m Stored 8192 tokens in 0.043 seconds [3m(lmcache_driven_transfer.py:1284:lmcache.v1.multiprocess.modules.lmcache_driven_transfer)[0m
[32;20m[2026-09-03 13:03:56,731] LMCache INFO:[0m Stored 8192 tokens in 0.047 seconds [3m(lmcache_driven_transfer.py:1284:lmcache.v1.multiprocess.modules.lmcache_driven_transfer)[0m
[32;20m[2026-09-03 13:03:56,731] LMCache INFO:[0m Stored 8192 tokens in 0.019 seconds [3m(lmcache_driven_transfer.py:1284:lmcache.v1.multiprocess.modules.lmcache_driven_transfer)[0m
[32;20m[2026-09-03 13:03:56,733] LMCache INFO:[0m Stored 8192 tokens in 0.045 seconds [3m(lmcache_driven_transfer.py:1284:lmcache.v1.multiprocess.modules.lmcache_driven_transfer)[0m
[32;20m[2026-09-03 13:03:56,734] LMCache INFO:[0m Stored 8192 tokens in 0.018 seconds [3m(lmcache_driven_transfer.py:1284:lmcache.v1.multiprocess.modules.lmcache_driven_transfer)[0m
[32;20m[2026-09-03 13:03:56,735] LMCache INFO:[0m Stored 8192 tokens in 0.020 seconds [3m(lmcache_driven_transfer.py:1284:lmcache.v1.multiprocess.modules.lmcache_driven_transfer)[0m
[32;20m[2026-09-03 13:03:56,736] LMCache INFO:[0m Stored 8192 tokens in 0.009 seconds [3m(lmcache_driven_transfer.py:1284:lmcache.v1.multiprocess.modules.lmcache_driven_transfer)[0m
[32;20m[2026-09-03 13:03:56,785] LMCache INFO:[0m Stored 8192 tokens in 0.020 seconds [3m(lmcache_driven_transfer.py:1284:lmcache.v1.multiprocess.modules.lmcache_driven_transfer)[0m
[32;20m[2026-09-03 13:03:56,786] LMCache INFO:[0m Stored 8192 tokens in 0.017 seconds [3m(lmcache_driven_transfer.py:1284:lmcache.v1.multiprocess.modules.lmcache_driven_transfer)[0m
[32;20m[2026-09-03 13:03:56,787] LMCache INFO:[0m Stored 8192 tokens in 0.014 seconds [3m(lmcache_driven_transfer.py:1284:lmcache.v1.multiprocess.modules.lmcache_driven_transfer)[0m
[32;20m[2026-09-03 13:03:56,787] LMCache INFO:[0m Stored 8192 tokens in 0.021 seconds [3m(lmcache_driven_transfer.py:1284:lmcache.v1.multiprocess.modules.lmcache_driven_transfer)[0m
[32;20m[2026-09-03 13:03:56,790] LMCache INFO:[0m Stored 8192 tokens in 0.019 seconds [3m(lmcache_driven_transfer.py:1284:lmcache.v1.multiprocess.modules.lmcache_driven_transfer)[0m
[32;20m[2026-09-03 13:03:56,792] LMCache INFO:[0m Stored 8192 tokens in 0.017 seconds [3m(lmcache_driven_transfer.py:1284:lmcache.v1.multiprocess.modules.lmcache_driven_transfer)[0m
[32;20m[2026-09-03 13:03:56,793] LMCache INFO:[0m Stored 8192 tokens in 0.011 seconds [3m(lmcache_driven_transfer.py:1284:lmcache.v1.multiprocess.modules.lmcache_driven_transfer)[0m
[32;20m[2026-09-03 13:03:56,812] LMCache INFO:[0m Stored 8192 tokens in 0.002 seconds [3m(lmcache_driven_transfer.py:1284:lmcache.v1.multiprocess.modules.lmcache_driven_transfer)[0m
[32;20m[2026-09-03 13:03:56,877] LMCache INFO:[0m Stored 8192 tokens in 0.020 seconds [3m(lmcache_driven_transfer.py:1284:lmcache.v1.multiprocess.modules.lmcache_driven_transfer)[0m
[32;20m[2026-09-03 13:03:56,878] LMCache INFO:[0m Stored 8192 tokens in 0.018 seconds [3m(lmcache_driven_transfer.py:1284:lmcache.v1.multiprocess.modules.lmcache_driven_transfer)[0m
[32;20m[2026-09-03 13:03:56,879] LMCache INFO:[0m Stored 8192 tokens in 0.011 seconds [3m(lmcache_driven_transfer.py:1284:lmcache.v1.multiprocess.modules.lmcache_driven_transfer)[0m
[32;20m[2026-09-03 13:03:56,880] LMCache INFO:[0m Stored 8192 tokens in 0.018 seconds [3m(lmcache_driven_transfer.py:1284:lmcache.v1.multiprocess.modules.lmcache_driven_transfer)[0m
[32;20m[2026-09-03 13:03:56,880] LMCache INFO:[0m Stored 8192 tokens in 0.017 seconds [3m(lmcache_driven_transfer.py:1284:lmcache.v1.multiprocess.modules.lmcache_driven_transfer)[0m
[32;20m[2026-09-03 13:03:56,885] LMCache INFO:[0m Stored 8192 tokens in 0.021 seconds [3m(lmcache_driven_transfer.py:1284:lmcache.v1.multiprocess.modules.lmcache_driven_transfer)[0m
[32;20m[2026-09-03 13:03:56,886] LMCache INFO:[0m Stored 8192 tokens in 0.012 seconds [3m(lmcache_driven_transfer.py:1284:lmcache.v1.multiprocess.modules.lmcache_driven_transfer)[0m
[32;20m[2026-09-03 13:03:56,901] LMCache INFO:[0m Stored 8192 tokens in 0.002 seconds [3m(lmcache_driven_transfer.py:1284:lmcache.v1.multiprocess.modules.lmcache_driven_transfer)[0m
[32;20m[2026-09-03 13:03:56,964] LMCache INFO:[0m Stored 8192 tokens in 0.013 seconds [3m(lmcache_driven_transfer.py:1284:lmcache.v1.multiprocess.modules.lmcache_driven_transfer)[0m
[32;20m[2026-09-03 13:03:56,970] LMCache INFO:[0m Stored 8192 tokens in 0.018 seconds [3m(lmcache_driven_transfer.py:1284:lmcache.v1.multiprocess.modules.lmcache_driven_transfer)[0m
[32;20m[2026-09-03 13:03:56,971] LMCache INFO:[0m Stored 8192 tokens in 0.019 seconds [3m(lmcache_driven_transfer.py:1284:lmcache.v1.multiprocess.modules.lmcache_driven_transfer)[0m
[32;20m[2026-09-03 13:03:56,972] LMCache INFO:[0m Stored 8192 tokens in 0.016 seconds [3m(lmcache_driven_transfer.py:1284:lmcache.v1.multiprocess.modules.lmcache_driven_transfer)[0m
[32;20m[2026-09-03 13:03:56,974] LMCache INFO:[0m Stored 8192 tokens in 0.019 seconds [3m(lmcache_driven_transfer.py:1284:lmcache.v1.multiprocess.modules.lmcache_driven_transfer)[0m
[32;20m[2026-09-03 13:03:56,975] LMCache INFO:[0m Stored 8192 tokens in 0.017 seconds [3m(lmcache_driven_transfer.py:1284:lmcache.v1.multiprocess.modules.lmcache_driven_transfer)[0m
[32;20m[2026-09-03 13:03:56,978] LMCache INFO:[0m Stored 8192 tokens in 0.009 seconds [3m(lmcache_driven_transfer.py:1284:lmcache.v1.multiprocess.modules.lmcache_driven_transfer)[0m
[32;20m[2026-09-03 13:03:56,991] LMCache INFO:[0m Stored 8192 tokens in 0.002 seconds [3m(lmcache_driven_transfer.py:1284:lmcache.v1.multiprocess.modules.lmcache_driven_transfer)[0m
[32;20m[2026-09-03 13:03:57,060] LMCache INFO:[0m Stored 8192 tokens in 0.014 seconds [3m(lmcache_driven_transfer.py:1284:lmcache.v1.multiprocess.modules.lmcache_driven_transfer)[0m
[32;20m[2026-09-03 13:03:57,063] LMCache INFO:[0m Stored 8192 tokens in 0.019 seconds [3m(lmcache_driven_transfer.py:1284:lmcache.v1.multiprocess.modules.lmcache_driven_transfer)[0m
[32;20m[2026-09-03 13:03:57,064] LMCache INFO:[0m Stored 8192 tokens in 0.014 seconds [3m(lmcache_driven_transfer.py:1284:lmcache.v1.multiprocess.modules.lmcache_driven_transfer)[0m
[32;20m[2026-09-03 13:03:57,065] LMCache INFO:[0m Stored 8192 tokens in 0.014 seconds [3m(lmcache_driven_transfer.py:1284:lmcache.v1.multiprocess.modules.lmcache_driven_transfer)[0m
[32;20m[2026-09-03 13:03:57,070] LMCache INFO:[0m Stored 8192 tokens in 0.021 seconds [3m(lmcache_driven_transfer.py:1284:lmcache.v1.multiprocess.modules.lmcache_driven_transfer)[0m
[32;20m[2026-09-03 13:03:57,071] LMCache INFO:[0m Stored 8192 tokens in 0.015 seconds [3m(lmcache_driven_transfer.py:1284:lmcache.v1.multiprocess.modules.lmcache_driven_transfer)[0m
[32;20m[2026-09-03 13:03:57,072] LMCache INFO:[0m Stored 8192 tokens in 0.008 seconds [3m(lmcache_driven_transfer.py:1284:lmcache.v1.multiprocess.modules.lmcache_driven_transfer)[0m
[32;20m[2026-09-03 13:03:57,081] LMCache INFO:[0m Stored 8192 tokens in 0.002 seconds [3m(lmcache_driven_transfer.py:1284:lmcache.v1.multiprocess.modules.lmcache_driven_transfer)[0m
[32;20m[2026-09-03 13:03:57,162] LMCache INFO:[0m Stored 8192 tokens in 0.020 seconds [3m(lmcache_driven_transfer.py:1284:lmcache.v1.multiprocess.modules.lmcache_driven_transfer)[0m
[32;20m[2026-09-03 13:03:57,171] LMCache INFO:[0m Stored 8192 tokens in 0.022 seconds [3m(lmcache_driven_transfer.py:1284:lmcache.v1.multiprocess.modules.lmcache_driven_transfer)[0m
[32;20m[2026-09-03 13:03:57,177] LMCache INFO:[0m Stored 8192 tokens in 0.021 seconds [3m(lmcache_driven_transfer.py:1284:lmcache.v1.multiprocess.modules.lmcache_driven_transfer)[0m
[32;20m[2026-09-03 13:03:57,177] LMCache INFO:[0m Stored 8192 tokens in 0.034 seconds [3m(lmcache_driven_transfer.py:1284:lmcache.v1.multiprocess.modules.lmcache_driven_transfer)[0m
[32;20m[2026-09-03 13:03:57,180] LMCache INFO:[0m Stored 8192 tokens in 0.033 seconds [3m(lmcache_driven_transfer.py:1284:lmcache.v1.multiprocess.modules.lmcache_driven_transfer)[0m
[32;20m[2026-09-03 13:03:57,181] LMCache INFO:[0m Stored 8192 tokens in 0.027 seconds [3m(lmcache_driven_transfer.py:1284:lmcache.v1.multiprocess.modules.lmcache_driven_transfer)[0m
[32;20m[2026-09-03 13:03:57,183] LMCache INFO:[0m Stored 8192 tokens in 0.037 seconds [3m(lmcache_driven_transfer.py:1284:lmcache.v1.multiprocess.modules.lmcache_driven_transfer)[0m
[32;20m[2026-09-03 13:03:57,184] LMCache INFO:[0m Stored 8192 tokens in 0.013 seconds [3m(lmcache_driven_transfer.py:1284:lmcache.v1.multiprocess.modules.lmcache_driven_transfer)[0m
[32;20m[2026-09-03 13:03:57,246] LMCache INFO:[0m Stored 8192 tokens in 0.002 seconds [3m(lmcache_driven_transfer.py:1284:lmcache.v1.multiprocess.modules.lmcache_driven_transfer)[0m
[32;20m[2026-09-03 13:03:57,266] LMCache INFO:[0m Stored 8192 tokens in 0.014 seconds [3m(lmcache_driven_transfer.py:1284:lmcache.v1.multiprocess.modules.lmcache_driven_transfer)[0m
[32;20m[2026-09-03 13:03:57,266] LMCache INFO:[0m Stored 8192 tokens in 0.008 seconds [3m(lmcache_driven_transfer.py:1284:lmcache.v1.multiprocess.modules.lmcache_driven_transfer)[0m
[32;20m[2026-09-03 13:03:57,269] LMCache INFO:[0m Stored 8192 tokens in 0.015 seconds [3m(lmcache_driven_transfer.py:1284:lmcache.v1.multiprocess.modules.lmcache_driven_transfer)[0m
[32;20m[2026-09-03 13:03:57,270] LMCache INFO:[0m Stored 8192 tokens in 0.013 seconds [3m(lmcache_driven_transfer.py:1284:lmcache.v1.multiprocess.modules.lmcache_driven_transfer)[0m
[32;20m[2026-09-03 13:03:57,272] LMCache INFO:[0m Stored 8192 tokens in 0.012 seconds [3m(lmcache_driven_transfer.py:1284:lmcache.v1.multiprocess.modules.lmcache_driven_transfer)[0m
[32;20m[2026-09-03 13:03:57,285] LMCache INFO:[0m Stored 8192 tokens in 0.004 seconds [3m(lmcache_driven_transfer.py:1284:lmcache.v1.multiprocess.modules.lmcache_driven_transfer)[0m
[32;20m[2026-09-03 13:03:57,286] LMCache INFO:[0m Stored 8192 tokens in 0.003 seconds [3m(lmcache_driven_transfer.py:1284:lmcache.v1.multiprocess.modules.lmcache_driven_transfer)[0m
[32;20m[2026-09-03 13:03:57,354] LMCache INFO:[0m Stored 8192 tokens in 0.007 seconds [3m(lmcache_driven_transfer.py:1284:lmcache.v1.multiprocess.modules.lmcache_driven_transfer)[0m
[32;20m[2026-09-03 13:03:57,355] LMCache INFO:[0m Stored 8192 tokens in 0.014 seconds [3m(lmcache_driven_transfer.py:1284:lmcache.v1.multiprocess.modules.lmcache_driven_transfer)[0m
[32;20m[2026-09-03 13:03:57,356] LMCache INFO:[0m Stored 8192 tokens in 0.012 seconds [3m(lmcache_driven_transfer.py:1284:lmcache.v1.multiprocess.modules.lmcache_driven_transfer)[0m
[32;20m[2026-09-03 13:03:57,356] LMCache INFO:[0m Stored 8192 tokens in 0.016 seconds [3m(lmcache_driven_transfer.py:1284:lmcache.v1.multiprocess.modules.lmcache_driven_transfer)[0m
[32;20m[2026-09-03 13:03:57,356] LMCache INFO:[0m Stored 8192 tokens in 0.019 seconds [3m(lmcache_driven_transfer.py:1284:lmcache.v1.multiprocess.modules.lmcache_driven_transfer)[0m
[32;20m[2026-09-03 13:03:57,357] LMCache INFO:[0m Stored 8192 tokens in 0.011 seconds [3m(lmcache_driven_transfer.py:1284:lmcache.v1.multiprocess.modules.lmcache_driven_transfer)[0m
[32;20m[2026-09-03 13:03:57,374] LMCache INFO:[0m Stored 8192 tokens in 0.004 seconds [3m(lmcache_driven_transfer.py:1284:lmcache.v1.multiprocess.modules.lmcache_driven_transfer)[0m
[32;20m[2026-09-03 13:03:57,374] LMCache INFO:[0m Stored 8192 tokens in 0.004 seconds [3m(lmcache_driven_transfer.py:1284:lmcache.v1.multiprocess.modules.lmcache_driven_transfer)[0m
[32;20m[2026-09-03 13:03:57,385] LMCache INFO:[0m L1 memory usage 0.93 above watermark 0.80; triggering eviction. [3m(eviction_controller.py:179:lmcache.v1.distributed.storage_controllers.eviction_controller)[0m
[32;20m[2026-09-03 13:03:57,438] LMCache INFO:[0m Stored 8192 tokens in 0.017 seconds [3m(lmcache_driven_transfer.py:1284:lmcache.v1.multiprocess.modules.lmcache_driven_transfer)[0m
[32;20m[2026-09-03 13:03:57,442] LMCache INFO:[0m Stored 8192 tokens in 0.013 seconds [3m(lmcache_driven_transfer.py:1284:lmcache.v1.multiprocess.modules.lmcache_driven_transfer)[0m
[32;20m[2026-09-03 13:03:57,443] LMCache INFO:[0m Stored 8192 tokens in 0.017 seconds [3m(lmcache_driven_transfer.py:1284:lmcache.v1.multiprocess.modules.lmcache_driven_transfer)[0m
[32;20m[2026-09-03 13:03:57,443] LMCache INFO:[0m Stored 8192 tokens in 0.019 seconds [3m(lmcache_driven_transfer.py:1284:lmcache.v1.multiprocess.modules.lmcache_driven_transfer)[0m
[32;20m[2026-09-03 13:03:57,444] LMCache INFO:[0m Stored 8192 tokens in 0.017 seconds [3m(lmcache_driven_transfer.py:1284:lmcache.v1.multiprocess.modules.lmcache_driven_transfer)[0m
[32;20m[2026-09-03 13:03:57,445] LMCache INFO:[0m Stored 8192 tokens in 0.011 seconds [3m(lmcache_driven_transfer.py:1284:lmcache.v1.multiprocess.modules.lmcache_driven_transfer)[0m
[32;20m[2026-09-03 13:03:57,460] LMCache INFO:[0m Stored 8192 tokens in 0.002 seconds [3m(lmcache_driven_transfer.py:1284:lmcache.v1.multiprocess.modules.lmcache_driven_transfer)[0m
[32;20m[2026-09-03 13:03:57,463] LMCache INFO:[0m Stored 8192 tokens in 0.002 seconds [3m(lmcache_driven_transfer.py:1284:lmcache.v1.multiprocess.modules.lmcache_driven_transfer)[0m
[32;20m[2026-09-03 13:03:57,524] LMCache INFO:[0m Stored 8192 tokens in 0.008 seconds [3m(lmcache_driven_transfer.py:1284:lmcache.v1.multiprocess.modules.lmcache_driven_transfer)[0m
[32;20m[2026-09-03 13:03:57,525] LMCache INFO:[0m Stored 8192 tokens in 0.008 seconds [3m(lmcache_driven_transfer.py:1284:lmcache.v1.multiprocess.modules.lmcache_driven_transfer)[0m
[32;20m[2026-09-03 13:03:57,527] LMCache INFO:[0m Stored 8192 tokens in 0.017 seconds [3m(lmcache_driven_transfer.py:1284:lmcache.v1.multiprocess.modules.lmcache_driven_transfer)[0m
[32;20m[2026-09-03 13:03:57,528] LMCache INFO:[0m Stored 8192 tokens in 0.014 seconds [3m(lmcache_driven_transfer.py:1284:lmcache.v1.multiprocess.modules.lmcache_driven_transfer)[0m
[32;20m[2026-09-03 13:03:57,531] LMCache INFO:[0m Stored 8192 tokens in 0.019 seconds [3m(lmcache_driven_transfer.py:1284:lmcache.v1.multiprocess.modules.lmcache_driven_transfer)[0m
[32;20m[2026-09-03 13:03:57,534] LMCache INFO:[0m Stored 8192 tokens in 0.007 seconds [3m(lmcache_driven_transfer.py:1284:lmcache.v1.multiprocess.modules.lmcache_driven_transfer)[0m
[32;20m[2026-09-03 13:03:57,548] LMCache INFO:[0m Stored 8192 tokens in 0.002 seconds [3m(lmcache_driven_transfer.py:1284:lmcache.v1.multiprocess.modules.lmcache_driven_transfer)[0m
[32;20m[2026-09-03 13:03:57,554] LMCache INFO:[0m Stored 8192 tokens in 0.002 seconds [3m(lmcache_driven_transfer.py:1284:lmcache.v1.multiprocess.modules.lmcache_driven_transfer)[0m
[32;20m[2026-09-03 13:03:57,615] LMCache INFO:[0m Stored 8192 tokens in 0.012 seconds [3m(lmcache_driven_transfer.py:1284:lmcache.v1.multiprocess.modules.lmcache_driven_transfer)[0m
[32;20m[2026-09-03 13:03:57,615] LMCache INFO:[0m Stored 8192 tokens in 0.010 seconds [3m(lmcache_driven_transfer.py:1284:lmcache.v1.multiprocess.modules.lmcache_driven_transfer)[0m
[32;20m[2026-09-03 13:03:57,618] LMCache INFO:[0m Stored 8192 tokens in 0.018 seconds [3m(lmcache_driven_transfer.py:1284:lmcache.v1.multiprocess.modules.lmcache_driven_transfer)[0m
[32;20m[2026-09-03 13:03:57,620] LMCache INFO:[0m Stored 8192 tokens in 0.012 seconds [3m(lmcache_driven_transfer.py:1284:lmcache.v1.multiprocess.modules.lmcache_driven_transfer)[0m
[32;20m[2026-09-03 13:03:57,621] LMCache INFO:[0m Stored 8192 tokens in 0.014 seconds [3m(lmcache_driven_transfer.py:1284:lmcache.v1.multiprocess.modules.lmcache_driven_transfer)[0m
[32;20m[2026-09-03 13:03:57,629] LMCache INFO:[0m Stored 8192 tokens in 0.012 seconds [3m(lmcache_driven_transfer.py:1284:lmcache.v1.multiprocess.modules.lmcache_driven_transfer)[0m
[32;20m[2026-09-03 13:03:57,637] LMCache INFO:[0m Stored 8192 tokens in 0.002 seconds [3m(lmcache_driven_transfer.py:1284:lmcache.v1.multiprocess.modules.lmcache_driven_transfer)[0m
[32;20m[2026-09-03 13:03:57,645] LMCache INFO:[0m Stored 8192 tokens in 0.002 seconds [3m(lmcache_driven_transfer.py:1284:lmcache.v1.multiprocess.modules.lmcache_driven_transfer)[0m
[32;20m[2026-09-03 13:03:57,706] LMCache INFO:[0m Stored 8192 tokens in 0.015 seconds [3m(lmcache_driven_transfer.py:1284:lmcache.v1.multiprocess.modules.lmcache_driven_transfer)[0m
[32;20m[2026-09-03 13:03:57,707] LMCache INFO:[0m Stored 8192 tokens in 0.013 seconds [3m(lmcache_driven_transfer.py:1284:lmcache.v1.multiprocess.modules.lmcache_driven_transfer)[0m
[32;20m[2026-09-03 13:03:57,710] LMCache INFO:[0m Stored 8192 tokens in 0.015 seconds [3m(lmcache_driven_transfer.py:1284:lmcache.v1.multiprocess.modules.lmcache_driven_transfer)[0m
[32;20m[2026-09-03 13:03:57,710] LMCache INFO:[0m Stored 8192 tokens in 0.013 seconds [3m(lmcache_driven_transfer.py:1284:lmcache.v1.multiprocess.modules.lmcache_driven_transfer)[0m
[32;20m[2026-09-03 13:03:57,711] LMCache INFO:[0m Stored 8192 tokens in 0.009 seconds [3m(lmcache_driven_transfer.py:1284:lmcache.v1.multiprocess.modules.lmcache_driven_transfer)[0m
[32;20m[2026-09-03 13:03:57,716] LMCache INFO:[0m Stored 8192 tokens in 0.007 seconds [3m(lmcache_driven_transfer.py:1284:lmcache.v1.multiprocess.modules.lmcache_driven_transfer)[0m
[32;20m[2026-09-03 13:03:57,727] LMCache INFO:[0m Stored 8192 tokens in 0.002 seconds [3m(lmcache_driven_transfer.py:1284:lmcache.v1.multiprocess.modules.lmcache_driven_transfer)[0m
[32;20m[2026-09-03 13:03:57,735] LMCache INFO:[0m Stored 8192 tokens in 0.002 seconds [3m(lmcache_driven_transfer.py:1284:lmcache.v1.multiprocess.modules.lmcache_driven_transfer)[0m
[32;20m[2026-09-03 13:03:57,799] LMCache INFO:[0m Stored 8192 tokens in 0.011 seconds [3m(lmcache_driven_transfer.py:1284:lmcache.v1.multiprocess.modules.lmcache_driven_transfer)[0m
[32;20m[2026-09-03 13:03:57,803] LMCache INFO:[0m Stored 8192 tokens in 0.012 seconds [3m(lmcache_driven_transfer.py:1284:lmcache.v1.multiprocess.modules.lmcache_driven_transfer)[0m
[32;20m[2026-09-03 13:03:57,803] LMCache INFO:[0m Stored 8192 tokens in 0.012 seconds [3m(lmcache_driven_transfer.py:1284:lmcache.v1.multiprocess.modules.lmcache_driven_transfer)[0m
[32;20m[2026-09-03 13:03:57,805] LMCache INFO:[0m Stored 8192 tokens in 0.019 seconds [3m(lmcache_driven_transfer.py:1284:lmcache.v1.multiprocess.modules.lmcache_driven_transfer)[0m
[32;20m[2026-09-03 13:03:57,806] LMCache INFO:[0m Stored 8192 tokens in 0.008 seconds [3m(lmcache_driven_transfer.py:1284:lmcache.v1.multiprocess.modules.lmcache_driven_transfer)[0m
[32;20m[2026-09-03 13:03:57,807] LMCache INFO:[0m Stored 8192 tokens in 0.006 seconds [3m(lmcache_driven_transfer.py:1284:lmcache.v1.multiprocess.modules.lmcache_driven_transfer)[0m
[32;20m[2026-09-03 13:03:57,824] LMCache INFO:[0m Stored 8192 tokens in 0.007 seconds [3m(lmcache_driven_transfer.py:1284:lmcache.v1.multiprocess.modules.lmcache_driven_transfer)[0m
[32;20m[2026-09-03 13:03:57,827] LMCache INFO:[0m Stored 8192 tokens in 0.004 seconds [3m(lmcache_driven_transfer.py:1284:lmcache.v1.multiprocess.modules.lmcache_driven_transfer)[0m
[32;20m[2026-09-03 13:03:57,890] LMCache INFO:[0m Stored 8192 tokens in 0.002 seconds [3m(lmcache_driven_transfer.py:1284:lmcache.v1.multiprocess.modules.lmcache_driven_transfer)[0m
[32;20m[2026-09-03 13:03:57,902] LMCache INFO:[0m Stored 8192 tokens in 0.011 seconds [3m(lmcache_driven_transfer.py:1284:lmcache.v1.multiprocess.modules.lmcache_driven_transfer)[0m
[32;20m[2026-09-03 13:03:57,903] LMCache INFO:[0m Stored 8192 tokens in 0.010 seconds [3m(lmcache_driven_transfer.py:1284:lmcache.v1.multiprocess.modules.lmcache_driven_transfer)[0m
[32;20m[2026-09-03 13:03:57,904] LMCache INFO:[0m Stored 8192 tokens in 0.007 seconds [3m(lmcache_driven_transfer.py:1284:lmcache.v1.multiprocess.modules.lmcache_driven_transfer)[0m
[32;20m[2026-09-03 13:03:57,904] LMCache INFO:[0m Stored 8192 tokens in 0.009 seconds [3m(lmcache_driven_transfer.py:1284:lmcache.v1.multiprocess.modules.lmcache_driven_transfer)[0m
[32;20m[2026-09-03 13:03:57,925] LMCache INFO:[0m Stored 8192 tokens in 0.007 seconds [3m(lmcache_driven_transfer.py:1284:lmcache.v1.multiprocess.modules.lmcache_driven_transfer)[0m
[32;20m[2026-09-03 13:03:57,926] LMCache INFO:[0m Stored 8192 tokens in 0.005 seconds [3m(lmcache_driven_transfer.py:1284:lmcache.v1.multiprocess.modules.lmcache_driven_transfer)[0m
[32;20m[2026-09-03 13:03:57,927] LMCache INFO:[0m Stored 8192 tokens in 0.007 seconds [3m(lmcache_driven_transfer.py:1284:lmcache.v1.multiprocess.modules.lmcache_driven_transfer)[0m
[32;20m[2026-09-03 13:03:57,982] LMCache INFO:[0m Stored 8192 tokens in 0.002 seconds [3m(lmcache_driven_transfer.py:1284:lmcache.v1.multiprocess.modules.lmcache_driven_transfer)[0m
[32;20m[2026-09-03 13:03:58,001] LMCache INFO:[0m Stored 8192 tokens in 0.008 seconds [3m(lmcache_driven_transfer.py:1284:lmcache.v1.multiprocess.modules.lmcache_driven_transfer)[0m
[32;20m[2026-09-03 13:03:58,002] LMCache INFO:[0m Stored 8192 tokens in 0.008 seconds [3m(lmcache_driven_transfer.py:1284:lmcache.v1.multiprocess.modules.lmcache_driven_transfer)[0m
[32;20m[2026-09-03 13:03:58,003] LMCache INFO:[0m Stored 8192 tokens in 0.012 seconds [3m(lmcache_driven_transfer.py:1284:lmcache.v1.multiprocess.modules.lmcache_driven_transfer)[0m
[32;20m[2026-09-03 13:03:58,003] LMCache INFO:[0m Stored 8192 tokens in 0.007 seconds [3m(lmcache_driven_transfer.py:1284:lmcache.v1.multiprocess.modules.lmcache_driven_transfer)[0m
[32;20m[2026-09-03 13:03:58,012] LMCache INFO:[0m Stored 8192 tokens in 0.007 seconds [3m(lmcache_driven_transfer.py:1284:lmcache.v1.multiprocess.modules.lmcache_driven_transfer)[0m
[32;20m[2026-09-03 13:03:58,013] LMCache INFO:[0m Stored 8192 tokens in 0.006 seconds [3m(lmcache_driven_transfer.py:1284:lmcache.v1.multiprocess.modules.lmcache_driven_transfer)[0m
[32;20m[2026-09-03 13:03:58,014] LMCache INFO:[0m Stored 8192 tokens in 0.003 seconds [3m(lmcache_driven_transfer.py:1284:lmcache.v1.multiprocess.modules.lmcache_driven_transfer)[0m
[32;20m[2026-09-03 13:03:58,072] LMCache INFO:[0m Stored 8192 tokens in 0.002 seconds [3m(lmcache_driven_transfer.py:1284:lmcache.v1.multiprocess.modules.lmcache_driven_transfer)[0m
[32;20m[2026-09-03 13:03:58,090] LMCache INFO:[0m Stored 8192 tokens in 0.012 seconds [3m(lmcache_driven_transfer.py:1284:lmcache.v1.multiprocess.modules.lmcache_driven_transfer)[0m
[32;20m[2026-09-03 13:03:58,093] LMCache INFO:[0m Stored 8192 tokens in 0.009 seconds [3m(lmcache_driven_transfer.py:1284:lmcache.v1.multiprocess.modules.lmcache_driven_transfer)[0m
[32;20m[2026-09-03 13:03:58,094] LMCache INFO:[0m Stored 8192 tokens in 0.006 seconds [3m(lmcache_driven_transfer.py:1284:lmcache.v1.multiprocess.modules.lmcache_driven_transfer)[0m
[32;20m[2026-09-03 13:03:58,094] LMCache INFO:[0m Stored 8192 tokens in 0.008 seconds [3m(lmcache_driven_transfer.py:1284:lmcache.v1.multiprocess.modules.lmcache_driven_transfer)[0m
[32;20m[2026-09-03 13:03:58,112] LMCache INFO:[0m Stored 8192 tokens in 0.008 seconds [3m(lmcache_driven_transfer.py:1284:lmcache.v1.multiprocess.modules.lmcache_driven_transfer)[0m
[32;20m[2026-09-03 13:03:58,112] LMCache INFO:[0m Stored 8192 tokens in 0.005 seconds [3m(lmcache_driven_transfer.py:1284:lmcache.v1.multiprocess.modules.lmcache_driven_transfer)[0m
[32;20m[2026-09-03 13:03:58,113] LMCache INFO:[0m Stored 8192 tokens in 0.007 seconds [3m(lmcache_driven_transfer.py:1284:lmcache.v1.multiprocess.modules.lmcache_driven_transfer)[0m
[32;20m[2026-09-03 13:03:58,155] LMCache INFO:[0m Stored 8192 tokens in 0.009 seconds [3m(lmcache_driven_transfer.py:1284:lmcache.v1.multiprocess.modules.lmcache_driven_transfer)[0m
[32;20m[2026-09-03 13:03:58,156] LMCache INFO:[0m Stored 8192 tokens in 0.012 seconds [3m(lmcache_driven_transfer.py:1284:lmcache.v1.multiprocess.modules.lmcache_driven_transfer)[0m
[32;20m[2026-09-03 13:03:58,157] LMCache INFO:[0m Stored 8192 tokens in 0.009 seconds [3m(lmcache_driven_transfer.py:1284:lmcache.v1.multiprocess.modules.lmcache_driven_transfer)[0m
[32;20m[2026-09-03 13:03:58,158] LMCache INFO:[0m Stored 8192 tokens in 0.007 seconds [3m(lmcache_driven_transfer.py:1284:lmcache.v1.multiprocess.modules.lmcache_driven_transfer)[0m
[32;20m[2026-09-03 13:03:58,162] LMCache INFO:[0m Stored 8192 tokens in 0.002 seconds [3m(lmcache_driven_transfer.py:1284:lmcache.v1.multiprocess.modules.lmcache_driven_transfer)[0m
[32;20m[2026-09-03 13:03:58,202] LMCache INFO:[0m Stored 8192 tokens in 0.007 seconds [3m(lmcache_driven_transfer.py:1284:lmcache.v1.multiprocess.modules.lmcache_driven_transfer)[0m
[32;20m[2026-09-03 13:03:58,204] LMCache INFO:[0m Stored 8192 tokens in 0.005 seconds [3m(lmcache_driven_transfer.py:1284:lmcache.v1.multiprocess.modules.lmcache_driven_transfer)[0m
[32;20m[2026-09-03 13:03:58,205] LMCache INFO:[0m Stored 8192 tokens in 0.007 seconds [3m(lmcache_driven_transfer.py:1284:lmcache.v1.multiprocess.modules.lmcache_driven_transfer)[0m
[32;20m[2026-09-03 13:03:58,245] LMCache INFO:[0m Stored 8192 tokens in 0.011 seconds [3m(lmcache_driven_transfer.py:1284:lmcache.v1.multiprocess.modules.lmcache_driven_transfer)[0m
[32;20m[2026-09-03 13:03:58,246] LMCache INFO:[0m Stored 8192 tokens in 0.010 seconds [3m(lmcache_driven_transfer.py:1284:lmcache.v1.multiprocess.modules.lmcache_driven_transfer)[0m
[32;20m[2026-09-03 13:03:58,248] LMCache INFO:[0m Stored 8192 tokens in 0.010 seconds [3m(lmcache_driven_transfer.py:1284:lmcache.v1.multiprocess.modules.lmcache_driven_transfer)[0m
[32;20m[2026-09-03 13:03:58,248] LMCache INFO:[0m Stored 8192 tokens in 0.009 seconds [3m(lmcache_driven_transfer.py:1284:lmcache.v1.multiprocess.modules.lmcache_driven_transfer)[0m
[32;20m[2026-09-03 13:03:58,252] LMCache INFO:[0m Stored 8192 tokens in 0.002 seconds [3m(lmcache_driven_transfer.py:1284:lmcache.v1.multiprocess.modules.lmcache_driven_transfer)[0m
[32;20m[2026-09-03 13:03:58,292] LMCache INFO:[0m Stored 8192 tokens in 0.008 seconds [3m(lmcache_driven_transfer.py:1284:lmcache.v1.multiprocess.modules.lmcache_driven_transfer)[0m
[32;20m[2026-09-03 13:03:58,293] LMCache INFO:[0m Stored 8192 tokens in 0.007 seconds [3m(lmcache_driven_transfer.py:1284:lmcache.v1.multiprocess.modules.lmcache_driven_transfer)[0m
[32;20m[2026-09-03 13:03:58,294] LMCache INFO:[0m Stored 8192 tokens in 0.004 seconds [3m(lmcache_driven_transfer.py:1284:lmcache.v1.multiprocess.modules.lmcache_driven_transfer)[0m
[32;20m[2026-09-03 13:03:58,336] LMCache INFO:[0m Stored 8192 tokens in 0.007 seconds [3m(lmcache_driven_transfer.py:1284:lmcache.v1.multiprocess.modules.lmcache_driven_transfer)[0m
[32;20m[2026-09-03 13:03:58,336] LMCache INFO:[0m Stored 8192 tokens in 0.012 seconds [3m(lmcache_driven_transfer.py:1284:lmcache.v1.multiprocess.modules.lmcache_driven_transfer)[0m
[32;20m[2026-09-03 13:03:58,337] LMCache INFO:[0m Stored 8192 tokens in 0.010 seconds [3m(lmcache_driven_transfer.py:1284:lmcache.v1.multiprocess.modules.lmcache_driven_transfer)[0m
[32;20m[2026-09-03 13:03:58,339] LMCache INFO:[0m Stored 8192 tokens in 0.008 seconds [3m(lmcache_driven_transfer.py:1284:lmcache.v1.multiprocess.modules.lmcache_driven_transfer)[0m
[32;20m[2026-09-03 13:03:58,343] LMCache INFO:[0m Stored 8192 tokens in 0.003 seconds [3m(lmcache_driven_transfer.py:1284:lmcache.v1.multiprocess.modules.lmcache_driven_transfer)[0m
[32;20m[2026-09-03 13:03:58,377] LMCache INFO:[0m Stored 8192 tokens in 0.004 seconds [3m(lmcache_driven_transfer.py:1284:lmcache.v1.multiprocess.modules.lmcache_driven_transfer)[0m
[32;20m[2026-09-03 13:03:58,381] LMCache INFO:[0m Stored 8192 tokens in 0.005 seconds [3m(lmcache_driven_transfer.py:1284:lmcache.v1.multiprocess.modules.lmcache_driven_transfer)[0m
[32;20m[2026-09-03 13:03:58,382] LMCache INFO:[0m Stored 8192 tokens in 0.003 seconds [3m(lmcache_driven_transfer.py:1284:lmcache.v1.multiprocess.modules.lmcache_driven_transfer)[0m
[32;20m[2026-09-03 13:03:58,388] LMCache INFO:[0m L1 memory usage 0.94 above watermark 0.80; triggering eviction. [3m(eviction_controller.py:179:lmcache.v1.distributed.storage_controllers.eviction_controller)[0m
[32;20m[2026-09-03 13:03:58,423] LMCache INFO:[0m Stored 8192 tokens in 0.007 seconds [3m(lmcache_driven_transfer.py:1284:lmcache.v1.multiprocess.modules.lmcache_driven_transfer)[0m
[32;20m[2026-09-03 13:03:58,430] LMCache INFO:[0m Stored 8192 tokens in 0.011 seconds [3m(lmcache_driven_transfer.py:1284:lmcache.v1.multiprocess.modules.lmcache_driven_transfer)[0m
[32;20m[2026-09-03 13:03:58,431] LMCache INFO:[0m Stored 8192 tokens in 0.010 seconds [3m(lmcache_driven_transfer.py:1284:lmcache.v1.multiprocess.modules.lmcache_driven_transfer)[0m
[32;20m[2026-09-03 13:03:58,432] LMCache INFO:[0m Stored 8192 tokens in 0.009 seconds [3m(lmcache_driven_transfer.py:1284:lmcache.v1.multiprocess.modules.lmcache_driven_transfer)[0m
[32;20m[2026-09-03 13:03:58,432] LMCache INFO:[0m Stored 8192 tokens in 0.010 seconds [3m(lmcache_driven_transfer.py:1284:lmcache.v1.multiprocess.modules.lmcache_driven_transfer)[0m
[32;20m[2026-09-03 13:03:58,466] LMCache INFO:[0m Stored 8192 tokens in 0.004 seconds [3m(lmcache_driven_transfer.py:1284:lmcache.v1.multiprocess.modules.lmcache_driven_transfer)[0m
[32;20m[2026-09-03 13:03:58,469] LMCache INFO:[0m Stored 8192 tokens in 0.004 seconds [3m(lmcache_driven_transfer.py:1284:lmcache.v1.multiprocess.modules.lmcache_driven_transfer)[0m
[32;20m[2026-09-03 13:03:58,471] LMCache INFO:[0m Stored 8192 tokens in 0.003 seconds [3m(lmcache_driven_transfer.py:1284:lmcache.v1.multiprocess.modules.lmcache_driven_transfer)[0m
[32;20m[2026-09-03 13:03:58,483] LMCache INFO:[0m Stored 8192 tokens in 0.002 seconds [3m(lmcache_driven_transfer.py:1284:lmcache.v1.multiprocess.modules.lmcache_driven_transfer)[0m
[32;20m[2026-09-03 13:03:58,526] LMCache INFO:[0m Stored 8192 tokens in 0.005 seconds [3m(lmcache_driven_transfer.py:1284:lmcache.v1.multiprocess.modules.lmcache_driven_transfer)[0m
[32;20m[2026-09-03 13:03:58,527] LMCache INFO:[0m Stored 8192 tokens in 0.012 seconds [3m(lmcache_driven_transfer.py:1284:lmcache.v1.multiprocess.modules.lmcache_driven_transfer)[0m
[32;20m[2026-09-03 13:03:58,528] LMCache INFO:[0m Stored 8192 tokens in 0.008 seconds [3m(lmcache_driven_transfer.py:1284:lmcache.v1.multiprocess.modules.lmcache_driven_transfer)[0m
[32;20m[2026-09-03 13:03:58,529] LMCache INFO:[0m Stored 8192 tokens in 0.011 seconds [3m(lmcache_driven_transfer.py:1284:lmcache.v1.multiprocess.modules.lmcache_driven_transfer)[0m
[32;20m[2026-09-03 13:03:58,563] LMCache INFO:[0m Stored 8192 tokens in 0.013 seconds [3m(lmcache_driven_transfer.py:1284:lmcache.v1.multiprocess.modules.lmcache_driven_transfer)[0m
[32;20m[2026-09-03 13:03:58,563] LMCache INFO:[0m Stored 8192 tokens in 0.008 seconds [3m(lmcache_driven_transfer.py:1284:lmcache.v1.multiprocess.modules.lmcache_driven_transfer)[0m
[32;20m[2026-09-03 13:03:58,564] LMCache INFO:[0m Stored 8192 tokens in 0.010 seconds [3m(lmcache_driven_transfer.py:1284:lmcache.v1.multiprocess.modules.lmcache_driven_transfer)[0m
[32;20m[2026-09-03 13:03:58,566] LMCache INFO:[0m Stored 8192 tokens in 0.008 seconds [3m(lmcache_driven_transfer.py:1284:lmcache.v1.multiprocess.modules.lmcache_driven_transfer)[0m
[32;20m[2026-09-03 13:03:58,728] LMCache INFO:[0m Stored 8192 tokens in 0.021 seconds [3m(lmcache_driven_transfer.py:1284:lmcache.v1.multiprocess.modules.lmcache_driven_transfer)[0m
[32;20m[2026-09-03 13:03:58,728] LMCache INFO:[0m Stored 8192 tokens in 0.018 seconds [3m(lmcache_driven_transfer.py:1284:lmcache.v1.multiprocess.modules.lmcache_driven_transfer)[0m
[32;20m[2026-09-03 13:03:58,729] LMCache INFO:[0m Stored 8192 tokens in 0.024 seconds [3m(lmcache_driven_transfer.py:1284:lmcache.v1.multiprocess.modules.lmcache_driven_transfer)[0m
[32;20m[2026-09-03 13:03:58,730] LMCache INFO:[0m Stored 8192 tokens in 0.021 seconds [3m(lmcache_driven_transfer.py:1284:lmcache.v1.multiprocess.modules.lmcache_driven_transfer)[0m
[32;20m[2026-09-03 13:03:58,731] LMCache INFO:[0m Stored 8192 tokens in 0.014 seconds [3m(lmcache_driven_transfer.py:1284:lmcache.v1.multiprocess.modules.lmcache_driven_transfer)[0m
[32;20m[2026-09-03 13:03:58,751] LMCache INFO:[0m Stored 8192 tokens in 0.008 seconds [3m(lmcache_driven_transfer.py:1284:lmcache.v1.multiprocess.modules.lmcache_driven_transfer)[0m
[32;20m[2026-09-03 13:03:58,753] LMCache INFO:[0m Stored 8192 tokens in 0.006 seconds [3m(lmcache_driven_transfer.py:1284:lmcache.v1.multiprocess.modules.lmcache_driven_transfer)[0m
[32;20m[2026-09-03 13:03:58,753] LMCache INFO:[0m Stored 8192 tokens in 0.005 seconds [3m(lmcache_driven_transfer.py:1284:lmcache.v1.multiprocess.modules.lmcache_driven_transfer)[0m
[32;20m[2026-09-03 13:03:58,799] LMCache INFO:[0m Stored 8192 tokens in 0.015 seconds [3m(lmcache_driven_transfer.py:1284:lmcache.v1.multiprocess.modules.lmcache_driven_transfer)[0m
[32;20m[2026-09-03 13:03:58,800] LMCache INFO:[0m Stored 8192 tokens in 0.014 seconds [3m(lmcache_driven_transfer.py:1284:lmcache.v1.multiprocess.modules.lmcache_driven_transfer)[0m
[32;20m[2026-09-03 13:03:58,801] LMCache INFO:[0m Stored 8192 tokens in 0.019 seconds [3m(lmcache_driven_transfer.py:1284:lmcache.v1.multiprocess.modules.lmcache_driven_transfer)[0m
[32;20m[2026-09-03 13:03:58,801] LMCache INFO:[0m Stored 8192 tokens in 0.011 seconds [3m(lmcache_driven_transfer.py:1284:lmcache.v1.multiprocess.modules.lmcache_driven_transfer)[0m
[32;20m[2026-09-03 13:03:58,802] LMCache INFO:[0m Stored 8192 tokens in 0.009 seconds [3m(lmcache_driven_transfer.py:1284:lmcache.v1.multiprocess.modules.lmcache_driven_transfer)[0m
[32;20m[2026-09-03 13:03:58,835] LMCache INFO:[0m Stored 8192 tokens in 0.002 seconds [3m(lmcache_driven_transfer.py:1284:lmcache.v1.multiprocess.modules.lmcache_driven_transfer)[0m
[32;20m[2026-09-03 13:03:58,844] LMCache INFO:[0m Stored 8192 tokens in 0.005 seconds [3m(lmcache_driven_transfer.py:1284:lmcache.v1.multiprocess.modules.lmcache_driven_transfer)[0m
[32;20m[2026-09-03 13:03:58,844] LMCache INFO:[0m Stored 8192 tokens in 0.004 seconds [3m(lmcache_driven_transfer.py:1284:lmcache.v1.multiprocess.modules.lmcache_driven_transfer)[0m
[32;20m[2026-09-03 13:03:58,866] LMCache INFO:[0m Stored 8192 tokens in 0.012 seconds [3m(lmcache_driven_transfer.py:1284:lmcache.v1.multiprocess.modules.lmcache_driven_transfer)[0m
[32;20m[2026-09-03 13:03:58,866] LMCache INFO:[0m Stored 8192 tokens in 0.015 seconds [3m(lmcache_driven_transfer.py:1284:lmcache.v1.multiprocess.modules.lmcache_driven_transfer)[0m
[32;20m[2026-09-03 13:03:58,869] LMCache INFO:[0m Stored 8192 tokens in 0.010 seconds [3m(lmcache_driven_transfer.py:1284:lmcache.v1.multiprocess.modules.lmcache_driven_transfer)[0m
[32;20m[2026-09-03 13:03:58,870] LMCache INFO:[0m Stored 8192 tokens in 0.012 seconds [3m(lmcache_driven_transfer.py:1284:lmcache.v1.multiprocess.modules.lmcache_driven_transfer)[0m
[32;20m[2026-09-03 13:03:58,870] LMCache INFO:[0m Stored 8192 tokens in 0.014 seconds [3m(lmcache_driven_transfer.py:1284:lmcache.v1.multiprocess.modules.lmcache_driven_transfer)[0m
[32;20m[2026-09-03 13:03:58,924] LMCache INFO:[0m Stored 8192 tokens in 0.002 seconds [3m(lmcache_driven_transfer.py:1284:lmcache.v1.multiprocess.modules.lmcache_driven_transfer)[0m
[32;20m[2026-09-03 13:03:58,949] LMCache INFO:[0m Stored 8192 tokens in 0.021 seconds [3m(lmcache_driven_transfer.py:1284:lmcache.v1.multiprocess.modules.lmcache_driven_transfer)[0m
[32;20m[2026-09-03 13:03:58,954] LMCache INFO:[0m Stored 8192 tokens in 0.024 seconds [3m(lmcache_driven_transfer.py:1284:lmcache.v1.multiprocess.modules.lmcache_driven_transfer)[0m
[32;20m[2026-09-03 13:03:58,955] LMCache INFO:[0m Stored 8192 tokens in 0.018 seconds [3m(lmcache_driven_transfer.py:1284:lmcache.v1.multiprocess.modules.lmcache_driven_transfer)[0m
[32;20m[2026-09-03 13:03:58,956] LMCache INFO:[0m Stored 8192 tokens in 0.015 seconds [3m(lmcache_driven_transfer.py:1284:lmcache.v1.multiprocess.modules.lmcache_driven_transfer)[0m
[32;20m[2026-09-03 13:03:58,957] LMCache INFO:[0m Stored 8192 tokens in 0.022 seconds [3m(lmcache_driven_transfer.py:1284:lmcache.v1.multiprocess.modules.lmcache_driven_transfer)[0m
[32;20m[2026-09-03 13:03:58,958] LMCache INFO:[0m Stored 8192 tokens in 0.016 seconds [3m(lmcache_driven_transfer.py:1284:lmcache.v1.multiprocess.modules.lmcache_driven_transfer)[0m
[32;20m[2026-09-03 13:03:58,958] LMCache INFO:[0m Stored 8192 tokens in 0.024 seconds [3m(lmcache_driven_transfer.py:1284:lmcache.v1.multiprocess.modules.lmcache_driven_transfer)[0m
[32;20m[2026-09-03 13:03:59,013] LMCache INFO:[0m Stored 8192 tokens in 0.002 seconds [3m(lmcache_driven_transfer.py:1284:lmcache.v1.multiprocess.modules.lmcache_driven_transfer)[0m
[32;20m[2026-09-03 13:03:59,037] LMCache INFO:[0m Stored 8192 tokens in 0.017 seconds [3m(lmcache_driven_transfer.py:1284:lmcache.v1.multiprocess.modules.lmcache_driven_transfer)[0m
[32;20m[2026-09-03 13:03:59,038] LMCache INFO:[0m Stored 8192 tokens in 0.016 seconds [3m(lmcache_driven_transfer.py:1284:lmcache.v1.multiprocess.modules.lmcache_driven_transfer)[0m
[32;20m[2026-09-03 13:03:59,042] LMCache INFO:[0m Stored 8192 tokens in 0.018 seconds [3m(lmcache_driven_transfer.py:1284:lmcache.v1.multiprocess.modules.lmcache_driven_transfer)[0m
[32;20m[2026-09-03 13:03:59,042] LMCache INFO:[0m Stored 8192 tokens in 0.016 seconds [3m(lmcache_driven_transfer.py:1284:lmcache.v1.multiprocess.modules.lmcache_driven_transfer)[0m
[32;20m[2026-09-03 13:03:59,043] LMCache INFO:[0m Stored 8192 tokens in 0.024 seconds [3m(lmcache_driven_transfer.py:1284:lmcache.v1.multiprocess.modules.lmcache_driven_transfer)[0m
[32;20m[2026-09-03 13:03:59,045] LMCache INFO:[0m Stored 8192 tokens in 0.017 seconds [3m(lmcache_driven_transfer.py:1284:lmcache.v1.multiprocess.modules.lmcache_driven_transfer)[0m
[32;20m[2026-09-03 13:03:59,045] LMCache INFO:[0m Stored 8192 tokens in 0.014 seconds [3m(lmcache_driven_transfer.py:1284:lmcache.v1.multiprocess.modules.lmcache_driven_transfer)[0m
[32;20m[2026-09-03 13:03:59,102] LMCache INFO:[0m Stored 8192 tokens in 0.002 seconds [3m(lmcache_driven_transfer.py:1284:lmcache.v1.multiprocess.modules.lmcache_driven_transfer)[0m
[32;20m[2026-09-03 13:03:59,109] LMCache INFO:[0m Stored 8192 tokens in 0.002 seconds [3m(lmcache_driven_transfer.py:1284:lmcache.v1.multiprocess.modules.lmcache_driven_transfer)[0m
[32;20m[2026-09-03 13:03:59,114] LMCache INFO:[0m Stored 8192 tokens in 0.003 seconds [3m(lmcache_driven_transfer.py:1284:lmcache.v1.multiprocess.modules.lmcache_driven_transfer)[0m
[32;20m[2026-09-03 13:03:59,129] LMCache INFO:[0m Stored 8192 tokens in 0.014 seconds [3m(lmcache_driven_transfer.py:1284:lmcache.v1.multiprocess.modules.lmcache_driven_transfer)[0m
[32;20m[2026-09-03 13:03:59,130] LMCache INFO:[0m Stored 8192 tokens in 0.014 seconds [3m(lmcache_driven_transfer.py:1284:lmcache.v1.multiprocess.modules.lmcache_driven_transfer)[0m
[32;20m[2026-09-03 13:03:59,131] LMCache INFO:[0m Stored 8192 tokens in 0.013 seconds [3m(lmcache_driven_transfer.py:1284:lmcache.v1.multiprocess.modules.lmcache_driven_transfer)[0m
[32;20m[2026-09-03 13:03:59,131] LMCache INFO:[0m Stored 8192 tokens in 0.013 seconds [3m(lmcache_driven_transfer.py:1284:lmcache.v1.multiprocess.modules.lmcache_driven_transfer)[0m
[32;20m[2026-09-03 13:03:59,133] LMCache INFO:[0m Stored 8192 tokens in 0.013 seconds [3m(lmcache_driven_transfer.py:1284:lmcache.v1.multiprocess.modules.lmcache_driven_transfer)[0m
[32;20m[2026-09-03 13:03:59,193] LMCache INFO:[0m Stored 8192 tokens in 0.002 seconds [3m(lmcache_driven_transfer.py:1284:lmcache.v1.multiprocess.modules.lmcache_driven_transfer)[0m
[32;20m[2026-09-03 13:03:59,202] LMCache INFO:[0m Stored 8192 tokens in 0.004 seconds [3m(lmcache_driven_transfer.py:1284:lmcache.v1.multiprocess.modules.lmcache_driven_transfer)[0m
[32;20m[2026-09-03 13:03:59,204] LMCache INFO:[0m Stored 8192 tokens in 0.003 seconds [3m(lmcache_driven_transfer.py:1284:lmcache.v1.multiprocess.modules.lmcache_driven_transfer)[0m
[32;20m[2026-09-03 13:03:59,236] LMCache INFO:[0m Stored 8192 tokens in 0.018 seconds [3m(lmcache_driven_transfer.py:1284:lmcache.v1.multiprocess.modules.lmcache_driven_transfer)[0m
[32;20m[2026-09-03 13:03:59,237] LMCache INFO:[0m Stored 8192 tokens in 0.016 seconds [3m(lmcache_driven_transfer.py:1284:lmcache.v1.multiprocess.modules.lmcache_driven_transfer)[0m
[32;20m[2026-09-03 13:03:59,241] LMCache INFO:[0m Stored 8192 tokens in 0.013 seconds [3m(lmcache_driven_transfer.py:1284:lmcache.v1.multiprocess.modules.lmcache_driven_transfer)[0m
[32;20m[2026-09-03 13:03:59,242] LMCache INFO:[0m Stored 8192 tokens in 0.020 seconds [3m(lmcache_driven_transfer.py:1284:lmcache.v1.multiprocess.modules.lmcache_driven_transfer)[0m
[32;20m[2026-09-03 13:03:59,243] LMCache INFO:[0m Stored 8192 tokens in 0.012 seconds [3m(lmcache_driven_transfer.py:1284:lmcache.v1.multiprocess.modules.lmcache_driven_transfer)[0m
[32;20m[2026-09-03 13:03:59,285] LMCache INFO:[0m Stored 8192 tokens in 0.002 seconds [3m(lmcache_driven_transfer.py:1284:lmcache.v1.multiprocess.modules.lmcache_driven_transfer)[0m
[32;20m[2026-09-03 13:03:59,294] LMCache INFO:[0m Stored 8192 tokens in 0.002 seconds [3m(lmcache_driven_transfer.py:1284:lmcache.v1.multiprocess.modules.lmcache_driven_transfer)[0m
[32;20m[2026-09-03 13:03:59,298] LMCache INFO:[0m Stored 8192 tokens in 0.002 seconds [3m(lmcache_driven_transfer.py:1284:lmcache.v1.multiprocess.modules.lmcache_driven_transfer)[0m
[32;20m[2026-09-03 13:03:59,323] LMCache INFO:[0m Stored 8192 tokens in 0.014 seconds [3m(lmcache_driven_transfer.py:1284:lmcache.v1.multiprocess.modules.lmcache_driven_transfer)[0m
[32;20m[2026-09-03 13:03:59,325] LMCache INFO:[0m Stored 8192 tokens in 0.013 seconds [3m(lmcache_driven_transfer.py:1284:lmcache.v1.multiprocess.modules.lmcache_driven_transfer)[0m
[32;20m[2026-09-03 13:03:59,325] LMCache INFO:[0m Stored 8192 tokens in 0.013 seconds [3m(lmcache_driven_transfer.py:1284:lmcache.v1.multiprocess.modules.lmcache_driven_transfer)[0m
[32;20m[2026-09-03 13:03:59,326] LMCache INFO:[0m Stored 8192 tokens in 0.010 seconds [3m(lmcache_driven_transfer.py:1284:lmcache.v1.multiprocess.modules.lmcache_driven_transfer)[0m
[32;20m[2026-09-03 13:03:59,326] LMCache INFO:[0m Stored 8192 tokens in 0.013 seconds [3m(lmcache_driven_transfer.py:1284:lmcache.v1.multiprocess.modules.lmcache_driven_transfer)[0m
[32;20m[2026-09-03 13:03:59,374] LMCache INFO:[0m Stored 8192 tokens in 0.002 seconds [3m(lmcache_driven_transfer.py:1284:lmcache.v1.multiprocess.modules.lmcache_driven_transfer)[0m
[32;20m[2026-09-03 13:03:59,386] LMCache INFO:[0m Stored 8192 tokens in 0.004 seconds [3m(lmcache_driven_transfer.py:1284:lmcache.v1.multiprocess.modules.lmcache_driven_transfer)[0m
[32;20m[2026-09-03 13:03:59,388] LMCache INFO:[0m Stored 8192 tokens in 0.003 seconds [3m(lmcache_driven_transfer.py:1284:lmcache.v1.multiprocess.modules.lmcache_driven_transfer)[0m
[32;20m[2026-09-03 13:03:59,392] LMCache INFO:[0m L1 memory usage 0.93 above watermark 0.80; triggering eviction. [3m(eviction_controller.py:179:lmcache.v1.distributed.storage_controllers.eviction_controller)[0m
[32;20m[2026-09-03 13:03:59,413] LMCache INFO:[0m Stored 8192 tokens in 0.021 seconds [3m(lmcache_driven_transfer.py:1284:lmcache.v1.multiprocess.modules.lmcache_driven_transfer)[0m
[32;20m[2026-09-03 13:03:59,414] LMCache INFO:[0m Stored 8192 tokens in 0.008 seconds [3m(lmcache_driven_transfer.py:1284:lmcache.v1.multiprocess.modules.lmcache_driven_transfer)[0m
[32;20m[2026-09-03 13:03:59,415] LMCache INFO:[0m Stored 8192 tokens in 0.017 seconds [3m(lmcache_driven_transfer.py:1284:lmcache.v1.multiprocess.modules.lmcache_driven_transfer)[0m
[32;20m[2026-09-03 13:03:59,415] LMCache INFO:[0m Stored 8192 tokens in 0.012 seconds [3m(lmcache_driven_transfer.py:1284:lmcache.v1.multiprocess.modules.lmcache_driven_transfer)[0m
[32;20m[2026-09-03 13:03:59,416] LMCache INFO:[0m Stored 8192 tokens in 0.015 seconds [3m(lmcache_driven_transfer.py:1284:lmcache.v1.multiprocess.modules.lmcache_driven_transfer)[0m
[32;20m[2026-09-03 13:03:59,484] LMCache INFO:[0m Stored 8192 tokens in 0.022 seconds [3m(lmcache_driven_transfer.py:1284:lmcache.v1.multiprocess.modules.lmcache_driven_transfer)[0m
[32;20m[2026-09-03 13:03:59,487] LMCache INFO:[0m Stored 8192 tokens in 0.023 seconds [3m(lmcache_driven_transfer.py:1284:lmcache.v1.multiprocess.modules.lmcache_driven_transfer)[0m
[32;20m[2026-09-03 13:03:59,487] LMCache INFO:[0m Stored 8192 tokens in 0.020 seconds [3m(lmcache_driven_transfer.py:1284:lmcache.v1.multiprocess.modules.lmcache_driven_transfer)[0m
[32;20m[2026-09-03 13:03:59,488] LMCache INFO:[0m Stored 8192 tokens in 0.027 seconds [3m(lmcache_driven_transfer.py:1284:lmcache.v1.multiprocess.modules.lmcache_driven_transfer)[0m
[32;20m[2026-09-03 13:03:59,489] LMCache INFO:[0m Stored 8192 tokens in 0.021 seconds [3m(lmcache_driven_transfer.py:1284:lmcache.v1.multiprocess.modules.lmcache_driven_transfer)[0m
[32;20m[2026-09-03 13:03:59,490] LMCache INFO:[0m Stored 8192 tokens in 0.012 seconds [3m(lmcache_driven_transfer.py:1284:lmcache.v1.multiprocess.modules.lmcache_driven_transfer)[0m
[32;20m[2026-09-03 13:03:59,490] LMCache INFO:[0m Stored 8192 tokens in 0.017 seconds [3m(lmcache_driven_transfer.py:1284:lmcache.v1.multiprocess.modules.lmcache_driven_transfer)[0m
[32;20m[2026-09-03 13:03:59,491] LMCache INFO:[0m Stored 8192 tokens in 0.014 seconds [3m(lmcache_driven_transfer.py:1284:lmcache.v1.multiprocess.modules.lmcache_driven_transfer)[0m
[32;20m[2026-09-03 13:03:59,574] LMCache INFO:[0m Stored 8192 tokens in 0.024 seconds [3m(lmcache_driven_transfer.py:1284:lmcache.v1.multiprocess.modules.lmcache_driven_transfer)[0m
[32;20m[2026-09-03 13:03:59,575] LMCache INFO:[0m Stored 8192 tokens in 0.027 seconds [3m(lmcache_driven_transfer.py:1284:lmcache.v1.multiprocess.modules.lmcache_driven_transfer)[0m
[32;20m[2026-09-03 13:03:59,576] LMCache INFO:[0m Stored 8192 tokens in 0.023 seconds [3m(lmcache_driven_transfer.py:1284:lmcache.v1.multiprocess.modules.lmcache_driven_transfer)[0m
[32;20m[2026-09-03 13:03:59,577] LMCache INFO:[0m Stored 8192 tokens in 0.020 seconds [3m(lmcache_driven_transfer.py:1284:lmcache.v1.multiprocess.modules.lmcache_driven_transfer)[0m
[32;20m[2026-09-03 13:03:59,578] LMCache INFO:[0m Stored 8192 tokens in 0.023 seconds [3m(lmcache_driven_transfer.py:1284:lmcache.v1.multiprocess.modules.lmcache_driven_transfer)[0m
[32;20m[2026-09-03 13:03:59,579] LMCache INFO:[0m Stored 8192 tokens in 0.015 seconds [3m(lmcache_driven_transfer.py:1284:lmcache.v1.multiprocess.modules.lmcache_driven_transfer)[0m
[32;20m[2026-09-03 13:03:59,580] LMCache INFO:[0m Stored 8192 tokens in 0.022 seconds [3m(lmcache_driven_transfer.py:1284:lmcache.v1.multiprocess.modules.lmcache_driven_transfer)[0m
[32;20m[2026-09-03 13:03:59,580] LMCache INFO:[0m Stored 8192 tokens in 0.015 seconds [3m(lmcache_driven_transfer.py:1284:lmcache.v1.multiprocess.modules.lmcache_driven_transfer)[0m
[32;20m[2026-09-03 13:03:59,657] LMCache INFO:[0m Stored 8192 tokens in 0.017 seconds [3m(lmcache_driven_transfer.py:1284:lmcache.v1.multiprocess.modules.lmcache_driven_transfer)[0m
[32;20m[2026-09-03 13:03:59,659] LMCache INFO:[0m Stored 8192 tokens in 0.021 seconds [3m(lmcache_driven_transfer.py:1284:lmcache.v1.multiprocess.modules.lmcache_driven_transfer)[0m
[32;20m[2026-09-03 13:03:59,665] LMCache INFO:[0m Stored 8192 tokens in 0.024 seconds [3m(lmcache_driven_transfer.py:1284:lmcache.v1.multiprocess.modules.lmcache_driven_transfer)[0m
[32;20m[2026-09-03 13:03:59,668] LMCache INFO:[0m Stored 8192 tokens in 0.025 seconds [3m(lmcache_driven_transfer.py:1284:lmcache.v1.multiprocess.modules.lmcache_driven_transfer)[0m
[32;20m[2026-09-03 13:03:59,669] LMCache INFO:[0m Stored 8192 tokens in 0.024 seconds [3m(lmcache_driven_transfer.py:1284:lmcache.v1.multiprocess.modules.lmcache_driven_transfer)[0m
[32;20m[2026-09-03 13:03:59,670] LMCache INFO:[0m Stored 8192 tokens in 0.024 seconds [3m(lmcache_driven_transfer.py:1284:lmcache.v1.multiprocess.modules.lmcache_driven_transfer)[0m
[32;20m[2026-09-03 13:03:59,671] LMCache INFO:[0m Stored 8192 tokens in 0.020 seconds [3m(lmcache_driven_transfer.py:1284:lmcache.v1.multiprocess.modules.lmcache_driven_transfer)[0m
[32;20m[2026-09-03 13:03:59,672] LMCache INFO:[0m Stored 8192 tokens in 0.015 seconds [3m(lmcache_driven_transfer.py:1284:lmcache.v1.multiprocess.modules.lmcache_driven_transfer)[0m
[32;20m[2026-09-03 13:03:59,724] LMCache INFO:[0m Stored 8192 tokens in 0.002 seconds [3m(lmcache_driven_transfer.py:1284:lmcache.v1.multiprocess.modules.lmcache_driven_transfer)[0m
[32;20m[2026-09-03 13:03:59,753] LMCache INFO:[0m Stored 8192 tokens in 0.018 seconds [3m(lmcache_driven_transfer.py:1284:lmcache.v1.multiprocess.modules.lmcache_driven_transfer)[0m
[32;20m[2026-09-03 13:03:59,756] LMCache INFO:[0m Stored 8192 tokens in 0.019 seconds [3m(lmcache_driven_transfer.py:1284:lmcache.v1.multiprocess.modules.lmcache_driven_transfer)[0m
[32;20m[2026-09-03 13:03:59,758] LMCache INFO:[0m Stored 8192 tokens in 0.013 seconds [3m(lmcache_driven_transfer.py:1284:lmcache.v1.multiprocess.modules.lmcache_driven_transfer)[0m
[32;20m[2026-09-03 13:03:59,760] LMCache INFO:[0m Stored 8192 tokens in 0.014 seconds [3m(lmcache_driven_transfer.py:1284:lmcache.v1.multiprocess.modules.lmcache_driven_transfer)[0m
[32;20m[2026-09-03 13:03:59,761] LMCache INFO:[0m Stored 8192 tokens in 0.023 seconds [3m(lmcache_driven_transfer.py:1284:lmcache.v1.multiprocess.modules.lmcache_driven_transfer)[0m
[32;20m[2026-09-03 13:03:59,761] LMCache INFO:[0m Stored 8192 tokens in 0.021 seconds [3m(lmcache_driven_transfer.py:1284:lmcache.v1.multiprocess.modules.lmcache_driven_transfer)[0m
[32;20m[2026-09-03 13:03:59,762] LMCache INFO:[0m Stored 8192 tokens in 0.019 seconds [3m(lmcache_driven_transfer.py:1284:lmcache.v1.multiprocess.modules.lmcache_driven_transfer)[0m
[32;20m[2026-09-03 13:03:59,790] LMCache INFO:[0m Stored 8192 tokens in 0.002 seconds [3m(lmcache_driven_transfer.py:1284:lmcache.v1.multiprocess.modules.lmcache_driven_transfer)[0m
[32;20m[2026-09-03 13:03:59,810] LMCache INFO:[0m Stored 8192 tokens in 0.002 seconds [3m(lmcache_driven_transfer.py:1284:lmcache.v1.multiprocess.modules.lmcache_driven_transfer)[0m
[32;20m[2026-09-03 13:03:59,831] LMCache INFO:[0m Stored 8192 tokens in 0.002 seconds [3m(lmcache_driven_transfer.py:1284:lmcache.v1.multiprocess.modules.lmcache_driven_transfer)[0m
[32;20m[2026-09-03 13:03:59,848] LMCache INFO:[0m Stored 8192 tokens in 0.014 seconds [3m(lmcache_driven_transfer.py:1284:lmcache.v1.multiprocess.modules.lmcache_driven_transfer)[0m
[32;20m[2026-09-03 13:03:59,849] LMCache INFO:[0m Stored 8192 tokens in 0.009 seconds [3m(lmcache_driven_transfer.py:1284:lmcache.v1.multiprocess.modules.lmcache_driven_transfer)[0m
[32;20m[2026-09-03 13:03:59,851] LMCache INFO:[0m Stored 8192 tokens in 0.013 seconds [3m(lmcache_driven_transfer.py:1284:lmcache.v1.multiprocess.modules.lmcache_driven_transfer)[0m
[32;20m[2026-09-03 13:03:59,851] LMCache INFO:[0m Stored 8192 tokens in 0.009 seconds [3m(lmcache_driven_transfer.py:1284:lmcache.v1.multiprocess.modules.lmcache_driven_transfer)[0m
[32;20m[2026-09-03 13:03:59,851] LMCache INFO:[0m Stored 8192 tokens in 0.015 seconds [3m(lmcache_driven_transfer.py:1284:lmcache.v1.multiprocess.modules.lmcache_driven_transfer)[0m
[32;20m[2026-09-03 13:03:59,856] LMCache INFO:[0m Stored 8192 tokens in 0.002 seconds [3m(lmcache_driven_transfer.py:1284:lmcache.v1.multiprocess.modules.lmcache_driven_transfer)[0m
[32;20m[2026-09-03 13:03:59,877] LMCache INFO:[0m Stored 8192 tokens in 0.002 seconds [3m(lmcache_driven_transfer.py:1284:lmcache.v1.multiprocess.modules.lmcache_driven_transfer)[0m
[32;20m[2026-09-03 13:03:59,918] LMCache INFO:[0m Stored 8192 tokens in 0.002 seconds [3m(lmcache_driven_transfer.py:1284:lmcache.v1.multiprocess.modules.lmcache_driven_transfer)[0m
[32;20m[2026-09-03 13:04:00,407] LMCache INFO:[0m L1 memory usage 0.86 above watermark 0.80; triggering eviction. [3m(eviction_controller.py:179:lmcache.v1.distributed.storage_controllers.eviction_controller)[0m
[32;20m[2026-09-03 13:04:00,684] LMCache INFO:[0m Unregistered KV cache for GPU ID 3239912880190242123 [3m(lmcache_driven_transfer.py:1038:lmcache.v1.multiprocess.modules.lmcache_driven_transfer)[0m
[32;20m[2026-09-03 13:04:00,698] LMCache INFO:[0m Unregistered KV cache for GPU ID 200175908205242319 [3m(lmcache_driven_transfer.py:1038:lmcache.v1.multiprocess.modules.lmcache_driven_transfer)[0m
[32;20m[2026-09-03 13:04:00,709] LMCache INFO:[0m Unregistered KV cache for GPU ID 4545769218394226720 [3m(lmcache_driven_transfer.py:1038:lmcache.v1.multiprocess.modules.lmcache_driven_transfer)[0m
[32;20m[2026-09-03 13:04:00,720] LMCache INFO:[0m Unregistered KV cache for GPU ID 1204582691400971303 [3m(lmcache_driven_transfer.py:1038:lmcache.v1.multiprocess.modules.lmcache_driven_transfer)[0m
[32;20m[2026-09-03 13:04:00,731] LMCache INFO:[0m Unregistered KV cache for GPU ID 36073710798608814 [3m(lmcache_driven_transfer.py:1038:lmcache.v1.multiprocess.modules.lmcache_driven_transfer)[0m
[32;20m[2026-09-03 13:04:00,742] LMCache INFO:[0m Unregistered KV cache for GPU ID 3054040642569818438 [3m(lmcache_driven_transfer.py:1038:lmcache.v1.multiprocess.modules.lmcache_driven_transfer)[0m
[32;20m[2026-09-03 13:04:00,753] LMCache INFO:[0m Unregistered KV cache for GPU ID 4357568573483430786 [3m(lmcache_driven_transfer.py:1038:lmcache.v1.multiprocess.modules.lmcache_driven_transfer)[0m
[32;20m[2026-09-03 13:04:00,764] LMCache INFO:[0m Unregistered KV cache for GPU ID 3123496414120383505 [3m(lmcache_driven_transfer.py:1038:lmcache.v1.multiprocess.modules.lmcache_driven_transfer)[0m
INFO:     Shutting down
INFO:     Waiting for application shutdown.
[32;20m[2026-09-03 13:04:00,867] LMCache INFO:[0m Shutting down LMCache HTTP server... [3m(http_server.py:169:lmcache.v1.multiprocess.http_server)[0m
[32;20m[2026-09-03 13:04:00,868] LMCache INFO:[0m Stopping PeriodicThread: lmcache-usage-continuous [3m(periodic_thread.py:267:lmcache.v1.periodic_thread)[0m
[32;20m[2026-09-03 13:04:00,868] LMCache INFO:[0m PeriodicThread lmcache-usage-continuous stopped during init_wait [3m(periodic_thread.py:298:lmcache.v1.periodic_thread)[0m
[32;20m[2026-09-03 13:04:01,267] LMCache INFO:[0m Stopping PeriodicThread: lmcache-usage-l2 [3m(periodic_thread.py:267:lmcache.v1.periodic_thread)[0m
[32;20m[2026-09-03 13:04:01,268] LMCache INFO:[0m PeriodicThread lmcache-usage-l2 stopped during init_wait [3m(periodic_thread.py:298:lmcache.v1.periodic_thread)[0m
[32;20m[2026-09-03 13:04:01,268] LMCache INFO:[0m Stopping PeriodicThread: lmcache-usage-l1 [3m(periodic_thread.py:267:lmcache.v1.periodic_thread)[0m
[32;20m[2026-09-03 13:04:01,269] LMCache INFO:[0m PeriodicThread lmcache-usage-l1 stopped during init_wait [3m(periodic_thread.py:298:lmcache.v1.periodic_thread)[0m
[32;20m[2026-09-03 13:04:01,770] LMCache INFO:[0m Stopping PeriodicThread: lmcache-mp-worker-reaper [3m(periodic_thread.py:267:lmcache.v1.periodic_thread)[0m
[32;20m[2026-09-03 13:04:01,771] LMCache INFO:[0m PeriodicThread lmcache-mp-worker-reaper loop stopped [3m(periodic_thread.py:371:lmcache.v1.periodic_thread)[0m
[32;20m[2026-09-03 13:04:01,772] LMCache INFO:[0m Stopping PeriodicThread: DeviceHostFuncDispatcher [3m(periodic_thread.py:267:lmcache.v1.periodic_thread)[0m
[32;20m[2026-09-03 13:04:01,772] LMCache INFO:[0m PeriodicThread DeviceHostFuncDispatcher loop stopped [3m(periodic_thread.py:371:lmcache.v1.periodic_thread)[0m
[32;20m[2026-09-03 13:04:01,772] LMCache INFO:[0m Stopping PeriodicThread: SessionManager-cleanup-thread-7fb56821b320 [3m(periodic_thread.py:267:lmcache.v1.periodic_thread)[0m
[32;20m[2026-09-03 13:04:01,773] LMCache INFO:[0m PeriodicThread SessionManager-cleanup-thread-7fb56821b320 loop stopped [3m(periodic_thread.py:371:lmcache.v1.periodic_thread)[0m
[32;20m[2026-09-03 13:04:05,354] LMCache INFO:[0m MPCacheServer closed [3m(server.py:127:lmcache.v1.multiprocess.server)[0m
[32;20m[2026-09-03 13:04:05,354] LMCache INFO:[0m LMCache HTTP server stopped [3m(http_server.py:187:lmcache.v1.multiprocess.http_server)[0m
INFO:     Application shutdown complete.
INFO:     Finished server process [3357485]
